#
# A fatal error has been detected by the Java Runtime Environment:
#
#  SIGILL (0x4) at pc=0x00007ff80f841749, pid=11982, tid=259
#
# JRE version: OpenJDK Runtime Environment Temurin-21.0.7+6 (21.0.7+6) (build 21.0.7+6-LTS)
# Java VM: OpenJDK 64-Bit Server VM Temurin-21.0.7+6 (21.0.7+6-LTS, mixed mode, sharing, tiered, compressed oops, compressed class ptrs, g1 gc, bsd-amd64)
# Problematic frame:
# C  [CoreFoundation+0x1db749]  _CFRunLoopRunSpecificWithOptions.cold.2+0xe
#
# No core dump will be written. Core dumps have been disabled. To enable core dumping, try "ulimit -c unlimited" before starting Java again
#
# If you would like to submit a bug report, please visit:
#   https://github.com/adoptium/adoptium-support/issues
# The crash happened outside the Java Virtual Machine in native code.
# See problematic frame for where to report the bug.
#

---------------  S U M M A R Y ------------

Command Line: -Dfile.encoding=UTF-8 -Dstdout.encoding=UTF-8 -Dstderr.encoding=UTF-8 -XX:+ShowCodeDetailsInExceptionMessages control.Main

Host: "Mac14,2" x86_64 (EMULATED) 2400 MHz, 8 cores, 8G, Darwin 25.0.0, macOS 26.0 (25A354)
Time: Wed Feb 18 10:40:32 2026 MST elapsed time: 21.176563 seconds (0d 0h 0m 21s)

---------------  T H R E A D  ---------------

Current thread (0x00007f9fdb0cae00):  JavaThread "AppKit Thread" daemon [_thread_in_native, id=259, stack(0x0000000308fd8000,0x00000003097d8000) (8192K)]

Stack: [0x0000000308fd8000,0x00000003097d8000],  sp=0x0000000309667ef8,  free space=6719k
Native frames: (J=compiled Java code, j=interpreted, Vv=VM code, C=native code)
C  [CoreFoundation+0x1db749]  _CFRunLoopRunSpecificWithOptions.cold.2+0xe
C  [Foundation+0xacf376]  -[NSRunLoop(NSRunLoop) runMode:beforeDate:]+0xd8
C  [libawt_lwawt.dylib+0x714ef]  Java_sun_lwawt_macosx_LWCToolkit_doAWTRunLoopImpl+0x14f
J 2945  sun.lwawt.macosx.LWCToolkit.doAWTRunLoopImpl(JZZ)V java.desktop@21.0.7 (0 bytes) @ 0x000000011a80d4f3 [0x000000011a80d420+0x00000000000000d3]
J 3046 c1 sun.lwawt.macosx.LWCToolkit.invokeAndWait(Ljava/lang/Runnable;Ljava/awt/Component;)V java.desktop@21.0.7 (59 bytes) @ 0x00000001130723ec [0x0000000113071960+0x0000000000000a8c]
J 3084 c1 sun.lwawt.macosx.CAccessibility.invokeAndWait(Ljava/util/concurrent/Callable;Ljava/awt/Component;)Ljava/lang/Object; java.desktop@21.0.7 (7 bytes) @ 0x000000011308e85c [0x000000011308e640+0x000000000000021c]
j  sun.lwawt.macosx.CAccessibility.getFocusOwner(Ljava/awt/Component;)Ljavax/accessibility/Accessible;+8 java.desktop@21.0.7
v  ~StubRoutines::call_stub 0x0000000119fd2cc4
V  [libjvm.dylib+0x57c807]  JavaCalls::call_helper(JavaValue*, methodHandle const&, JavaCallArguments*, JavaThread*)+0x2d7
V  [libjvm.dylib+0x5ef528]  jni_invoke_static(JNIEnv_*, JavaValue*, _jobject*, JNICallType, _jmethodID*, JNI_ArgumentPusher*, JavaThread*)+0x178
V  [libjvm.dylib+0x5efec7]  jni_CallStaticObjectMethod+0x177
C  [libawt_lwawt.dylib+0x50b94]  -[CommonComponentAccessibility accessibilityFocusedUIElement]+0x284
C  [libawt_lwawt.dylib+0xb269]  -[AWTView accessibilityFocusedUIElement]+0x99
C  [AppKit+0xe11ae8]  -[NSWindow(NSWindowAccessibility) accessibilityFocusedUIElement]+0x69
C  [libawt_lwawt.dylib+0x6236e]  +[JavaComponentAccessibility postFocusChanged:]+0x5e
C  [Foundation+0x3989b]  __NSThreadPerformPerform+0xb2
C  [CoreFoundation+0x5f50b]  __CFRUNLOOP_IS_CALLING_OUT_TO_A_SOURCE0_PERFORM_FUNCTION__+0x11
C  [CoreFoundation+0x5f4ad]  __CFRunLoopDoSource0+0x9d
C  [CoreFoundation+0x5f26c]  __CFRunLoopDoSources0+0xcb
C  [CoreFoundation+0x5df80]  __CFRunLoopRun+0x394
C  [CoreFoundation+0x1135de]  _CFRunLoopRunSpecificWithOptions+0x1f0
C  [Foundation+0xacf376]  -[NSRunLoop(NSRunLoop) runMode:beforeDate:]+0xd8
C  [libawt_lwawt.dylib+0x714ef]  Java_sun_lwawt_macosx_LWCToolkit_doAWTRunLoopImpl+0x14f
J 2945  sun.lwawt.macosx.LWCToolkit.doAWTRunLoopImpl(JZZ)V java.desktop@21.0.7 (0 bytes) @ 0x000000011a80d4f3 [0x000000011a80d420+0x00000000000000d3]
J 3046 c1 sun.lwawt.macosx.LWCToolkit.invokeAndWait(Ljava/lang/Runnable;Ljava/awt/Component;)V java.desktop@21.0.7 (59 bytes) @ 0x00000001130723ec [0x0000000113071960+0x0000000000000a8c]
J 3009 c1 sun.lwawt.macosx.CAccessibility.invokeAndWait(Ljava/util/concurrent/Callable;Ljava/awt/Component;Ljava/lang/Object;)Ljava/lang/Object; java.desktop@21.0.7 (32 bytes) @ 0x000000011305fa2c [0x000000011305f840+0x00000000000001ec]
j  sun.lwawt.macosx.CAccessibility.getAccessibleIndexInParent(Ljavax/accessibility/Accessible;Ljava/awt/Component;)I+19 java.desktop@21.0.7
v  ~StubRoutines::call_stub 0x0000000119fd2cc4
V  [libjvm.dylib+0x57c807]  JavaCalls::call_helper(JavaValue*, methodHandle const&, JavaCallArguments*, JavaThread*)+0x2d7
V  [libjvm.dylib+0x5ef528]  jni_invoke_static(JNIEnv_*, JavaValue*, _jobject*, JNICallType, _jmethodID*, JNI_ArgumentPusher*, JavaThread*)+0x178
V  [libjvm.dylib+0x5f0147]  jni_CallStaticIntMethod+0x177
C  [libawt_lwawt.dylib+0x4b291]  +[CommonComponentAccessibility createWithAccessible:withEnv:withView:isCurrent:]+0x271
C  [libawt_lwawt.dylib+0x50c73]  -[CommonComponentAccessibility accessibilityFocusedUIElement]+0x363
C  [libawt_lwawt.dylib+0xb269]  -[AWTView accessibilityFocusedUIElement]+0x99
C  [AppKit+0xe11ae8]  -[NSWindow(NSWindowAccessibility) accessibilityFocusedUIElement]+0x69
C  [libawt_lwawt.dylib+0x6236e]  +[JavaComponentAccessibility postFocusChanged:]+0x5e
C  [Foundation+0x3989b]  __NSThreadPerformPerform+0xb2
C  [CoreFoundation+0x5f50b]  __CFRUNLOOP_IS_CALLING_OUT_TO_A_SOURCE0_PERFORM_FUNCTION__+0x11
C  [CoreFoundation+0x5f4ad]  __CFRunLoopDoSource0+0x9d
C  [CoreFoundation+0x5f26c]  __CFRunLoopDoSources0+0xcb
C  [CoreFoundation+0x5df80]  __CFRunLoopRun+0x394
C  [CoreFoundation+0x1135de]  _CFRunLoopRunSpecificWithOptions+0x1f0
C  [Foundation+0xacf376]  -[NSRunLoop(NSRunLoop) runMode:beforeDate:]+0xd8
C  [libawt_lwawt.dylib+0x714ef]  Java_sun_lwawt_macosx_LWCToolkit_doAWTRunLoopImpl+0x14f
J 2945  sun.lwawt.macosx.LWCToolkit.doAWTRunLoopImpl(JZZ)V java.desktop@21.0.7 (0 bytes) @ 0x000000011a80d4f3 [0x000000011a80d420+0x00000000000000d3]
J 3046 c1 sun.lwawt.macosx.LWCToolkit.invokeAndWait(Ljava/lang/Runnable;Ljava/awt/Component;)V java.desktop@21.0.7 (59 bytes) @ 0x00000001130723ec [0x0000000113071960+0x0000000000000a8c]
J 3009 c1 sun.lwawt.macosx.CAccessibility.invokeAndWait(Ljava/util/concurrent/Callable;Ljava/awt/Component;Ljava/lang/Object;)Ljava/lang/Object; java.desktop@21.0.7 (32 bytes) @ 0x000000011305fa2c [0x000000011305f840+0x00000000000001ec]
j  sun.lwawt.macosx.CAccessibility.getAccessibleIndexInParent(Ljavax/accessibility/Accessible;Ljava/awt/Component;)I+19 java.desktop@21.0.7
v  ~StubRoutines::call_stub 0x0000000119fd2cc4
V  [libjvm.dylib+0x57c807]  JavaCalls::call_helper(JavaValue*, methodHandle const&, JavaCallArguments*, JavaThread*)+0x2d7
V  [libjvm.dylib+0x5ef528]  jni_invoke_static(JNIEnv_*, JavaValue*, _jobject*, JNICallType, _jmethodID*, JNI_ArgumentPusher*, JavaThread*)+0x178
V  [libjvm.dylib+0x5f0147]  jni_CallStaticIntMethod+0x177
C  [libawt_lwawt.dylib+0x4b291]  +[CommonComponentAccessibility createWithAccessible:withEnv:withView:isCurrent:]+0x271
C  [libawt_lwawt.dylib+0x50c73]  -[CommonComponentAccessibility accessibilityFocusedUIElement]+0x363
C  [libawt_lwawt.dylib+0xb269]  -[AWTView accessibilityFocusedUIElement]+0x99
C  [AppKit+0xe11ae8]  -[NSWindow(NSWindowAccessibility) accessibilityFocusedUIElement]+0x69
C  [libawt_lwawt.dylib+0x6236e]  +[JavaComponentAccessibility postFocusChanged:]+0x5e
C  [Foundation+0x3989b]  __NSThreadPerformPerform+0xb2
C  [CoreFoundation+0x5f50b]  __CFRUNLOOP_IS_CALLING_OUT_TO_A_SOURCE0_PERFORM_FUNCTION__+0x11
C  [CoreFoundation+0x5f4ad]  __CFRunLoopDoSource0+0x9d
C  [CoreFoundation+0x5f26c]  __CFRunLoopDoSources0+0xcb
C  [CoreFoundation+0x5df80]  __CFRunLoopRun+0x394
C  [CoreFoundation+0x1135de]  _CFRunLoopRunSpecificWithOptions+0x1f0
C  [Foundation+0xacf376]  -[NSRunLoop(NSRunLoop) runMode:beforeDate:]+0xd8
C  [libawt_lwawt.dylib+0x714ef]  Java_sun_lwawt_macosx_LWCToolkit_doAWTRunLoopImpl+0x14f
J 2945  sun.lwawt.macosx.LWCToolkit.doAWTRunLoopImpl(JZZ)V java.desktop@21.0.7 (0 bytes) @ 0x000000011a80d4f3 [0x000000011a80d420+0x00000000000000d3]
J 3046 c1 sun.lwawt.macosx.LWCToolkit.invokeAndWait(Ljava/lang/Runnable;Ljava/awt/Component;)V java.desktop@21.0.7 (59 bytes) @ 0x00000001130723ec [0x0000000113071960+0x0000000000000a8c]
J 3009 c1 sun.lwawt.macosx.CAccessibility.invokeAndWait(Ljava/util/concurrent/Callable;Ljava/awt/Component;Ljava/lang/Object;)Ljava/lang/Object; java.desktop@21.0.7 (32 bytes) @ 0x000000011305fa2c [0x000000011305f840+0x00000000000001ec]
j  sun.lwawt.macosx.CAccessibility.getAccessibleIndexInParent(Ljavax/accessibility/Accessible;Ljava/awt/Component;)I+19 java.desktop@21.0.7
v  ~StubRoutines::call_stub 0x0000000119fd2cc4
V  [libjvm.dylib+0x57c807]  JavaCalls::call_helper(JavaValue*, methodHandle const&, JavaCallArguments*, JavaThread*)+0x2d7
V  [libjvm.dylib+0x5ef528]  jni_invoke_static(JNIEnv_*, JavaValue*, _jobject*, JNICallType, _jmethodID*, JNI_ArgumentPusher*, JavaThread*)+0x178
V  [libjvm.dylib+0x5f0147]  jni_CallStaticIntMethod+0x177
C  [libawt_lwawt.dylib+0x4b291]  +[CommonComponentAccessibility createWithAccessible:withEnv:withView:isCurrent:]+0x271
C  [libawt_lwawt.dylib+0x50c73]  -[CommonComponentAccessibility accessibilityFocusedUIElement]+0x363
C  [libawt_lwawt.dylib+0xb269]  -[AWTView accessibilityFocusedUIElement]+0x99
C  [AppKit+0xe11ae8]  -[NSWindow(NSWindowAccessibility) accessibilityFocusedUIElement]+0x69
C  [libawt_lwawt.dylib+0x6236e]  +[JavaComponentAccessibility postFocusChanged:]+0x5e
C  [Foundation+0x3989b]  __NSThreadPerformPerform+0xb2
C  [CoreFoundation+0x5f50b]  __CFRUNLOOP_IS_CALLING_OUT_TO_A_SOURCE0_PERFORM_FUNCTION__+0x11
C  [CoreFoundation+0x5f4ad]  __CFRunLoopDoSource0+0x9d
C  [CoreFoundation+0x5f26c]  __CFRunLoopDoSources0+0xcb
C  [CoreFoundation+0x5df80]  __CFRunLoopRun+0x394
C  [CoreFoundation+0x1135de]  _CFRunLoopRunSpecificWithOptions+0x1f0
C  [Foundation+0xacf376]  -[NSRunLoop(NSRunLoop) runMode:beforeDate:]+0xd8
C  [libawt_lwawt.dylib+0x714ef]  Java_sun_lwawt_macosx_LWCToolkit_doAWTRunLoopImpl+0x14f
J 2945  sun.lwawt.macosx.LWCToolkit.doAWTRunLoopImpl(JZZ)V java.desktop@21.0.7 (0 bytes) @ 0x000000011a80d4f3 [0x000000011a80d420+0x00000000000000d3]
J 3046 c1 sun.lwawt.macosx.LWCToolkit.invokeAndWait(Ljava/lang/Runnable;Ljava/awt/Component;)V java.desktop@21.0.7 (59 bytes) @ 0x00000001130723ec [0x0000000113071960+0x0000000000000a8c]
J 3009 c1 sun.lwawt.macosx.CAccessibility.invokeAndWait(Ljava/util/concurrent/Callable;Ljava/awt/Component;Ljava/lang/Object;)Ljava/lang/Object; java.desktop@21.0.7 (32 bytes) @ 0x000000011305fa2c [0x000000011305f840+0x00000000000001ec]
j  sun.lwawt.macosx.CAccessibility.getAccessibleIndexInParent(Ljavax/accessibility/Accessible;Ljava/awt/Component;)I+19 java.desktop@21.0.7
v  ~StubRoutines::call_stub 0x0000000119fd2cc4
V  [libjvm.dylib+0x57c807]  JavaCalls::call_helper(JavaValue*, methodHandle const&, JavaCallArguments*, JavaThread*)+0x2d7
V  [libjvm.dylib+0x5ef528]  jni_invoke_static(JNIEnv_*, JavaValue*, _jobject*, JNICallType, _jmethodID*, JNI_ArgumentPusher*, JavaThread*)+0x178
V  [libjvm.dylib+0x5f0147]  jni_CallStaticIntMethod+0x177
C  [libawt_lwawt.dylib+0x4b291]  +[CommonComponentAccessibility createWithAccessible:withEnv:withView:isCurrent:]+0x271
C  [libawt_lwawt.dylib+0x50c73]  -[CommonComponentAccessibility accessibilityFocusedUIElement]+0x363
C  [libawt_lwawt.dylib+0xb269]  -[AWTView accessibilityFocusedUIElement]+0x99
C  [AppKit+0xe11ae8]  -[NSWindow(NSWindowAccessibility) accessibilityFocusedUIElement]+0x69
C  [libawt_lwawt.dylib+0x6236e]  +[JavaComponentAccessibility postFocusChanged:]+0x5e
C  [Foundation+0x3989b]  __NSThreadPerformPerform+0xb2
...<more frames>...
Java frames: (J=compiled Java code, j=interpreted, Vv=VM code)
J 2945  sun.lwawt.macosx.LWCToolkit.doAWTRunLoopImpl(JZZ)V java.desktop@21.0.7 (0 bytes) @ 0x000000011a80d47f [0x000000011a80d420+0x000000000000005f]
J 3046 c1 sun.lwawt.macosx.LWCToolkit.invokeAndWait(Ljava/lang/Runnable;Ljava/awt/Component;)V java.desktop@21.0.7 (59 bytes) @ 0x00000001130723ec [0x0000000113071960+0x0000000000000a8c]
J 3084 c1 sun.lwawt.macosx.CAccessibility.invokeAndWait(Ljava/util/concurrent/Callable;Ljava/awt/Component;)Ljava/lang/Object; java.desktop@21.0.7 (7 bytes) @ 0x000000011308e85c [0x000000011308e640+0x000000000000021c]
j  sun.lwawt.macosx.CAccessibility.getFocusOwner(Ljava/awt/Component;)Ljavax/accessibility/Accessible;+8 java.desktop@21.0.7
v  ~StubRoutines::call_stub 0x0000000119fd2cc4
J 2945  sun.lwawt.macosx.LWCToolkit.doAWTRunLoopImpl(JZZ)V java.desktop@21.0.7 (0 bytes) @ 0x000000011a80d47f [0x000000011a80d420+0x000000000000005f]
J 3046 c1 sun.lwawt.macosx.LWCToolkit.invokeAndWait(Ljava/lang/Runnable;Ljava/awt/Component;)V java.desktop@21.0.7 (59 bytes) @ 0x00000001130723ec [0x0000000113071960+0x0000000000000a8c]
J 3009 c1 sun.lwawt.macosx.CAccessibility.invokeAndWait(Ljava/util/concurrent/Callable;Ljava/awt/Component;Ljava/lang/Object;)Ljava/lang/Object; java.desktop@21.0.7 (32 bytes) @ 0x000000011305fa2c [0x000000011305f840+0x00000000000001ec]
j  sun.lwawt.macosx.CAccessibility.getAccessibleIndexInParent(Ljavax/accessibility/Accessible;Ljava/awt/Component;)I+19 java.desktop@21.0.7
v  ~StubRoutines::call_stub 0x0000000119fd2cc4
J 2945  sun.lwawt.macosx.LWCToolkit.doAWTRunLoopImpl(JZZ)V java.desktop@21.0.7 (0 bytes) @ 0x000000011a80d47f [0x000000011a80d420+0x000000000000005f]
J 3046 c1 sun.lwawt.macosx.LWCToolkit.invokeAndWait(Ljava/lang/Runnable;Ljava/awt/Component;)V java.desktop@21.0.7 (59 bytes) @ 0x00000001130723ec [0x0000000113071960+0x0000000000000a8c]
J 3009 c1 sun.lwawt.macosx.CAccessibility.invokeAndWait(Ljava/util/concurrent/Callable;Ljava/awt/Component;Ljava/lang/Object;)Ljava/lang/Object; java.desktop@21.0.7 (32 bytes) @ 0x000000011305fa2c [0x000000011305f840+0x00000000000001ec]
j  sun.lwawt.macosx.CAccessibility.getAccessibleIndexInParent(Ljavax/accessibility/Accessible;Ljava/awt/Component;)I+19 java.desktop@21.0.7
v  ~StubRoutines::call_stub 0x0000000119fd2cc4
J 2945  sun.lwawt.macosx.LWCToolkit.doAWTRunLoopImpl(JZZ)V java.desktop@21.0.7 (0 bytes) @ 0x000000011a80d47f [0x000000011a80d420+0x000000000000005f]
J 3046 c1 sun.lwawt.macosx.LWCToolkit.invokeAndWait(Ljava/lang/Runnable;Ljava/awt/Component;)V java.desktop@21.0.7 (59 bytes) @ 0x00000001130723ec [0x0000000113071960+0x0000000000000a8c]
J 3009 c1 sun.lwawt.macosx.CAccessibility.invokeAndWait(Ljava/util/concurrent/Callable;Ljava/awt/Component;Ljava/lang/Object;)Ljava/lang/Object; java.desktop@21.0.7 (32 bytes) @ 0x000000011305fa2c [0x000000011305f840+0x00000000000001ec]
j  sun.lwawt.macosx.CAccessibility.getAccessibleIndexInParent(Ljavax/accessibility/Accessible;Ljava/awt/Component;)I+19 java.desktop@21.0.7
v  ~StubRoutines::call_stub 0x0000000119fd2cc4
J 2945  sun.lwawt.macosx.LWCToolkit.doAWTRunLoopImpl(JZZ)V java.desktop@21.0.7 (0 bytes) @ 0x000000011a80d47f [0x000000011a80d420+0x000000000000005f]
J 3046 c1 sun.lwawt.macosx.LWCToolkit.invokeAndWait(Ljava/lang/Runnable;Ljava/awt/Component;)V java.desktop@21.0.7 (59 bytes) @ 0x00000001130723ec [0x0000000113071960+0x0000000000000a8c]
J 3009 c1 sun.lwawt.macosx.CAccessibility.invokeAndWait(Ljava/util/concurrent/Callable;Ljava/awt/Component;Ljava/lang/Object;)Ljava/lang/Object; java.desktop@21.0.7 (32 bytes) @ 0x000000011305fa2c [0x000000011305f840+0x00000000000001ec]
j  sun.lwawt.macosx.CAccessibility.getAccessibleIndexInParent(Ljavax/accessibility/Accessible;Ljava/awt/Component;)I+19 java.desktop@21.0.7
v  ~StubRoutines::call_stub 0x0000000119fd2cc4
J 2945  sun.lwawt.macosx.LWCToolkit.doAWTRunLoopImpl(JZZ)V java.desktop@21.0.7 (0 bytes) @ 0x000000011a80d47f [0x000000011a80d420+0x000000000000005f]
J 3046 c1 sun.lwawt.macosx.LWCToolkit.invokeAndWait(Ljava/lang/Runnable;Ljava/awt/Component;)V java.desktop@21.0.7 (59 bytes) @ 0x00000001130723ec [0x0000000113071960+0x0000000000000a8c]
J 3009 c1 sun.lwawt.macosx.CAccessibility.invokeAndWait(Ljava/util/concurrent/Callable;Ljava/awt/Component;Ljava/lang/Object;)Ljava/lang/Object; java.desktop@21.0.7 (32 bytes) @ 0x000000011305fa2c [0x000000011305f840+0x00000000000001ec]
j  sun.lwawt.macosx.CAccessibility.getAccessibleIndexInParent(Ljavax/accessibility/Accessible;Ljava/awt/Component;)I+19 java.desktop@21.0.7
v  ~StubRoutines::call_stub 0x0000000119fd2cc4
J 2945  sun.lwawt.macosx.LWCToolkit.doAWTRunLoopImpl(JZZ)V java.desktop@21.0.7 (0 bytes) @ 0x000000011a80d47f [0x000000011a80d420+0x000000000000005f]
J 3046 c1 sun.lwawt.macosx.LWCToolkit.invokeAndWait(Ljava/lang/Runnable;Ljava/awt/Component;)V java.desktop@21.0.7 (59 bytes) @ 0x00000001130723ec [0x0000000113071960+0x0000000000000a8c]
J 3009 c1 sun.lwawt.macosx.CAccessibility.invokeAndWait(Ljava/util/concurrent/Callable;Ljava/awt/Component;Ljava/lang/Object;)Ljava/lang/Object; java.desktop@21.0.7 (32 bytes) @ 0x000000011305fa2c [0x000000011305f840+0x00000000000001ec]
j  sun.lwawt.macosx.CAccessibility.getAccessibleIndexInParent(Ljavax/accessibility/Accessible;Ljava/awt/Component;)I+19 java.desktop@21.0.7
v  ~StubRoutines::call_stub 0x0000000119fd2cc4
J 2945  sun.lwawt.macosx.LWCToolkit.doAWTRunLoopImpl(JZZ)V java.desktop@21.0.7 (0 bytes) @ 0x000000011a80d47f [0x000000011a80d420+0x000000000000005f]
J 3046 c1 sun.lwawt.macosx.LWCToolkit.invokeAndWait(Ljava/lang/Runnable;Ljava/awt/Component;)V java.desktop@21.0.7 (59 bytes) @ 0x00000001130723ec [0x0000000113071960+0x0000000000000a8c]
J 3009 c1 sun.lwawt.macosx.CAccessibility.invokeAndWait(Ljava/util/concurrent/Callable;Ljava/awt/Component;Ljava/lang/Object;)Ljava/lang/Object; java.desktop@21.0.7 (32 bytes) @ 0x000000011305fa2c [0x000000011305f840+0x00000000000001ec]
j  sun.lwawt.macosx.CAccessibility.getAccessibleIndexInParent(Ljavax/accessibility/Accessible;Ljava/awt/Component;)I+19 java.desktop@21.0.7
v  ~StubRoutines::call_stub 0x0000000119fd2cc4
J 2945  sun.lwawt.macosx.LWCToolkit.doAWTRunLoopImpl(JZZ)V java.desktop@21.0.7 (0 bytes) @ 0x000000011a80d47f [0x000000011a80d420+0x000000000000005f]
J 3046 c1 sun.lwawt.macosx.LWCToolkit.invokeAndWait(Ljava/lang/Runnable;Ljava/awt/Component;)V java.desktop@21.0.7 (59 bytes) @ 0x00000001130723ec [0x0000000113071960+0x0000000000000a8c]
J 3009 c1 sun.lwawt.macosx.CAccessibility.invokeAndWait(Ljava/util/concurrent/Callable;Ljava/awt/Component;Ljava/lang/Object;)Ljava/lang/Object; java.desktop@21.0.7 (32 bytes) @ 0x000000011305fa2c [0x000000011305f840+0x00000000000001ec]
j  sun.lwawt.macosx.CAccessibility.getAccessibleIndexInParent(Ljavax/accessibility/Accessible;Ljava/awt/Component;)I+19 java.desktop@21.0.7
v  ~StubRoutines::call_stub 0x0000000119fd2cc4
J 2945  sun.lwawt.macosx.LWCToolkit.doAWTRunLoopImpl(JZZ)V java.desktop@21.0.7 (0 bytes) @ 0x000000011a80d47f [0x000000011a80d420+0x000000000000005f]
J 3046 c1 sun.lwawt.macosx.LWCToolkit.invokeAndWait(Ljava/lang/Runnable;Ljava/awt/Component;)V java.desktop@21.0.7 (59 bytes) @ 0x00000001130723ec [0x0000000113071960+0x0000000000000a8c]
J 3009 c1 sun.lwawt.macosx.CAccessibility.invokeAndWait(Ljava/util/concurrent/Callable;Ljava/awt/Component;Ljava/lang/Object;)Ljava/lang/Object; java.desktop@21.0.7 (32 bytes) @ 0x000000011305fa2c [0x000000011305f840+0x00000000000001ec]
j  sun.lwawt.macosx.CAccessibility.getAccessibleIndexInParent(Ljavax/accessibility/Accessible;Ljava/awt/Component;)I+19 java.desktop@21.0.7
v  ~StubRoutines::call_stub 0x0000000119fd2cc4
J 2945  sun.lwawt.macosx.LWCToolkit.doAWTRunLoopImpl(JZZ)V java.desktop@21.0.7 (0 bytes) @ 0x000000011a80d47f [0x000000011a80d420+0x000000000000005f]
J 3046 c1 sun.lwawt.macosx.LWCToolkit.invokeAndWait(Ljava/lang/Runnable;Ljava/awt/Component;)V java.desktop@21.0.7 (59 bytes) @ 0x00000001130723ec [0x0000000113071960+0x0000000000000a8c]
J 3009 c1 sun.lwawt.macosx.CAccessibility.invokeAndWait(Ljava/util/concurrent/Callable;Ljava/awt/Component;Ljava/lang/Object;)Ljava/lang/Object; java.desktop@21.0.7 (32 bytes) @ 0x000000011305fa2c [0x000000011305f840+0x00000000000001ec]
j  sun.lwawt.macosx.CAccessibility.getAccessibleIndexInParent(Ljavax/accessibility/Accessible;Ljava/awt/Component;)I+19 java.desktop@21.0.7
v  ~StubRoutines::call_stub 0x0000000119fd2cc4
J 2945  sun.lwawt.macosx.LWCToolkit.doAWTRunLoopImpl(JZZ)V java.desktop@21.0.7 (0 bytes) @ 0x000000011a80d47f [0x000000011a80d420+0x000000000000005f]
J 3046 c1 sun.lwawt.macosx.LWCToolkit.invokeAndWait(Ljava/lang/Runnable;Ljava/awt/Component;)V java.desktop@21.0.7 (59 bytes) @ 0x00000001130723ec [0x0000000113071960+0x0000000000000a8c]
J 3009 c1 sun.lwawt.macosx.CAccessibility.invokeAndWait(Ljava/util/concurrent/Callable;Ljava/awt/Component;Ljava/lang/Object;)Ljava/lang/Object; java.desktop@21.0.7 (32 bytes) @ 0x000000011305fa2c [0x000000011305f840+0x00000000000001ec]
j  sun.lwawt.macosx.CAccessibility.getAccessibleIndexInParent(Ljavax/accessibility/Accessible;Ljava/awt/Component;)I+19 java.desktop@21.0.7
v  ~StubRoutines::call_stub 0x0000000119fd2cc4
J 2945  sun.lwawt.macosx.LWCToolkit.doAWTRunLoopImpl(JZZ)V java.desktop@21.0.7 (0 bytes) @ 0x000000011a80d47f [0x000000011a80d420+0x000000000000005f]
J 3046 c1 sun.lwawt.macosx.LWCToolkit.invokeAndWait(Ljava/lang/Runnable;Ljava/awt/Component;)V java.desktop@21.0.7 (59 bytes) @ 0x00000001130723ec [0x0000000113071960+0x0000000000000a8c]
J 3009 c1 sun.lwawt.macosx.CAccessibility.invokeAndWait(Ljava/util/concurrent/Callable;Ljava/awt/Component;Ljava/lang/Object;)Ljava/lang/Object; java.desktop@21.0.7 (32 bytes) @ 0x000000011305fa2c [0x000000011305f840+0x00000000000001ec]
j  sun.lwawt.macosx.CAccessibility.getAccessibleIndexInParent(Ljavax/accessibility/Accessible;Ljava/awt/Component;)I+19 java.desktop@21.0.7
v  ~StubRoutines::call_stub 0x0000000119fd2cc4
J 2945  sun.lwawt.macosx.LWCToolkit.doAWTRunLoopImpl(JZZ)V java.desktop@21.0.7 (0 bytes) @ 0x000000011a80d47f [0x000000011a80d420+0x000000000000005f]
J 3046 c1 sun.lwawt.macosx.LWCToolkit.invokeAndWait(Ljava/lang/Runnable;Ljava/awt/Component;)V java.desktop@21.0.7 (59 bytes) @ 0x00000001130723ec [0x0000000113071960+0x0000000000000a8c]
J 3009 c1 sun.lwawt.macosx.CAccessibility.invokeAndWait(Ljava/util/concurrent/Callable;Ljava/awt/Component;Ljava/lang/Object;)Ljava/lang/Object; java.desktop@21.0.7 (32 bytes) @ 0x000000011305fa2c [0x000000011305f840+0x00000000000001ec]
j  sun.lwawt.macosx.CAccessibility.getAccessibleIndexInParent(Ljavax/accessibility/Accessible;Ljava/awt/Component;)I+19 java.desktop@21.0.7
v  ~StubRoutines::call_stub 0x0000000119fd2cc4
J 2945  sun.lwawt.macosx.LWCToolkit.doAWTRunLoopImpl(JZZ)V java.desktop@21.0.7 (0 bytes) @ 0x000000011a80d47f [0x000000011a80d420+0x000000000000005f]
J 3046 c1 sun.lwawt.macosx.LWCToolkit.invokeAndWait(Ljava/lang/Runnable;Ljava/awt/Component;)V java.desktop@21.0.7 (59 bytes) @ 0x00000001130723ec [0x0000000113071960+0x0000000000000a8c]
J 3009 c1 sun.lwawt.macosx.CAccessibility.invokeAndWait(Ljava/util/concurrent/Callable;Ljava/awt/Component;Ljava/lang/Object;)Ljava/lang/Object; java.desktop@21.0.7 (32 bytes) @ 0x000000011305fa2c [0x000000011305f840+0x00000000000001ec]
j  sun.lwawt.macosx.CAccessibility.getAccessibleIndexInParent(Ljavax/accessibility/Accessible;Ljava/awt/Component;)I+19 java.desktop@21.0.7
v  ~StubRoutines::call_stub 0x0000000119fd2cc4
J 2945  sun.lwawt.macosx.LWCToolkit.doAWTRunLoopImpl(JZZ)V java.desktop@21.0.7 (0 bytes) @ 0x000000011a80d47f [0x000000011a80d420+0x000000000000005f]
J 3046 c1 sun.lwawt.macosx.LWCToolkit.invokeAndWait(Ljava/lang/Runnable;Ljava/awt/Component;)V java.desktop@21.0.7 (59 bytes) @ 0x00000001130723ec [0x0000000113071960+0x0000000000000a8c]
J 3009 c1 sun.lwawt.macosx.CAccessibility.invokeAndWait(Ljava/util/concurrent/Callable;Ljava/awt/Component;Ljava/lang/Object;)Ljava/lang/Object; java.desktop@21.0.7 (32 bytes) @ 0x000000011305fa2c [0x000000011305f840+0x00000000000001ec]
j  sun.lwawt.macosx.CAccessibility.getAccessibleIndexInParent(Ljavax/accessibility/Accessible;Ljava/awt/Component;)I+19 java.desktop@21.0.7
v  ~StubRoutines::call_stub 0x0000000119fd2cc4
J 2945  sun.lwawt.macosx.LWCToolkit.doAWTRunLoopImpl(JZZ)V java.desktop@21.0.7 (0 bytes) @ 0x000000011a80d47f [0x000000011a80d420+0x000000000000005f]
J 3046 c1 sun.lwawt.macosx.LWCToolkit.invokeAndWait(Ljava/lang/Runnable;Ljava/awt/Component;)V java.desktop@21.0.7 (59 bytes) @ 0x00000001130723ec [0x0000000113071960+0x0000000000000a8c]
J 3009 c1 sun.lwawt.macosx.CAccessibility.invokeAndWait(Ljava/util/concurrent/Callable;Ljava/awt/Component;Ljava/lang/Object;)Ljava/lang/Object; java.desktop@21.0.7 (32 bytes) @ 0x000000011305fa2c [0x000000011305f840+0x00000000000001ec]
j  sun.lwawt.macosx.CAccessibility.getAccessibleIndexInParent(Ljavax/accessibility/Accessible;Ljava/awt/Component;)I+19 java.desktop@21.0.7
v  ~StubRoutines::call_stub 0x0000000119fd2cc4
J 2945  sun.lwawt.macosx.LWCToolkit.doAWTRunLoopImpl(JZZ)V java.desktop@21.0.7 (0 bytes) @ 0x000000011a80d47f [0x000000011a80d420+0x000000000000005f]
J 3046 c1 sun.lwawt.macosx.LWCToolkit.invokeAndWait(Ljava/lang/Runnable;Ljava/awt/Component;)V java.desktop@21.0.7 (59 bytes) @ 0x00000001130723ec [0x0000000113071960+0x0000000000000a8c]
J 3009 c1 sun.lwawt.macosx.CAccessibility.invokeAndWait(Ljava/util/concurrent/Callable;Ljava/awt/Component;Ljava/lang/Object;)Ljava/lang/Object; java.desktop@21.0.7 (32 bytes) @ 0x000000011305fa2c [0x000000011305f840+0x00000000000001ec]
j  sun.lwawt.macosx.CAccessibility.getAccessibleIndexInParent(Ljavax/accessibility/Accessible;Ljava/awt/Component;)I+19 java.desktop@21.0.7
v  ~StubRoutines::call_stub 0x0000000119fd2cc4
J 2945  sun.lwawt.macosx.LWCToolkit.doAWTRunLoopImpl(JZZ)V java.desktop@21.0.7 (0 bytes) @ 0x000000011a80d47f [0x000000011a80d420+0x000000000000005f]
J 3046 c1 sun.lwawt.macosx.LWCToolkit.invokeAndWait(Ljava/lang/Runnable;Ljava/awt/Component;)V java.desktop@21.0.7 (59 bytes) @ 0x00000001130723ec [0x0000000113071960+0x0000000000000a8c]
J 3009 c1 sun.lwawt.macosx.CAccessibility.invokeAndWait(Ljava/util/concurrent/Callable;Ljava/awt/Component;Ljava/lang/Object;)Ljava/lang/Object; java.desktop@21.0.7 (32 bytes) @ 0x000000011305fa2c [0x000000011305f840+0x00000000000001ec]
j  sun.lwawt.macosx.CAccessibility.getAccessibleIndexInParent(Ljavax/accessibility/Accessible;Ljava/awt/Component;)I+19 java.desktop@21.0.7
v  ~StubRoutines::call_stub 0x0000000119fd2cc4
J 2945  sun.lwawt.macosx.LWCToolkit.doAWTRunLoopImpl(JZZ)V java.desktop@21.0.7 (0 bytes) @ 0x000000011a80d47f [0x000000011a80d420+0x000000000000005f]
J 3046 c1 sun.lwawt.macosx.LWCToolkit.invokeAndWait(Ljava/lang/Runnable;Ljava/awt/Component;)V java.desktop@21.0.7 (59 bytes) @ 0x00000001130723ec [0x0000000113071960+0x0000000000000a8c]
J 3009 c1 sun.lwawt.macosx.CAccessibility.invokeAndWait(Ljava/util/concurrent/Callable;Ljava/awt/Component;Ljava/lang/Object;)Ljava/lang/Object; java.desktop@21.0.7 (32 bytes) @ 0x000000011305fa2c [0x000000011305f840+0x00000000000001ec]
j  sun.lwawt.macosx.CAccessibility.getAccessibleIndexInParent(Ljavax/accessibility/Accessible;Ljava/awt/Component;)I+19 java.desktop@21.0.7
v  ~StubRoutines::call_stub 0x0000000119fd2cc4
J 2945  sun.lwawt.macosx.LWCToolkit.doAWTRunLoopImpl(JZZ)V java.desktop@21.0.7 (0 bytes) @ 0x000000011a80d47f [0x000000011a80d420+0x000000000000005f]
J 3046 c1 sun.lwawt.macosx.LWCToolkit.invokeAndWait(Ljava/lang/Runnable;Ljava/awt/Component;)V java.desktop@21.0.7 (59 bytes) @ 0x00000001130723ec [0x0000000113071960+0x0000000000000a8c]
J 3009 c1 sun.lwawt.macosx.CAccessibility.invokeAndWait(Ljava/util/concurrent/Callable;Ljava/awt/Component;Ljava/lang/Object;)Ljava/lang/Object; java.desktop@21.0.7 (32 bytes) @ 0x000000011305fa2c [0x000000011305f840+0x00000000000001ec]
j  sun.lwawt.macosx.CAccessibility.getAccessibleIndexInParent(Ljavax/accessibility/Accessible;Ljava/awt/Component;)I+19 java.desktop@21.0.7
v  ~StubRoutines::call_stub 0x0000000119fd2cc4
J 2945  sun.lwawt.macosx.LWCToolkit.doAWTRunLoopImpl(JZZ)V java.desktop@21.0.7 (0 bytes) @ 0x000000011a80d47f [0x000000011a80d420+0x000000000000005f]
J 3046 c1 sun.lwawt.macosx.LWCToolkit.invokeAndWait(Ljava/lang/Runnable;Ljava/awt/Component;)V java.desktop@21.0.7 (59 bytes) @ 0x00000001130723ec [0x0000000113071960+0x0000000000000a8c]
J 3009 c1 sun.lwawt.macosx.CAccessibility.invokeAndWait(Ljava/util/concurrent/Callable;Ljava/awt/Component;Ljava/lang/Object;)Ljava/lang/Object; java.desktop@21.0.7 (32 bytes) @ 0x000000011305fa2c [0x000000011305f840+0x00000000000001ec]
j  sun.lwawt.macosx.CAccessibility.getAccessibleIndexInParent(Ljavax/accessibility/Accessible;Ljava/awt/Component;)I+19 java.desktop@21.0.7
v  ~StubRoutines::call_stub 0x0000000119fd2cc4
J 2945  sun.lwawt.macosx.LWCToolkit.doAWTRunLoopImpl(JZZ)V java.desktop@21.0.7 (0 bytes) @ 0x000000011a80d47f [0x000000011a80d420+0x000000000000005f]
J 3046 c1 sun.lwawt.macosx.LWCToolkit.invokeAndWait(Ljava/lang/Runnable;Ljava/awt/Component;)V java.desktop@21.0.7 (59 bytes) @ 0x00000001130723ec [0x0000000113071960+0x0000000000000a8c]
J 3009 c1 sun.lwawt.macosx.CAccessibility.invokeAndWait(Ljava/util/concurrent/Callable;Ljava/awt/Component;Ljava/lang/Object;)Ljava/lang/Object; java.desktop@21.0.7 (32 bytes) @ 0x000000011305fa2c [0x000000011305f840+0x00000000000001ec]
j  sun.lwawt.macosx.CAccessibility.getAccessibleIndexInParent(Ljavax/accessibility/Accessible;Ljava/awt/Component;)I+19 java.desktop@21.0.7
v  ~StubRoutines::call_stub 0x0000000119fd2cc4
J 2945  sun.lwawt.macosx.LWCToolkit.doAWTRunLoopImpl(JZZ)V java.desktop@21.0.7 (0 bytes) @ 0x000000011a80d47f [0x000000011a80d420+0x000000000000005f]
J 3046 c1 sun.lwawt.macosx.LWCToolkit.invokeAndWait(Ljava/lang/Runnable;Ljava/awt/Component;)V java.desktop@21.0.7 (59 bytes) @ 0x00000001130723ec [0x0000000113071960+0x0000000000000a8c]
J 3009 c1 sun.lwawt.macosx.CAccessibility.invokeAndWait(Ljava/util/concurrent/Callable;Ljava/awt/Component;Ljava/lang/Object;)Ljava/lang/Object; java.desktop@21.0.7 (32 bytes) @ 0x000000011305fa2c [0x000000011305f840+0x00000000000001ec]
j  sun.lwawt.macosx.CAccessibility.invokeAndWait(Ljava/util/concurrent/Callable;Ljava/awt/Component;)Ljava/lang/Object;+3 java.desktop@21.0.7
j  sun.lwawt.macosx.CAccessibility.getFocusOwner(Ljava/awt/Component;)Ljavax/accessibility/Accessible;+8 java.desktop@21.0.7
v  ~StubRoutines::call_stub 0x0000000119fd2cc4
J 2945  sun.lwawt.macosx.LWCToolkit.doAWTRunLoopImpl(JZZ)V java.desktop@21.0.7 (0 bytes) @ 0x000000011a80d47f [0x000000011a80d420+0x000000000000005f]
J 3046 c1 sun.lwawt.macosx.LWCToolkit.invokeAndWait(Ljava/lang/Runnable;Ljava/awt/Component;)V java.desktop@21.0.7 (59 bytes) @ 0x00000001130723ec [0x0000000113071960+0x0000000000000a8c]
J 3009 c1 sun.lwawt.macosx.CAccessibility.invokeAndWait(Ljava/util/concurrent/Callable;Ljava/awt/Component;Ljava/lang/Object;)Ljava/lang/Object; java.desktop@21.0.7 (32 bytes) @ 0x000000011305fa2c [0x000000011305f840+0x00000000000001ec]
j  sun.lwawt.macosx.CAccessibility.getAccessibleIndexInParent(Ljavax/accessibility/Accessible;Ljava/awt/Component;)I+19 java.desktop@21.0.7
v  ~StubRoutines::call_stub 0x0000000119fd2cc4
J 2945  sun.lwawt.macosx.LWCToolkit.doAWTRunLoopImpl(JZZ)V java.desktop@21.0.7 (0 bytes) @ 0x000000011a80d47f [0x000000011a80d420+0x000000000000005f]
J 3046 c1 sun.lwawt.macosx.LWCToolkit.invokeAndWait(Ljava/lang/Runnable;Ljava/awt/Component;)V java.desktop@21.0.7 (59 bytes) @ 0x00000001130723ec [0x0000000113071960+0x0000000000000a8c]
J 3009 c1 sun.lwawt.macosx.CAccessibility.invokeAndWait(Ljava/util/concurrent/Callable;Ljava/awt/Component;Ljava/lang/Object;)Ljava/lang/Object; java.desktop@21.0.7 (32 bytes) @ 0x000000011305fa2c [0x000000011305f840+0x00000000000001ec]
j  sun.lwawt.macosx.CAccessibility.getAccessibleIndexInParent(Ljavax/accessibility/Accessible;Ljava/awt/Component;)I+19 java.desktop@21.0.7
v  ~StubRoutines::call_stub 0x0000000119fd2cc4
J 2945  sun.lwawt.macosx.LWCToolkit.doAWTRunLoopImpl(JZZ)V java.desktop@21.0.7 (0 bytes) @ 0x000000011a80d47f [0x000000011a80d420+0x000000000000005f]
J 3046 c1 sun.lwawt.macosx.LWCToolkit.invokeAndWait(Ljava/lang/Runnable;Ljava/awt/Component;)V java.desktop@21.0.7 (59 bytes) @ 0x00000001130723ec [0x0000000113071960+0x0000000000000a8c]
J 3009 c1 sun.lwawt.macosx.CAccessibility.invokeAndWait(Ljava/util/concurrent/Callable;Ljava/awt/Component;Ljava/lang/Object;)Ljava/lang/Object; java.desktop@21.0.7 (32 bytes) @ 0x000000011305fa2c [0x000000011305f840+0x00000000000001ec]
j  sun.lwawt.macosx.CAccessibility.getAccessibleIndexInParent(Ljavax/accessibility/Accessible;Ljava/awt/Component;)I+19 java.desktop@21.0.7
v  ~StubRoutines::call_stub 0x0000000119fd2cc4
J 2945  sun.lwawt.macosx.LWCToolkit.doAWTRunLoopImpl(JZZ)V java.desktop@21.0.7 (0 bytes) @ 0x000000011a80d47f [0x000000011a80d420+0x000000000000005f]
J 3046 c1 sun.lwawt.macosx.LWCToolkit.invokeAndWait(Ljava/lang/Runnable;Ljava/awt/Component;)V java.desktop@21.0.7 (59 bytes) @ 0x00000001130723ec [0x0000000113071960+0x0000000000000a8c]
J 3009 c1 sun.lwawt.macosx.CAccessibility.invokeAndWait(Ljava/util/concurrent/Callable;Ljava/awt/Component;Ljava/lang/Object;)Ljava/lang/Object; java.desktop@21.0.7 (32 bytes) @ 0x000000011305fa2c [0x000000011305f840+0x00000000000001ec]
j  sun.lwawt.macosx.CAccessibility.getAccessibleIndexInParent(Ljavax/accessibility/Accessible;Ljava/awt/Component;)I+19 java.desktop@21.0.7
v  ~StubRoutines::call_stub 0x0000000119fd2cc4
J 2945  sun.lwawt.macosx.LWCToolkit.doAWTRunLoopImpl(JZZ)V java.desktop@21.0.7 (0 bytes) @ 0x000000011a80d47f [0x000000011a80d420+0x000000000000005f]
J 3046 c1 sun.lwawt.macosx.LWCToolkit.invokeAndWait(Ljava/lang/Runnable;Ljava/awt/Component;)V java.desktop@21.0.7 (59 bytes) @ 0x00000001130723ec [0x0000000113071960+0x0000000000000a8c]
J 3009 c1 sun.lwawt.macosx.CAccessibility.invokeAndWait(Ljava/util/concurrent/Callable;Ljava/awt/Component;Ljava/lang/Object;)Ljava/lang/Object; java.desktop@21.0.7 (32 bytes) @ 0x000000011305fa2c [0x000000011305f840+0x00000000000001ec]
j  sun.lwawt.macosx.CAccessibility.getAccessibleIndexInParent(Ljavax/accessibility/Accessible;Ljava/awt/Component;)I+19 java.desktop@21.0.7
v  ~StubRoutines::call_stub 0x0000000119fd2cc4
J 2945  sun.lwawt.macosx.LWCToolkit.doAWTRunLoopImpl(JZZ)V java.desktop@21.0.7 (0 bytes) @ 0x000000011a80d47f [0x000000011a80d420+0x000000000000005f]
J 3046 c1 sun.lwawt.macosx.LWCToolkit.invokeAndWait(Ljava/lang/Runnable;Ljava/awt/Component;)V java.desktop@21.0.7 (59 bytes) @ 0x00000001130723ec [0x0000000113071960+0x0000000000000a8c]
J 3009 c1 sun.lwawt.macosx.CAccessibility.invokeAndWait(Ljava/util/concurrent/Callable;Ljava/awt/Component;Ljava/lang/Object;)Ljava/lang/Object; java.desktop@21.0.7 (32 bytes) @ 0x000000011305fa2c [0x000000011305f840+0x00000000000001ec]
j  sun.lwawt.macosx.CAccessibility.getAccessibleIndexInParent(Ljavax/accessibility/Accessible;Ljava/awt/Component;)I+19 java.desktop@21.0.7
v  ~StubRoutines::call_stub 0x0000000119fd2cc4
J 2945  sun.lwawt.macosx.LWCToolkit.doAWTRunLoopImpl(JZZ)V java.desktop@21.0.7 (0 bytes) @ 0x000000011a80d47f [0x000000011a80d420+0x000000000000005f]
J 3046 c1 sun.lwawt.macosx.LWCToolkit.invokeAndWait(Ljava/lang/Runnable;Ljava/awt/Component;)V java.desktop@21.0.7 (59 bytes) @ 0x00000001130723ec [0x0000000113071960+0x0000000000000a8c]
J 3009 c1 sun.lwawt.macosx.CAccessibility.invokeAndWait(Ljava/util/concurrent/Callable;Ljava/awt/Component;Ljava/lang/Object;)Ljava/lang/Object; java.desktop@21.0.7 (32 bytes) @ 0x000000011305fa2c [0x000000011305f840+0x00000000000001ec]
j  sun.lwawt.macosx.CAccessibility.getAccessibleIndexInParent(Ljavax/accessibility/Accessible;Ljava/awt/Component;)I+19 java.desktop@21.0.7
v  ~StubRoutines::call_stub 0x0000000119fd2cc4
J 2945  sun.lwawt.macosx.LWCToolkit.doAWTRunLoopImpl(JZZ)V java.desktop@21.0.7 (0 bytes) @ 0x000000011a80d47f [0x000000011a80d420+0x000000000000005f]
J 3046 c1 sun.lwawt.macosx.LWCToolkit.invokeAndWait(Ljava/lang/Runnable;Ljava/awt/Component;)V java.desktop@21.0.7 (59 bytes) @ 0x00000001130723ec [0x0000000113071960+0x0000000000000a8c]
J 3009 c1 sun.lwawt.macosx.CAccessibility.invokeAndWait(Ljava/util/concurrent/Callable;Ljava/awt/Component;Ljava/lang/Object;)Ljava/lang/Object; java.desktop@21.0.7 (32 bytes) @ 0x000000011305fa2c [0x000000011305f840+0x00000000000001ec]
j  sun.lwawt.macosx.CAccessibility.getAccessibleIndexInParent(Ljavax/accessibility/Accessible;Ljava/awt/Component;)I+19 java.desktop@21.0.7
v  ~StubRoutines::call_stub 0x0000000119fd2cc4
J 2945  sun.lwawt.macosx.LWCToolkit.doAWTRunLoopImpl(JZZ)V java.desktop@21.0.7 (0 bytes) @ 0x000000011a80d47f [0x000000011a80d420+0x000000000000005f]
J 3046 c1 sun.lwawt.macosx.LWCToolkit.invokeAndWait(Ljava/lang/Runnable;Ljava/awt/Component;)V java.desktop@21.0.7 (59 bytes) @ 0x00000001130723ec [0x0000000113071960+0x0000000000000a8c]
J 3009 c1 sun.lwawt.macosx.CAccessibility.invokeAndWait(Ljava/util/concurrent/Callable;Ljava/awt/Component;Ljava/lang/Object;)Ljava/lang/Object; java.desktop@21.0.7 (32 bytes) @ 0x000000011305fa2c [0x000000011305f840+0x00000000000001ec]
j  sun.lwawt.macosx.CAccessibility.getAccessibleIndexInParent(Ljavax/accessibility/Accessible;Ljava/awt/Component;)I+19 java.desktop@21.0.7
v  ~StubRoutines::call_stub 0x0000000119fd2cc4
J 2945  sun.lwawt.macosx.LWCToolkit.doAWTRunLoopImpl(JZZ)V java.desktop@21.0.7 (0 bytes) @ 0x000000011a80d47f [0x000000011a80d420+0x000000000000005f]
J 3046 c1 sun.lwawt.macosx.LWCToolkit.invokeAndWait(Ljava/lang/Runnable;Ljava/awt/Component;)V java.desktop@21.0.7 (59 bytes) @ 0x00000001130723ec [0x0000000113071960+0x0000000000000a8c]
J 3009 c1 sun.lwawt.macosx.CAccessibility.invokeAndWait(Ljava/util/concurrent/Callable;Ljava/awt/Component;Ljava/lang/Object;)Ljava/lang/Object; java.desktop@21.0.7 (32 bytes) @ 0x000000011305fa2c [0x000000011305f840+0x00000000000001ec]
j  sun.lwawt.macosx.CAccessibility.getAccessibleIndexInParent(Ljavax/accessibility/Accessible;Ljava/awt/Component;)I+19 java.desktop@21.0.7
v  ~StubRoutines::call_stub 0x0000000119fd2cc4
J 2945  sun.lwawt.macosx.LWCToolkit.doAWTRunLoopImpl(JZZ)V java.desktop@21.0.7 (0 bytes) @ 0x000000011a80d47f [0x000000011a80d420+0x000000000000005f]
J 3046 c1 sun.lwawt.macosx.LWCToolkit.invokeAndWait(Ljava/lang/Runnable;Ljava/awt/Component;)V java.desktop@21.0.7 (59 bytes) @ 0x00000001130723ec [0x0000000113071960+0x0000000000000a8c]
J 3009 c1 sun.lwawt.macosx.CAccessibility.invokeAndWait(Ljava/util/concurrent/Callable;Ljava/awt/Component;Ljava/lang/Object;)Ljava/lang/Object; java.desktop@21.0.7 (32 bytes) @ 0x000000011305fa2c [0x000000011305f840+0x00000000000001ec]
j  sun.lwawt.macosx.CAccessibility.getAccessibleIndexInParent(Ljavax/accessibility/Accessible;Ljava/awt/Component;)I+19 java.desktop@21.0.7
v  ~StubRoutines::call_stub 0x0000000119fd2cc4
J 2945  sun.lwawt.macosx.LWCToolkit.doAWTRunLoopImpl(JZZ)V java.desktop@21.0.7 (0 bytes) @ 0x000000011a80d47f [0x000000011a80d420+0x000000000000005f]
J 3046 c1 sun.lwawt.macosx.LWCToolkit.invokeAndWait(Ljava/lang/Runnable;Ljava/awt/Component;)V java.desktop@21.0.7 (59 bytes) @ 0x00000001130723ec [0x0000000113071960+0x0000000000000a8c]
J 3009 c1 sun.lwawt.macosx.CAccessibility.invokeAndWait(Ljava/util/concurrent/Callable;Ljava/awt/Component;Ljava/lang/Object;)Ljava/lang/Object; java.desktop@21.0.7 (32 bytes) @ 0x000000011305fa2c [0x000000011305f840+0x00000000000001ec]
j  sun.lwawt.macosx.CAccessibility.invokeAndWait(Ljava/util/concurrent/Callable;Ljava/awt/Component;)Ljava/lang/Object;+3 java.desktop@21.0.7
j  sun.lwawt.macosx.CAccessibility.getFocusOwner(Ljava/awt/Component;)Ljavax/accessibility/Accessible;+8 java.desktop@21.0.7
v  ~StubRoutines::call_stub 0x0000000119fd2cc4
J 2945  sun.lwawt.macosx.LWCToolkit.doAWTRunLoopImpl(JZZ)V java.desktop@21.0.7 (0 bytes) @ 0x000000011a80d47f [0x000000011a80d420+0x000000000000005f]
J 3046 c1 sun.lwawt.macosx.LWCToolkit.invokeAndWait(Ljava/lang/Runnable;Ljava/awt/Component;)V java.desktop@21.0.7 (59 bytes) @ 0x00000001130723ec [0x0000000113071960+0x0000000000000a8c]
J 3009 c1 sun.lwawt.macosx.CAccessibility.invokeAndWait(Ljava/util/concurrent/Callable;Ljava/awt/Component;Ljava/lang/Object;)Ljava/lang/Object; java.desktop@21.0.7 (32 bytes) @ 0x000000011305fa2c [0x000000011305f840+0x00000000000001ec]
j  sun.lwawt.macosx.CAccessibility.getAccessibleIndexInParent(Ljavax/accessibility/Accessible;Ljava/awt/Component;)I+19 java.desktop@21.0.7
v  ~StubRoutines::call_stub 0x0000000119fd2cc4
J 2945  sun.lwawt.macosx.LWCToolkit.doAWTRunLoopImpl(JZZ)V java.desktop@21.0.7 (0 bytes) @ 0x000000011a80d47f [0x000000011a80d420+0x000000000000005f]
J 3046 c1 sun.lwawt.macosx.LWCToolkit.invokeAndWait(Ljava/lang/Runnable;Ljava/awt/Component;)V java.desktop@21.0.7 (59 bytes) @ 0x00000001130723ec [0x0000000113071960+0x0000000000000a8c]
J 3009 c1 sun.lwawt.macosx.CAccessibility.invokeAndWait(Ljava/util/concurrent/Callable;Ljava/awt/Component;Ljava/lang/Object;)Ljava/lang/Object; java.desktop@21.0.7 (32 bytes) @ 0x000000011305fa2c [0x000000011305f840+0x00000000000001ec]
j  sun.lwawt.macosx.CAccessibility.getAccessibleIndexInParent(Ljavax/accessibility/Accessible;Ljava/awt/Component;)I+19 java.desktop@21.0.7
v  ~StubRoutines::call_stub 0x0000000119fd2cc4
J 2945  sun.lwawt.macosx.LWCToolkit.doAWTRunLoopImpl(JZZ)V java.desktop@21.0.7 (0 bytes) @ 0x000000011a80d47f [0x000000011a80d420+0x000000000000005f]
J 3046 c1 sun.lwawt.macosx.LWCToolkit.invokeAndWait(Ljava/lang/Runnable;Ljava/awt/Component;)V java.desktop@21.0.7 (59 bytes) @ 0x00000001130723ec [0x0000000113071960+0x0000000000000a8c]
J 3009 c1 sun.lwawt.macosx.CAccessibility.invokeAndWait(Ljava/util/concurrent/Callable;Ljava/awt/Component;Ljava/lang/Object;)Ljava/lang/Object; java.desktop@21.0.7 (32 bytes) @ 0x000000011305fa2c [0x000000011305f840+0x00000000000001ec]
j  sun.lwawt.macosx.CAccessibility.getAccessibleIndexInParent(Ljavax/accessibility/Accessible;Ljava/awt/Component;)I+19 java.desktop@21.0.7
v  ~StubRoutines::call_stub 0x0000000119fd2cc4
J 2945  sun.lwawt.macosx.LWCToolkit.doAWTRunLoopImpl(JZZ)V java.desktop@21.0.7 (0 bytes) @ 0x000000011a80d47f [0x000000011a80d420+0x000000000000005f]
J 3046 c1 sun.lwawt.macosx.LWCToolkit.invokeAndWait(Ljava/lang/Runnable;Ljava/awt/Component;)V java.desktop@21.0.7 (59 bytes) @ 0x00000001130723ec [0x0000000113071960+0x0000000000000a8c]
J 3009 c1 sun.lwawt.macosx.CAccessibility.invokeAndWait(Ljava/util/concurrent/Callable;Ljava/awt/Component;Ljava/lang/Object;)Ljava/lang/Object; java.desktop@21.0.7 (32 bytes) @ 0x000000011305fa2c [0x000000011305f840+0x00000000000001ec]
j  sun.lwawt.macosx.CAccessibility.getAccessibleIndexInParent(Ljavax/accessibility/Accessible;Ljava/awt/Component;)I+19 java.desktop@21.0.7
v  ~StubRoutines::call_stub 0x0000000119fd2cc4
J 2945  sun.lwawt.macosx.LWCToolkit.doAWTRunLoopImpl(JZZ)V java.desktop@21.0.7 (0 bytes) @ 0x000000011a80d47f [0x000000011a80d420+0x000000000000005f]
J 3046 c1 sun.lwawt.macosx.LWCToolkit.invokeAndWait(Ljava/lang/Runnable;Ljava/awt/Component;)V java.desktop@21.0.7 (59 bytes) @ 0x00000001130723ec [0x0000000113071960+0x0000000000000a8c]
J 3009 c1 sun.lwawt.macosx.CAccessibility.invokeAndWait(Ljava/util/concurrent/Callable;Ljava/awt/Component;Ljava/lang/Object;)Ljava/lang/Object; java.desktop@21.0.7 (32 bytes) @ 0x000000011305fa2c [0x000000011305f840+0x00000000000001ec]
j  sun.lwawt.macosx.CAccessibility.getAccessibleIndexInParent(Ljavax/accessibility/Accessible;Ljava/awt/Component;)I+19 java.desktop@21.0.7
v  ~StubRoutines::call_stub 0x0000000119fd2cc4
J 2945  sun.lwawt.macosx.LWCToolkit.doAWTRunLoopImpl(JZZ)V java.desktop@21.0.7 (0 bytes) @ 0x000000011a80d47f [0x000000011a80d420+0x000000000000005f]
J 3046 c1 sun.lwawt.macosx.LWCToolkit.invokeAndWait(Ljava/lang/Runnable;Ljava/awt/Component;)V java.desktop@21.0.7 (59 bytes) @ 0x00000001130723ec [0x0000000113071960+0x0000000000000a8c]
J 3009 c1 sun.lwawt.macosx.CAccessibility.invokeAndWait(Ljava/util/concurrent/Callable;Ljava/awt/Component;Ljava/lang/Object;)Ljava/lang/Object; java.desktop@21.0.7 (32 bytes) @ 0x000000011305fa2c [0x000000011305f840+0x00000000000001ec]
j  sun.lwawt.macosx.CAccessibility.getAccessibleIndexInParent(Ljavax/accessibility/Accessible;Ljava/awt/Component;)I+19 java.desktop@21.0.7
v  ~StubRoutines::call_stub 0x0000000119fd2cc4
J 2945  sun.lwawt.macosx.LWCToolkit.doAWTRunLoopImpl(JZZ)V java.desktop@21.0.7 (0 bytes) @ 0x000000011a80d47f [0x000000011a80d420+0x000000000000005f]
J 3046 c1 sun.lwawt.macosx.LWCToolkit.invokeAndWait(Ljava/lang/Runnable;Ljava/awt/Component;)V java.desktop@21.0.7 (59 bytes) @ 0x00000001130723ec [0x0000000113071960+0x0000000000000a8c]
J 3009 c1 sun.lwawt.macosx.CAccessibility.invokeAndWait(Ljava/util/concurrent/Callable;Ljava/awt/Component;Ljava/lang/Object;)Ljava/lang/Object; java.desktop@21.0.7 (32 bytes) @ 0x000000011305fa2c [0x000000011305f840+0x00000000000001ec]
j  sun.lwawt.macosx.CAccessibility.getAccessibleIndexInParent(Ljavax/accessibility/Accessible;Ljava/awt/Component;)I+19 java.desktop@21.0.7
v  ~StubRoutines::call_stub 0x0000000119fd2cc4
J 2945  sun.lwawt.macosx.LWCToolkit.doAWTRunLoopImpl(JZZ)V java.desktop@21.0.7 (0 bytes) @ 0x000000011a80d47f [0x000000011a80d420+0x000000000000005f]
J 3046 c1 sun.lwawt.macosx.LWCToolkit.invokeAndWait(Ljava/lang/Runnable;Ljava/awt/Component;)V java.desktop@21.0.7 (59 bytes) @ 0x00000001130723ec [0x0000000113071960+0x0000000000000a8c]
J 3009 c1 sun.lwawt.macosx.CAccessibility.invokeAndWait(Ljava/util/concurrent/Callable;Ljava/awt/Component;Ljava/lang/Object;)Ljava/lang/Object; java.desktop@21.0.7 (32 bytes) @ 0x000000011305fa2c [0x000000011305f840+0x00000000000001ec]
j  sun.lwawt.macosx.CAccessibility.invokeAndWait(Ljava/util/concurrent/Callable;Ljava/awt/Component;)Ljava/lang/Object;+3 java.desktop@21.0.7
j  sun.lwawt.macosx.CAccessibility.getFocusOwner(Ljava/awt/Component;)Ljavax/accessibility/Accessible;+8 java.desktop@21.0.7
v  ~StubRoutines::call_stub 0x0000000119fd2cc4
J 2945  sun.lwawt.macosx.LWCToolkit.doAWTRunLoopImpl(JZZ)V java.desktop@21.0.7 (0 bytes) @ 0x000000011a80d47f [0x000000011a80d420+0x000000000000005f]
J 3046 c1 sun.lwawt.macosx.LWCToolkit.invokeAndWait(Ljava/lang/Runnable;Ljava/awt/Component;)V java.desktop@21.0.7 (59 bytes) @ 0x00000001130723ec [0x0000000113071960+0x0000000000000a8c]
J 3009 c1 sun.lwawt.macosx.CAccessibility.invokeAndWait(Ljava/util/concurrent/Callable;Ljava/awt/Component;Ljava/lang/Object;)Ljava/lang/Object; java.desktop@21.0.7 (32 bytes) @ 0x000000011305fa2c [0x000000011305f840+0x00000000000001ec]
j  sun.lwawt.macosx.CAccessibility.getAccessibleIndexInParent(Ljavax/accessibility/Accessible;Ljava/awt/Component;)I+19 java.desktop@21.0.7
v  ~StubRoutines::call_stub 0x0000000119fd2cc4
J 2945  sun.lwawt.macosx.LWCToolkit.doAWTRunLoopImpl(JZZ)V java.desktop@21.0.7 (0 bytes) @ 0x000000011a80d47f [0x000000011a80d420+0x000000000000005f]
J 3046 c1 sun.lwawt.macosx.LWCToolkit.invokeAndWait(Ljava/lang/Runnable;Ljava/awt/Component;)V java.desktop@21.0.7 (59 bytes) @ 0x00000001130723ec [0x0000000113071960+0x0000000000000a8c]
J 3009 c1 sun.lwawt.macosx.CAccessibility.invokeAndWait(Ljava/util/concurrent/Callable;Ljava/awt/Component;Ljava/lang/Object;)Ljava/lang/Object; java.desktop@21.0.7 (32 bytes) @ 0x000000011305fa2c [0x000000011305f840+0x00000000000001ec]
j  sun.lwawt.macosx.CAccessibility.getAccessibleIndexInParent(Ljavax/accessibility/Accessible;Ljava/awt/Component;)I+19 java.desktop@21.0.7
v  ~StubRoutines::call_stub 0x0000000119fd2cc4
J 2945  sun.lwawt.macosx.LWCToolkit.doAWTRunLoopImpl(JZZ)V java.desktop@21.0.7 (0 bytes) @ 0x000000011a80d47f [0x000000011a80d420+0x000000000000005f]
J 3046 c1 sun.lwawt.macosx.LWCToolkit.invokeAndWait(Ljava/lang/Runnable;Ljava/awt/Component;)V java.desktop@21.0.7 (59 bytes) @ 0x00000001130723ec [0x0000000113071960+0x0000000000000a8c]
J 3009 c1 sun.lwawt.macosx.CAccessibility.invokeAndWait(Ljava/util/concurrent/Callable;Ljava/awt/Component;Ljava/lang/Object;)Ljava/lang/Object; java.desktop@21.0.7 (32 bytes) @ 0x000000011305fa2c [0x000000011305f840+0x00000000000001ec]
j  sun.lwawt.macosx.CAccessibility.getAccessibleIndexInParent(Ljavax/accessibility/Accessible;Ljava/awt/Component;)I+19 java.desktop@21.0.7
v  ~StubRoutines::call_stub 0x0000000119fd2cc4
J 2945  sun.lwawt.macosx.LWCToolkit.doAWTRunLoopImpl(JZZ)V java.desktop@21.0.7 (0 bytes) @ 0x000000011a80d47f [0x000000011a80d420+0x000000000000005f]
J 3046 c1 sun.lwawt.macosx.LWCToolkit.invokeAndWait(Ljava/lang/Runnable;Ljava/awt/Component;)V java.desktop@21.0.7 (59 bytes) @ 0x00000001130723ec [0x0000000113071960+0x0000000000000a8c]
J 3009 c1 sun.lwawt.macosx.CAccessibility.invokeAndWait(Ljava/util/concurrent/Callable;Ljava/awt/Component;Ljava/lang/Object;)Ljava/lang/Object; java.desktop@21.0.7 (32 bytes) @ 0x000000011305fa2c [0x000000011305f840+0x00000000000001ec]
j  sun.lwawt.macosx.CAccessibility.getAccessibleIndexInParent(Ljavax/accessibility/Accessible;Ljava/awt/Component;)I+19 java.desktop@21.0.7
v  ~StubRoutines::call_stub 0x0000000119fd2cc4
J 2945  sun.lwawt.macosx.LWCToolkit.doAWTRunLoopImpl(JZZ)V java.desktop@21.0.7 (0 bytes) @ 0x000000011a80d47f [0x000000011a80d420+0x000000000000005f]
J 3046 c1 sun.lwawt.macosx.LWCToolkit.invokeAndWait(Ljava/lang/Runnable;Ljava/awt/Component;)V java.desktop@21.0.7 (59 bytes) @ 0x00000001130723ec [0x0000000113071960+0x0000000000000a8c]
J 3009 c1 sun.lwawt.macosx.CAccessibility.invokeAndWait(Ljava/util/concurrent/Callable;Ljava/awt/Component;Ljava/lang/Object;)Ljava/lang/Object; java.desktop@21.0.7 (32 bytes) @ 0x000000011305fa2c [0x000000011305f840+0x00000000000001ec]
j  sun.lwawt.macosx.CAccessibility.getAccessibleIndexInParent(Ljavax/accessibility/Accessible;Ljava/awt/Component;)I+19 java.desktop@21.0.7
v  ~StubRoutines::call_stub 0x0000000119fd2cc4
J 2945  sun.lwawt.macosx.LWCToolkit.doAWTRunLoopImpl(JZZ)V java.desktop@21.0.7 (0 bytes) @ 0x000000011a80d47f [0x000000011a80d420+0x000000000000005f]
J 3046 c1 sun.lwawt.macosx.LWCToolkit.invokeAndWait(Ljava/lang/Runnable;Ljava/awt/Component;)V java.desktop@21.0.7 (59 bytes) @ 0x00000001130723ec [0x0000000113071960+0x0000000000000a8c]
J 3009 c1 sun.lwawt.macosx.CAccessibility.invokeAndWait(Ljava/util/concurrent/Callable;Ljava/awt/Component;Ljava/lang/Object;)Ljava/lang/Object; java.desktop@21.0.7 (32 bytes) @ 0x000000011305fa2c [0x000000011305f840+0x00000000000001ec]
j  sun.lwawt.macosx.CAccessibility.getAccessibleIndexInParent(Ljavax/accessibility/Accessible;Ljava/awt/Component;)I+19 java.desktop@21.0.7
v  ~StubRoutines::call_stub 0x0000000119fd2cc4
J 2945  sun.lwawt.macosx.LWCToolkit.doAWTRunLoopImpl(JZZ)V java.desktop@21.0.7 (0 bytes) @ 0x000000011a80d47f [0x000000011a80d420+0x000000000000005f]
J 3046 c1 sun.lwawt.macosx.LWCToolkit.invokeAndWait(Ljava/lang/Runnable;Ljava/awt/Component;)V java.desktop@21.0.7 (59 bytes) @ 0x00000001130723ec [0x0000000113071960+0x0000000000000a8c]
J 3009 c1 sun.lwawt.macosx.CAccessibility.invokeAndWait(Ljava/util/concurrent/Callable;Ljava/awt/Component;Ljava/lang/Object;)Ljava/lang/Object; java.desktop@21.0.7 (32 bytes) @ 0x000000011305fa2c [0x000000011305f840+0x00000000000001ec]
j  sun.lwawt.macosx.CAccessibility.invokeAndWait(Ljava/util/concurrent/Callable;Ljava/awt/Component;)Ljava/lang/Object;+3 java.desktop@21.0.7
j  sun.lwawt.macosx.CAccessibility.getFocusOwner(Ljava/awt/Component;)Ljavax/accessibility/Accessible;+8 java.desktop@21.0.7
v  ~StubRoutines::call_stub 0x0000000119fd2cc4
J 2945  sun.lwawt.macosx.LWCToolkit.doAWTRunLoopImpl(JZZ)V java.desktop@21.0.7 (0 bytes) @ 0x000000011a80d47f [0x000000011a80d420+0x000000000000005f]
J 3046 c1 sun.lwawt.macosx.LWCToolkit.invokeAndWait(Ljava/lang/Runnable;Ljava/awt/Component;)V java.desktop@21.0.7 (59 bytes) @ 0x00000001130723ec [0x0000000113071960+0x0000000000000a8c]
J 3009 c1 sun.lwawt.macosx.CAccessibility.invokeAndWait(Ljava/util/concurrent/Callable;Ljava/awt/Component;Ljava/lang/Object;)Ljava/lang/Object; java.desktop@21.0.7 (32 bytes) @ 0x000000011305fa2c [0x000000011305f840+0x00000000000001ec]
j  sun.lwawt.macosx.CAccessibility.getAccessibleIndexInParent(Ljavax/accessibility/Accessible;Ljava/awt/Component;)I+19 java.desktop@21.0.7
v  ~StubRoutines::call_stub 0x0000000119fd2cc4
J 2945  sun.lwawt.macosx.LWCToolkit.doAWTRunLoopImpl(JZZ)V java.desktop@21.0.7 (0 bytes) @ 0x000000011a80d47f [0x000000011a80d420+0x000000000000005f]
J 3046 c1 sun.lwawt.macosx.LWCToolkit.invokeAndWait(Ljava/lang/Runnable;Ljava/awt/Component;)V java.desktop@21.0.7 (59 bytes) @ 0x00000001130723ec [0x0000000113071960+0x0000000000000a8c]
J 3009 c1 sun.lwawt.macosx.CAccessibility.invokeAndWait(Ljava/util/concurrent/Callable;Ljava/awt/Component;Ljava/lang/Object;)Ljava/lang/Object; java.desktop@21.0.7 (32 bytes) @ 0x000000011305fa2c [0x000000011305f840+0x00000000000001ec]
j  sun.lwawt.macosx.CAccessibility.getAccessibleIndexInParent(Ljavax/accessibility/Accessible;Ljava/awt/Component;)I+19 java.desktop@21.0.7
v  ~StubRoutines::call_stub 0x0000000119fd2cc4
J 2945  sun.lwawt.macosx.LWCToolkit.doAWTRunLoopImpl(JZZ)V java.desktop@21.0.7 (0 bytes) @ 0x000000011a80d47f [0x000000011a80d420+0x000000000000005f]
J 3046 c1 sun.lwawt.macosx.LWCToolkit.invokeAndWait(Ljava/lang/Runnable;Ljava/awt/Component;)V java.desktop@21.0.7 (59 bytes) @ 0x00000001130723ec [0x0000000113071960+0x0000000000000a8c]
J 3009 c1 sun.lwawt.macosx.CAccessibility.invokeAndWait(Ljava/util/concurrent/Callable;Ljava/awt/Component;Ljava/lang/Object;)Ljava/lang/Object; java.desktop@21.0.7 (32 bytes) @ 0x000000011305fa2c [0x000000011305f840+0x00000000000001ec]
j  sun.lwawt.macosx.CAccessibility.getAccessibleIndexInParent(Ljavax/accessibility/Accessible;Ljava/awt/Component;)I+19 java.desktop@21.0.7
v  ~StubRoutines::call_stub 0x0000000119fd2cc4
J 2945  sun.lwawt.macosx.LWCToolkit.doAWTRunLoopImpl(JZZ)V java.desktop@21.0.7 (0 bytes) @ 0x000000011a80d47f [0x000000011a80d420+0x000000000000005f]
J 3046 c1 sun.lwawt.macosx.LWCToolkit.invokeAndWait(Ljava/lang/Runnable;Ljava/awt/Component;)V java.desktop@21.0.7 (59 bytes) @ 0x00000001130723ec [0x0000000113071960+0x0000000000000a8c]
J 3009 c1 sun.lwawt.macosx.CAccessibility.invokeAndWait(Ljava/util/concurrent/Callable;Ljava/awt/Component;Ljava/lang/Object;)Ljava/lang/Object; java.desktop@21.0.7 (32 bytes) @ 0x000000011305fa2c [0x000000011305f840+0x00000000000001ec]
j  sun.lwawt.macosx.CAccessibility.getAccessibleIndexInParent(Ljavax/accessibility/Accessible;Ljava/awt/Component;)I+19 java.desktop@21.0.7
v  ~StubRoutines::call_stub 0x0000000119fd2cc4
J 2945  sun.lwawt.macosx.LWCToolkit.doAWTRunLoopImpl(JZZ)V java.desktop@21.0.7 (0 bytes) @ 0x000000011a80d47f [0x000000011a80d420+0x000000000000005f]
J 3046 c1 sun.lwawt.macosx.LWCToolkit.invokeAndWait(Ljava/lang/Runnable;Ljava/awt/Component;)V java.desktop@21.0.7 (59 bytes) @ 0x00000001130723ec [0x0000000113071960+0x0000000000000a8c]
J 3009 c1 sun.lwawt.macosx.CAccessibility.invokeAndWait(Ljava/util/concurrent/Callable;Ljava/awt/Component;Ljava/lang/Object;)Ljava/lang/Object; java.desktop@21.0.7 (32 bytes) @ 0x000000011305fa2c [0x000000011305f840+0x00000000000001ec]
j  sun.lwawt.macosx.CAccessibility.invokeAndWait(Ljava/util/concurrent/Callable;Ljava/awt/Component;)Ljava/lang/Object;+3 java.desktop@21.0.7
j  sun.lwawt.macosx.CAccessibility.getFocusOwner(Ljava/awt/Component;)Ljavax/accessibility/Accessible;+8 java.desktop@21.0.7
v  ~StubRoutines::call_stub 0x0000000119fd2cc4
J 2945  sun.lwawt.macosx.LWCToolkit.doAWTRunLoopImpl(JZZ)V java.desktop@21.0.7 (0 bytes) @ 0x000000011a80d47f [0x000000011a80d420+0x000000000000005f]
J 3046 c1 sun.lwawt.macosx.LWCToolkit.invokeAndWait(Ljava/lang/Runnable;Ljava/awt/Component;)V java.desktop@21.0.7 (59 bytes) @ 0x00000001130723ec [0x0000000113071960+0x0000000000000a8c]
J 3009 c1 sun.lwawt.macosx.CAccessibility.invokeAndWait(Ljava/util/concurrent/Callable;Ljava/awt/Component;Ljava/lang/Object;)Ljava/lang/Object; java.desktop@21.0.7 (32 bytes) @ 0x000000011305fa2c [0x000000011305f840+0x00000000000001ec]
j  sun.lwawt.macosx.CAccessibility.getAccessibleIndexInParent(Ljavax/accessibility/Accessible;Ljava/awt/Component;)I+19 java.desktop@21.0.7
v  ~StubRoutines::call_stub 0x0000000119fd2cc4
J 2945  sun.lwawt.macosx.LWCToolkit.doAWTRunLoopImpl(JZZ)V java.desktop@21.0.7 (0 bytes) @ 0x000000011a80d47f [0x000000011a80d420+0x000000000000005f]
J 3046 c1 sun.lwawt.macosx.LWCToolkit.invokeAndWait(Ljava/lang/Runnable;Ljava/awt/Component;)V java.desktop@21.0.7 (59 bytes) @ 0x00000001130723ec [0x0000000113071960+0x0000000000000a8c]
J 3009 c1 sun.lwawt.macosx.CAccessibility.invokeAndWait(Ljava/util/concurrent/Callable;Ljava/awt/Component;Ljava/lang/Object;)Ljava/lang/Object; java.desktop@21.0.7 (32 bytes) @ 0x000000011305fa2c [0x000000011305f840+0x00000000000001ec]
j  sun.lwawt.macosx.CAccessibility.getAccessibleIndexInParent(Ljavax/accessibility/Accessible;Ljava/awt/Component;)I+19 java.desktop@21.0.7
v  ~StubRoutines::call_stub 0x0000000119fd2cc4
J 2945  sun.lwawt.macosx.LWCToolkit.doAWTRunLoopImpl(JZZ)V java.desktop@21.0.7 (0 bytes) @ 0x000000011a80d47f [0x000000011a80d420+0x000000000000005f]
J 3046 c1 sun.lwawt.macosx.LWCToolkit.invokeAndWait(Ljava/lang/Runnable;Ljava/awt/Component;)V java.desktop@21.0.7 (59 bytes) @ 0x00000001130723ec [0x0000000113071960+0x0000000000000a8c]
J 3009 c1 sun.lwawt.macosx.CAccessibility.invokeAndWait(Ljava/util/concurrent/Callable;Ljava/awt/Component;Ljava/lang/Object;)Ljava/lang/Object; java.desktop@21.0.7 (32 bytes) @ 0x000000011305fa2c [0x000000011305f840+0x00000000000001ec]
j  sun.lwawt.macosx.CAccessibility.getAccessibleIndexInParent(Ljavax/accessibility/Accessible;Ljava/awt/Component;)I+19 java.desktop@21.0.7
v  ~StubRoutines::call_stub 0x0000000119fd2cc4
J 2945  sun.lwawt.macosx.LWCToolkit.doAWTRunLoopImpl(JZZ)V java.desktop@21.0.7 (0 bytes) @ 0x000000011a80d47f [0x000000011a80d420+0x000000000000005f]
J 3046 c1 sun.lwawt.macosx.LWCToolkit.invokeAndWait(Ljava/lang/Runnable;Ljava/awt/Component;)V java.desktop@21.0.7 (59 bytes) @ 0x00000001130723ec [0x0000000113071960+0x0000000000000a8c]
J 3009 c1 sun.lwawt.macosx.CAccessibility.invokeAndWait(Ljava/util/concurrent/Callable;Ljava/awt/Component;Ljava/lang/Object;)Ljava/lang/Object; java.desktop@21.0.7 (32 bytes) @ 0x000000011305fa2c [0x000000011305f840+0x00000000000001ec]
j  sun.lwawt.macosx.CAccessibility.getAccessibleIndexInParent(Ljavax/accessibility/Accessible;Ljava/awt/Component;)I+19 java.desktop@21.0.7
v  ~StubRoutines::call_stub 0x0000000119fd2cc4
J 2945  sun.lwawt.macosx.LWCToolkit.doAWTRunLoopImpl(JZZ)V java.desktop@21.0.7 (0 bytes) @ 0x000000011a80d47f [0x000000011a80d420+0x000000000000005f]
J 3046 c1 sun.lwawt.macosx.LWCToolkit.invokeAndWait(Ljava/lang/Runnable;Ljava/awt/Component;)V java.desktop@21.0.7 (59 bytes) @ 0x00000001130723ec [0x0000000113071960+0x0000000000000a8c]
J 3009 c1 sun.lwawt.macosx.CAccessibility.invokeAndWait(Ljava/util/concurrent/Callable;Ljava/awt/Component;Ljava/lang/Object;)Ljava/lang/Object; java.desktop@21.0.7 (32 bytes) @ 0x000000011305fa2c [0x000000011305f840+0x00000000000001ec]
j  sun.lwawt.macosx.CAccessibility.getAccessibleIndexInParent(Ljavax/accessibility/Accessible;Ljava/awt/Component;)I+19 java.desktop@21.0.7
v  ~StubRoutines::call_stub 0x0000000119fd2cc4
J 2945  sun.lwawt.macosx.LWCToolkit.doAWTRunLoopImpl(JZZ)V java.desktop@21.0.7 (0 bytes) @ 0x000000011a80d47f [0x000000011a80d420+0x000000000000005f]
J 3046 c1 sun.lwawt.macosx.LWCToolkit.invokeAndWait(Ljava/lang/Runnable;Ljava/awt/Component;)V java.desktop@21.0.7 (59 bytes) @ 0x00000001130723ec [0x0000000113071960+0x0000000000000a8c]
J 3009 c1 sun.lwawt.macosx.CAccessibility.invokeAndWait(Ljava/util/concurrent/Callable;Ljava/awt/Component;Ljava/lang/Object;)Ljava/lang/Object; java.desktop@21.0.7 (32 bytes) @ 0x000000011305fa2c [0x000000011305f840+0x00000000000001ec]
j  sun.lwawt.macosx.CAccessibility.getAccessibleIndexInParent(Ljavax/accessibility/Accessible;Ljava/awt/Component;)I+19 java.desktop@21.0.7
v  ~StubRoutines::call_stub 0x0000000119fd2cc4
J 2945  sun.lwawt.macosx.LWCToolkit.doAWTRunLoopImpl(JZZ)V java.desktop@21.0.7 (0 bytes) @ 0x000000011a80d47f [0x000000011a80d420+0x000000000000005f]
J 3046 c1 sun.lwawt.macosx.LWCToolkit.invokeAndWait(Ljava/lang/Runnable;Ljava/awt/Component;)V java.desktop@21.0.7 (59 bytes) @ 0x00000001130723ec [0x0000000113071960+0x0000000000000a8c]
J 3009 c1 sun.lwawt.macosx.CAccessibility.invokeAndWait(Ljava/util/concurrent/Callable;Ljava/awt/Component;Ljava/lang/Object;)Ljava/lang/Object; java.desktop@21.0.7 (32 bytes) @ 0x000000011305fa2c [0x000000011305f840+0x00000000000001ec]
j  sun.lwawt.macosx.CAccessibility.invokeAndWait(Ljava/util/concurrent/Callable;Ljava/awt/Component;)Ljava/lang/Object;+3 java.desktop@21.0.7
j  sun.lwawt.macosx.CAccessibility.getFocusOwner(Ljava/awt/Component;)Ljavax/accessibility/Accessible;+8 java.desktop@21.0.7
v  ~StubRoutines::call_stub 0x0000000119fd2cc4
J 2945  sun.lwawt.macosx.LWCToolkit.doAWTRunLoopImpl(JZZ)V java.desktop@21.0.7 (0 bytes) @ 0x000000011a80d47f [0x000000011a80d420+0x000000000000005f]
J 3046 c1 sun.lwawt.macosx.LWCToolkit.invokeAndWait(Ljava/lang/Runnable;Ljava/awt/Component;)V java.desktop@21.0.7 (59 bytes) @ 0x00000001130723ec [0x0000000113071960+0x0000000000000a8c]
J 3009 c1 sun.lwawt.macosx.CAccessibility.invokeAndWait(Ljava/util/concurrent/Callable;Ljava/awt/Component;Ljava/lang/Object;)Ljava/lang/Object; java.desktop@21.0.7 (32 bytes) @ 0x000000011305fa2c [0x000000011305f840+0x00000000000001ec]
j  sun.lwawt.macosx.CAccessibility.invokeAndWait(Ljava/util/concurrent/Callable;Ljava/awt/Component;)Ljava/lang/Object;+3 java.desktop@21.0.7
j  sun.lwawt.macosx.CAccessibility.getFocusOwner(Ljava/awt/Component;)Ljavax/accessibility/Accessible;+8 java.desktop@21.0.7
v  ~StubRoutines::call_stub 0x0000000119fd2cc4
J 2945  sun.lwawt.macosx.LWCToolkit.doAWTRunLoopImpl(JZZ)V java.desktop@21.0.7 (0 bytes) @ 0x000000011a80d47f [0x000000011a80d420+0x000000000000005f]
J 3049 c1 sun.lwawt.macosx.LWCToolkit.doAWTRunLoop(JZ)V java.desktop@21.0.7 (9 bytes) @ 0x0000000113073e24 [0x0000000113073dc0+0x0000000000000064]
j  sun.lwawt.macosx.LWCToolkit.invokeAndWait(Ljava/lang/Runnable;Ljava/awt/Component;)V+50 java.desktop@21.0.7
J 3009 c1 sun.lwawt.macosx.CAccessibility.invokeAndWait(Ljava/util/concurrent/Callable;Ljava/awt/Component;Ljava/lang/Object;)Ljava/lang/Object; java.desktop@21.0.7 (32 bytes) @ 0x000000011305fa2c [0x000000011305f840+0x00000000000001ec]
j  sun.lwawt.macosx.CAccessibility.invokeAndWait(Ljava/util/concurrent/Callable;Ljava/awt/Component;)Ljava/lang/Object;+3 java.desktop@21.0.7
j  sun.lwawt.macosx.CAccessibility.getFocusOwner(Ljava/awt/Component;)Ljavax/accessibility/Accessible;+8 java.desktop@21.0.7
v  ~StubRoutines::call_stub 0x0000000119fd2cc4
J 2945  sun.lwawt.macosx.LWCToolkit.doAWTRunLoopImpl(JZZ)V java.desktop@21.0.7 (0 bytes) @ 0x000000011a80d47f [0x000000011a80d420+0x000000000000005f]
j  sun.lwawt.macosx.LWCToolkit.doAWTRunLoop(JZ)V+5 java.desktop@21.0.7
j  sun.lwawt.macosx.LWCToolkit.invokeAndWait(Ljava/lang/Runnable;Ljava/awt/Component;)V+50 java.desktop@21.0.7
J 3009 c1 sun.lwawt.macosx.CAccessibility.invokeAndWait(Ljava/util/concurrent/Callable;Ljava/awt/Component;Ljava/lang/Object;)Ljava/lang/Object; java.desktop@21.0.7 (32 bytes) @ 0x000000011305fa2c [0x000000011305f840+0x00000000000001ec]
j  sun.lwawt.macosx.CAccessibility.getAccessibleIndexInParent(Ljavax/accessibility/Accessible;Ljava/awt/Component;)I+19 java.desktop@21.0.7
v  ~StubRoutines::call_stub 0x0000000119fd2cc4
J 2945  sun.lwawt.macosx.LWCToolkit.doAWTRunLoopImpl(JZZ)V java.desktop@21.0.7 (0 bytes) @ 0x000000011a80d47f [0x000000011a80d420+0x000000000000005f]
j  sun.lwawt.macosx.LWCToolkit.doAWTRunLoop(JZ)V+5 java.desktop@21.0.7
j  sun.lwawt.macosx.LWCToolkit.invokeAndWait(Ljava/lang/Runnable;Ljava/awt/Component;)V+50 java.desktop@21.0.7
J 3009 c1 sun.lwawt.macosx.CAccessibility.invokeAndWait(Ljava/util/concurrent/Callable;Ljava/awt/Component;Ljava/lang/Object;)Ljava/lang/Object; java.desktop@21.0.7 (32 bytes) @ 0x000000011305fa2c [0x000000011305f840+0x00000000000001ec]
j  sun.lwawt.macosx.CAccessibility.getAccessibleIndexInParent(Ljavax/accessibility/Accessible;Ljava/awt/Component;)I+19 java.desktop@21.0.7
v  ~StubRoutines::call_stub 0x0000000119fd2cc4
J 2945  sun.lwawt.macosx.LWCToolkit.doAWTRunLoopImpl(JZZ)V java.desktop@21.0.7 (0 bytes) @ 0x000000011a80d47f [0x000000011a80d420+0x000000000000005f]
j  sun.lwawt.macosx.LWCToolkit.doAWTRunLoop(JZ)V+5 java.desktop@21.0.7
j  sun.lwawt.macosx.LWCToolkit.invokeAndWait(Ljava/lang/Runnable;Ljava/awt/Component;)V+50 java.desktop@21.0.7
J 3009 c1 sun.lwawt.macosx.CAccessibility.invokeAndWait(Ljava/util/concurrent/Callable;Ljava/awt/Component;Ljava/lang/Object;)Ljava/lang/Object; java.desktop@21.0.7 (32 bytes) @ 0x000000011305fa2c [0x000000011305f840+0x00000000000001ec]
j  sun.lwawt.macosx.CAccessibility.invokeAndWait(Ljava/util/concurrent/Callable;Ljava/awt/Component;)Ljava/lang/Object;+3 java.desktop@21.0.7
j  sun.lwawt.macosx.CAccessibility.getFocusOwner(Ljava/awt/Component;)Ljavax/accessibility/Accessible;+8 java.desktop@21.0.7
v  ~StubRoutines::call_stub 0x0000000119fd2cc4
J 2945  sun.lwawt.macosx.LWCToolkit.doAWTRunLoopImpl(JZZ)V java.desktop@21.0.7 (0 bytes) @ 0x000000011a80d47f [0x000000011a80d420+0x000000000000005f]
j  sun.lwawt.macosx.LWCToolkit.doAWTRunLoop(JZ)V+5 java.desktop@21.0.7
j  sun.lwawt.macosx.LWCToolkit.invokeAndWait(Ljava/lang/Runnable;Ljava/awt/Component;)V+50 java.desktop@21.0.7
J 3009 c1 sun.lwawt.macosx.CAccessibility.invokeAndWait(Ljava/util/concurrent/Callable;Ljava/awt/Component;Ljava/lang/Object;)Ljava/lang/Object; java.desktop@21.0.7 (32 bytes) @ 0x000000011305fa2c [0x000000011305f840+0x00000000000001ec]
j  sun.lwawt.macosx.CAccessibility.getAccessibleIndexInParent(Ljavax/accessibility/Accessible;Ljava/awt/Component;)I+19 java.desktop@21.0.7
v  ~StubRoutines::call_stub 0x0000000119fd2cc4
J 2945  sun.lwawt.macosx.LWCToolkit.doAWTRunLoopImpl(JZZ)V java.desktop@21.0.7 (0 bytes) @ 0x000000011a80d47f [0x000000011a80d420+0x000000000000005f]
j  sun.lwawt.macosx.LWCToolkit.doAWTRunLoop(JZ)V+5 java.desktop@21.0.7
j  sun.lwawt.macosx.LWCToolkit.invokeAndWait(Ljava/lang/Runnable;Ljava/awt/Component;)V+50 java.desktop@21.0.7
J 3009 c1 sun.lwawt.macosx.CAccessibility.invokeAndWait(Ljava/util/concurrent/Callable;Ljava/awt/Component;Ljava/lang/Object;)Ljava/lang/Object; java.desktop@21.0.7 (32 bytes) @ 0x000000011305fa2c [0x000000011305f840+0x00000000000001ec]
j  sun.lwawt.macosx.CAccessibility.getAccessibleIndexInParent(Ljavax/accessibility/Accessible;Ljava/awt/Component;)I+19 java.desktop@21.0.7
v  ~StubRoutines::call_stub 0x0000000119fd2cc4
J 2945  sun.lwawt.macosx.LWCToolkit.doAWTRunLoopImpl(JZZ)V java.desktop@21.0.7 (0 bytes) @ 0x000000011a80d47f [0x000000011a80d420+0x000000000000005f]
j  sun.lwawt.macosx.LWCToolkit.doAWTRunLoop(JZ)V+5 java.desktop@21.0.7
j  sun.lwawt.macosx.LWCToolkit.invokeAndWait(Ljava/lang/Runnable;Ljava/awt/Component;)V+50 java.desktop@21.0.7
J 3009 c1 sun.lwawt.macosx.CAccessibility.invokeAndWait(Ljava/util/concurrent/Callable;Ljava/awt/Component;Ljava/lang/Object;)Ljava/lang/Object; java.desktop@21.0.7 (32 bytes) @ 0x000000011305fa2c [0x000000011305f840+0x00000000000001ec]
j  sun.lwawt.macosx.CAccessibility.getAccessibleIndexInParent(Ljavax/accessibility/Accessible;Ljava/awt/Component;)I+19 java.desktop@21.0.7
v  ~StubRoutines::call_stub 0x0000000119fd2cc4
J 2945  sun.lwawt.macosx.LWCToolkit.doAWTRunLoopImpl(JZZ)V java.desktop@21.0.7 (0 bytes) @ 0x000000011a80d47f [0x000000011a80d420+0x000000000000005f]
j  sun.lwawt.macosx.LWCToolkit.doAWTRunLoop(JZ)V+5 java.desktop@21.0.7
j  sun.lwawt.macosx.LWCToolkit.invokeAndWait(Ljava/lang/Runnable;Ljava/awt/Component;)V+50 java.desktop@21.0.7
J 3009 c1 sun.lwawt.macosx.CAccessibility.invokeAndWait(Ljava/util/concurrent/Callable;Ljava/awt/Component;Ljava/lang/Object;)Ljava/lang/Object; java.desktop@21.0.7 (32 bytes) @ 0x000000011305fa2c [0x000000011305f840+0x00000000000001ec]
j  sun.lwawt.macosx.CAccessibility.getAccessibleIndexInParent(Ljavax/accessibility/Accessible;Ljava/awt/Component;)I+19 java.desktop@21.0.7
v  ~StubRoutines::call_stub 0x0000000119fd2cc4
J 2945  sun.lwawt.macosx.LWCToolkit.doAWTRunLoopImpl(JZZ)V java.desktop@21.0.7 (0 bytes) @ 0x000000011a80d47f [0x000000011a80d420+0x000000000000005f]
j  sun.lwawt.macosx.LWCToolkit.doAWTRunLoop(JZ)V+5 java.desktop@21.0.7
j  sun.lwawt.macosx.LWCToolkit.invokeAndWait(Ljava/lang/Runnable;Ljava/awt/Component;)V+50 java.desktop@21.0.7
J 3009 c1 sun.lwawt.macosx.CAccessibility.invokeAndWait(Ljava/util/concurrent/Callable;Ljava/awt/Component;Ljava/lang/Object;)Ljava/lang/Object; java.desktop@21.0.7 (32 bytes) @ 0x000000011305fa2c [0x000000011305f840+0x00000000000001ec]
j  sun.lwawt.macosx.CAccessibility.getAccessibleIndexInParent(Ljavax/accessibility/Accessible;Ljava/awt/Component;)I+19 java.desktop@21.0.7
v  ~StubRoutines::call_stub 0x0000000119fd2cc4
J 2945  sun.lwawt.macosx.LWCToolkit.doAWTRunLoopImpl(JZZ)V java.desktop@21.0.7 (0 bytes) @ 0x000000011a80d47f [0x000000011a80d420+0x000000000000005f]
j  sun.lwawt.macosx.LWCToolkit.doAWTRunLoop(JZ)V+5 java.desktop@21.0.7
j  sun.lwawt.macosx.LWCToolkit.invokeAndWait(Ljava/lang/Runnable;Ljava/awt/Component;)V+50 java.desktop@21.0.7
J 3009 c1 sun.lwawt.macosx.CAccessibility.invokeAndWait(Ljava/util/concurrent/Callable;Ljava/awt/Component;Ljava/lang/Object;)Ljava/lang/Object; java.desktop@21.0.7 (32 bytes) @ 0x000000011305fa2c [0x000000011305f840+0x00000000000001ec]
j  sun.lwawt.macosx.CAccessibility.getAccessibleIndexInParent(Ljavax/accessibility/Accessible;Ljava/awt/Component;)I+19 java.desktop@21.0.7
v  ~StubRoutines::call_stub 0x0000000119fd2cc4
J 2945  sun.lwawt.macosx.LWCToolkit.doAWTRunLoopImpl(JZZ)V java.desktop@21.0.7 (0 bytes) @ 0x000000011a80d47f [0x000000011a80d420+0x000000000000005f]
j  sun.lwawt.macosx.LWCToolkit.doAWTRunLoop(JZ)V+5 java.desktop@21.0.7
j  sun.lwawt.macosx.LWCToolkit.invokeAndWait(Ljava/lang/Runnable;Ljava/awt/Component;)V+50 java.desktop@21.0.7
J 3009 c1 sun.lwawt.macosx.CAccessibility.invokeAndWait(Ljava/util/concurrent/Callable;Ljava/awt/Component;Ljava/lang/Object;)Ljava/lang/Object; java.desktop@21.0.7 (32 bytes) @ 0x000000011305fa2c [0x000000011305f840+0x00000000000001ec]
j  sun.lwawt.macosx.CAccessibility.getAccessibleIndexInParent(Ljavax/accessibility/Accessible;Ljava/awt/Component;)I+19 java.desktop@21.0.7
v  ~StubRoutines::call_stub 0x0000000119fd2cc4
J 2945  sun.lwawt.macosx.LWCToolkit.doAWTRunLoopImpl(JZZ)V java.desktop@21.0.7 (0 bytes) @ 0x000000011a80d47f [0x000000011a80d420+0x000000000000005f]
j  sun.lwawt.macosx.LWCToolkit.doAWTRunLoop(JZ)V+5 java.desktop@21.0.7
j  sun.lwawt.macosx.LWCToolkit.invokeAndWait(Ljava/lang/Runnable;Ljava/awt/Component;)V+50 java.desktop@21.0.7
J 3009 c1 sun.lwawt.macosx.CAccessibility.invokeAndWait(Ljava/util/concurrent/Callable;Ljava/awt/Component;Ljava/lang/Object;)Ljava/lang/Object; java.desktop@21.0.7 (32 bytes) @ 0x000000011305fa2c [0x000000011305f840+0x00000000000001ec]
j  sun.lwawt.macosx.CAccessibility.getAccessibleIndexInParent(Ljavax/accessibility/Accessible;Ljava/awt/Component;)I+19 java.desktop@21.0.7
v  ~StubRoutines::call_stub 0x0000000119fd2cc4
J 2945  sun.lwawt.macosx.LWCToolkit.doAWTRunLoopImpl(JZZ)V java.desktop@21.0.7 (0 bytes) @ 0x000000011a80d47f [0x000000011a80d420+0x000000000000005f]
j  sun.lwawt.macosx.LWCToolkit.doAWTRunLoop(JZ)V+5 java.desktop@21.0.7
j  sun.lwawt.macosx.LWCToolkit.invokeAndWait(Ljava/lang/Runnable;Ljava/awt/Component;)V+50 java.desktop@21.0.7
J 3009 c1 sun.lwawt.macosx.CAccessibility.invokeAndWait(Ljava/util/concurrent/Callable;Ljava/awt/Component;Ljava/lang/Object;)Ljava/lang/Object; java.desktop@21.0.7 (32 bytes) @ 0x000000011305fa2c [0x000000011305f840+0x00000000000001ec]
j  sun.lwawt.macosx.CAccessibility.getAccessibleIndexInParent(Ljavax/accessibility/Accessible;Ljava/awt/Component;)I+19 java.desktop@21.0.7
v  ~StubRoutines::call_stub 0x0000000119fd2cc4
J 2945  sun.lwawt.macosx.LWCToolkit.doAWTRunLoopImpl(JZZ)V java.desktop@21.0.7 (0 bytes) @ 0x000000011a80d47f [0x000000011a80d420+0x000000000000005f]
j  sun.lwawt.macosx.LWCToolkit.doAWTRunLoop(JZ)V+5 java.desktop@21.0.7
j  sun.lwawt.macosx.LWCToolkit.invokeAndWait(Ljava/lang/Runnable;Ljava/awt/Component;)V+50 java.desktop@21.0.7
J 3009 c1 sun.lwawt.macosx.CAccessibility.invokeAndWait(Ljava/util/concurrent/Callable;Ljava/awt/Component;Ljava/lang/Object;)Ljava/lang/Object; java.desktop@21.0.7 (32 bytes) @ 0x000000011305fa2c [0x000000011305f840+0x00000000000001ec]
j  sun.lwawt.macosx.CAccessibility.getAccessibleIndexInParent(Ljavax/accessibility/Accessible;Ljava/awt/Component;)I+19 java.desktop@21.0.7
v  ~StubRoutines::call_stub 0x0000000119fd2cc4
J 2945  sun.lwawt.macosx.LWCToolkit.doAWTRunLoopImpl(JZZ)V java.desktop@21.0.7 (0 bytes) @ 0x000000011a80d47f [0x000000011a80d420+0x000000000000005f]
j  sun.lwawt.macosx.LWCToolkit.doAWTRunLoop(JZ)V+5 java.desktop@21.0.7
j  sun.lwawt.macosx.LWCToolkit.invokeAndWait(Ljava/lang/Runnable;Ljava/awt/Component;)V+50 java.desktop@21.0.7
J 3009 c1 sun.lwawt.macosx.CAccessibility.invokeAndWait(Ljava/util/concurrent/Callable;Ljava/awt/Component;Ljava/lang/Object;)Ljava/lang/Object; java.desktop@21.0.7 (32 bytes) @ 0x000000011305fa2c [0x000000011305f840+0x00000000000001ec]
j  sun.lwawt.macosx.CAccessibility.getAccessibleIndexInParent(Ljavax/accessibility/Accessible;Ljava/awt/Component;)I+19 java.desktop@21.0.7
v  ~StubRoutines::call_stub 0x0000000119fd2cc4
J 2945  sun.lwawt.macosx.LWCToolkit.doAWTRunLoopImpl(JZZ)V java.desktop@21.0.7 (0 bytes) @ 0x000000011a80d47f [0x000000011a80d420+0x000000000000005f]
j  sun.lwawt.macosx.LWCToolkit.doAWTRunLoop(JZ)V+5 java.desktop@21.0.7
j  sun.lwawt.macosx.LWCToolkit.invokeAndWait(Ljava/lang/Runnable;Ljava/awt/Component;)V+50 java.desktop@21.0.7
J 3009 c1 sun.lwawt.macosx.CAccessibility.invokeAndWait(Ljava/util/concurrent/Callable;Ljava/awt/Component;Ljava/lang/Object;)Ljava/lang/Object; java.desktop@21.0.7 (32 bytes) @ 0x000000011305fa2c [0x000000011305f840+0x00000000000001ec]
j  sun.lwawt.macosx.CAccessibility.getAccessibleIndexInParent(Ljavax/accessibility/Accessible;Ljava/awt/Component;)I+19 java.desktop@21.0.7
v  ~StubRoutines::call_stub 0x0000000119fd2cc4
J 2945  sun.lwawt.macosx.LWCToolkit.doAWTRunLoopImpl(JZZ)V java.desktop@21.0.7 (0 bytes) @ 0x000000011a80d47f [0x000000011a80d420+0x000000000000005f]
j  sun.lwawt.macosx.LWCToolkit.doAWTRunLoop(JZ)V+5 java.desktop@21.0.7
j  sun.lwawt.macosx.LWCToolkit.invokeAndWait(Ljava/lang/Runnable;Ljava/awt/Component;)V+50 java.desktop@21.0.7
J 3009 c1 sun.lwawt.macosx.CAccessibility.invokeAndWait(Ljava/util/concurrent/Callable;Ljava/awt/Component;Ljava/lang/Object;)Ljava/lang/Object; java.desktop@21.0.7 (32 bytes) @ 0x000000011305fa2c [0x000000011305f840+0x00000000000001ec]
j  sun.lwawt.macosx.CAccessibility.getAccessibleIndexInParent(Ljavax/accessibility/Accessible;Ljava/awt/Component;)I+19 java.desktop@21.0.7
v  ~StubRoutines::call_stub 0x0000000119fd2cc4
J 2945  sun.lwawt.macosx.LWCToolkit.doAWTRunLoopImpl(JZZ)V java.desktop@21.0.7 (0 bytes) @ 0x000000011a80d47f [0x000000011a80d420+0x000000000000005f]
j  sun.lwawt.macosx.LWCToolkit.doAWTRunLoop(JZ)V+5 java.desktop@21.0.7
j  sun.lwawt.macosx.LWCToolkit.invokeAndWait(Ljava/lang/Runnable;Ljava/awt/Component;)V+50 java.desktop@21.0.7
J 3009 c1 sun.lwawt.macosx.CAccessibility.invokeAndWait(Ljava/util/concurrent/Callable;Ljava/awt/Component;Ljava/lang/Object;)Ljava/lang/Object; java.desktop@21.0.7 (32 bytes) @ 0x000000011305fa2c [0x000000011305f840+0x00000000000001ec]
j  sun.lwawt.macosx.CAccessibility.getAccessibleIndexInParent(Ljavax/accessibility/Accessible;Ljava/awt/Component;)I+19 java.desktop@21.0.7
v  ~StubRoutines::call_stub 0x0000000119fd2cc4
J 2945  sun.lwawt.macosx.LWCToolkit.doAWTRunLoopImpl(JZZ)V java.desktop@21.0.7 (0 bytes) @ 0x000000011a80d47f [0x000000011a80d420+0x000000000000005f]
j  sun.lwawt.macosx.LWCToolkit.doAWTRunLoop(JZ)V+5 java.desktop@21.0.7
j  sun.lwawt.macosx.LWCToolkit.invokeAndWait(Ljava/lang/Runnable;Ljava/awt/Component;)V+50 java.desktop@21.0.7
J 3009 c1 sun.lwawt.macosx.CAccessibility.invokeAndWait(Ljava/util/concurrent/Callable;Ljava/awt/Component;Ljava/lang/Object;)Ljava/lang/Object; java.desktop@21.0.7 (32 bytes) @ 0x000000011305fa2c [0x000000011305f840+0x00000000000001ec]
j  sun.lwawt.macosx.CAccessibility.getAccessibleIndexInParent(Ljavax/accessibility/Accessible;Ljava/awt/Component;)I+19 java.desktop@21.0.7
v  ~StubRoutines::call_stub 0x0000000119fd2cc4
J 2945  sun.lwawt.macosx.LWCToolkit.doAWTRunLoopImpl(JZZ)V java.desktop@21.0.7 (0 bytes) @ 0x000000011a80d47f [0x000000011a80d420+0x000000000000005f]
j  sun.lwawt.macosx.LWCToolkit.doAWTRunLoop(JZ)V+5 java.desktop@21.0.7
j  sun.lwawt.macosx.LWCToolkit.invokeAndWait(Ljava/lang/Runnable;Ljava/awt/Component;)V+50 java.desktop@21.0.7
J 3009 c1 sun.lwawt.macosx.CAccessibility.invokeAndWait(Ljava/util/concurrent/Callable;Ljava/awt/Component;Ljava/lang/Object;)Ljava/lang/Object; java.desktop@21.0.7 (32 bytes) @ 0x000000011305fa2c [0x000000011305f840+0x00000000000001ec]
j  sun.lwawt.macosx.CAccessibility.getAccessibleIndexInParent(Ljavax/accessibility/Accessible;Ljava/awt/Component;)I+19 java.desktop@21.0.7
v  ~StubRoutines::call_stub 0x0000000119fd2cc4
J 2945  sun.lwawt.macosx.LWCToolkit.doAWTRunLoopImpl(JZZ)V java.desktop@21.0.7 (0 bytes) @ 0x000000011a80d47f [0x000000011a80d420+0x000000000000005f]
j  sun.lwawt.macosx.LWCToolkit.doAWTRunLoop(JZ)V+5 java.desktop@21.0.7
j  sun.lwawt.macosx.LWCToolkit.invokeAndWait(Ljava/lang/Runnable;Ljava/awt/Component;)V+50 java.desktop@21.0.7
J 3009 c1 sun.lwawt.macosx.CAccessibility.invokeAndWait(Ljava/util/concurrent/Callable;Ljava/awt/Component;Ljava/lang/Object;)Ljava/lang/Object; java.desktop@21.0.7 (32 bytes) @ 0x000000011305fa2c [0x000000011305f840+0x00000000000001ec]
j  sun.lwawt.macosx.CAccessibility.getAccessibleIndexInParent(Ljavax/accessibility/Accessible;Ljava/awt/Component;)I+19 java.desktop@21.0.7
v  ~StubRoutines::call_stub 0x0000000119fd2cc4
J 2945  sun.lwawt.macosx.LWCToolkit.doAWTRunLoopImpl(JZZ)V java.desktop@21.0.7 (0 bytes) @ 0x000000011a80d47f [0x000000011a80d420+0x000000000000005f]
j  sun.lwawt.macosx.LWCToolkit.doAWTRunLoop(JZ)V+5 java.desktop@21.0.7
j  sun.lwawt.macosx.LWCToolkit.invokeAndWait(Ljava/lang/Runnable;Ljava/awt/Component;)V+50 java.desktop@21.0.7
J 3009 c1 sun.lwawt.macosx.CAccessibility.invokeAndWait(Ljava/util/concurrent/Callable;Ljava/awt/Component;Ljava/lang/Object;)Ljava/lang/Object; java.desktop@21.0.7 (32 bytes) @ 0x000000011305fa2c [0x000000011305f840+0x00000000000001ec]
j  sun.lwawt.macosx.CAccessibility.getAccessibleIndexInParent(Ljavax/accessibility/Accessible;Ljava/awt/Component;)I+19 java.desktop@21.0.7
v  ~StubRoutines::call_stub 0x0000000119fd2cc4
J 2945  sun.lwawt.macosx.LWCToolkit.doAWTRunLoopImpl(JZZ)V java.desktop@21.0.7 (0 bytes) @ 0x000000011a80d47f [0x000000011a80d420+0x000000000000005f]
j  sun.lwawt.macosx.LWCToolkit.doAWTRunLoop(JZ)V+5 java.desktop@21.0.7
j  sun.lwawt.macosx.LWCToolkit.invokeAndWait(Ljava/lang/Runnable;Ljava/awt/Component;)V+50 java.desktop@21.0.7
J 3009 c1 sun.lwawt.macosx.CAccessibility.invokeAndWait(Ljava/util/concurrent/Callable;Ljava/awt/Component;Ljava/lang/Object;)Ljava/lang/Object; java.desktop@21.0.7 (32 bytes) @ 0x000000011305fa2c [0x000000011305f840+0x00000000000001ec]
j  sun.lwawt.macosx.CAccessibility.getAccessibleIndexInParent(Ljavax/accessibility/Accessible;Ljava/awt/Component;)I+19 java.desktop@21.0.7
v  ~StubRoutines::call_stub 0x0000000119fd2cc4
J 2945  sun.lwawt.macosx.LWCToolkit.doAWTRunLoopImpl(JZZ)V java.desktop@21.0.7 (0 bytes) @ 0x000000011a80d47f [0x000000011a80d420+0x000000000000005f]
j  sun.lwawt.macosx.LWCToolkit.doAWTRunLoop(JZ)V+5 java.desktop@21.0.7
j  sun.lwawt.macosx.LWCToolkit.invokeAndWait(Ljava/lang/Runnable;Ljava/awt/Component;)V+50 java.desktop@21.0.7
J 3009 c1 sun.lwawt.macosx.CAccessibility.invokeAndWait(Ljava/util/concurrent/Callable;Ljava/awt/Component;Ljava/lang/Object;)Ljava/lang/Object; java.desktop@21.0.7 (32 bytes) @ 0x000000011305fa2c [0x000000011305f840+0x00000000000001ec]
j  sun.lwawt.macosx.CAccessibility.getAccessibleIndexInParent(Ljavax/accessibility/Accessible;Ljava/awt/Component;)I+19 java.desktop@21.0.7
v  ~StubRoutines::call_stub 0x0000000119fd2cc4
J 2945  sun.lwawt.macosx.LWCToolkit.doAWTRunLoopImpl(JZZ)V java.desktop@21.0.7 (0 bytes) @ 0x000000011a80d47f [0x000000011a80d420+0x000000000000005f]
j  sun.lwawt.macosx.LWCToolkit.doAWTRunLoop(JZ)V+5 java.desktop@21.0.7
j  sun.lwawt.macosx.LWCToolkit.invokeAndWait(Ljava/lang/Runnable;Ljava/awt/Component;)V+50 java.desktop@21.0.7
J 3009 c1 sun.lwawt.macosx.CAccessibility.invokeAndWait(Ljava/util/concurrent/Callable;Ljava/awt/Component;Ljava/lang/Object;)Ljava/lang/Object; java.desktop@21.0.7 (32 bytes) @ 0x000000011305fa2c [0x000000011305f840+0x00000000000001ec]
j  sun.lwawt.macosx.CAccessibility.getAccessibleIndexInParent(Ljavax/accessibility/Accessible;Ljava/awt/Component;)I+19 java.desktop@21.0.7
v  ~StubRoutines::call_stub 0x0000000119fd2cc4
J 2945  sun.lwawt.macosx.LWCToolkit.doAWTRunLoopImpl(JZZ)V java.desktop@21.0.7 (0 bytes) @ 0x000000011a80d47f [0x000000011a80d420+0x000000000000005f]
j  sun.lwawt.macosx.LWCToolkit.doAWTRunLoop(JZ)V+5 java.desktop@21.0.7
j  sun.lwawt.macosx.LWCToolkit.invokeAndWait(Ljava/lang/Runnable;Ljava/awt/Component;)V+50 java.desktop@21.0.7
J 3009 c1 sun.lwawt.macosx.CAccessibility.invokeAndWait(Ljava/util/concurrent/Callable;Ljava/awt/Component;Ljava/lang/Object;)Ljava/lang/Object; java.desktop@21.0.7 (32 bytes) @ 0x000000011305fa2c [0x000000011305f840+0x00000000000001ec]
j  sun.lwawt.macosx.CAccessibility.getAccessibleIndexInParent(Ljavax/accessibility/Accessible;Ljava/awt/Component;)I+19 java.desktop@21.0.7
v  ~StubRoutines::call_stub 0x0000000119fd2cc4
J 2945  sun.lwawt.macosx.LWCToolkit.doAWTRunLoopImpl(JZZ)V java.desktop@21.0.7 (0 bytes) @ 0x000000011a80d47f [0x000000011a80d420+0x000000000000005f]
j  sun.lwawt.macosx.LWCToolkit.doAWTRunLoop(JZ)V+5 java.desktop@21.0.7
j  sun.lwawt.macosx.LWCToolkit.invokeAndWait(Ljava/lang/Runnable;Ljava/awt/Component;)V+50 java.desktop@21.0.7
J 3009 c1 sun.lwawt.macosx.CAccessibility.invokeAndWait(Ljava/util/concurrent/Callable;Ljava/awt/Component;Ljava/lang/Object;)Ljava/lang/Object; java.desktop@21.0.7 (32 bytes) @ 0x000000011305fa2c [0x000000011305f840+0x00000000000001ec]
j  sun.lwawt.macosx.CAccessibility.getAccessibleIndexInParent(Ljavax/accessibility/Accessible;Ljava/awt/Component;)I+19 java.desktop@21.0.7
v  ~StubRoutines::call_stub 0x0000000119fd2cc4
J 2945  sun.lwawt.macosx.LWCToolkit.doAWTRunLoopImpl(JZZ)V java.desktop@21.0.7 (0 bytes) @ 0x000000011a80d47f [0x000000011a80d420+0x000000000000005f]
j  sun.lwawt.macosx.LWCToolkit.doAWTRunLoop(JZ)V+5 java.desktop@21.0.7
j  sun.lwawt.macosx.LWCToolkit.invokeAndWait(Ljava/lang/Runnable;Ljava/awt/Component;)V+50 java.desktop@21.0.7
J 3009 c1 sun.lwawt.macosx.CAccessibility.invokeAndWait(Ljava/util/concurrent/Callable;Ljava/awt/Component;Ljava/lang/Object;)Ljava/lang/Object; java.desktop@21.0.7 (32 bytes) @ 0x000000011305fa2c [0x000000011305f840+0x00000000000001ec]
j  sun.lwawt.macosx.CAccessibility.getAccessibleIndexInParent(Ljavax/accessibility/Accessible;Ljava/awt/Component;)I+19 java.desktop@21.0.7
v  ~StubRoutines::call_stub 0x0000000119fd2cc4
J 2945  sun.lwawt.macosx.LWCToolkit.doAWTRunLoopImpl(JZZ)V java.desktop@21.0.7 (0 bytes) @ 0x000000011a80d47f [0x000000011a80d420+0x000000000000005f]
j  sun.lwawt.macosx.LWCToolkit.doAWTRunLoop(JZ)V+5 java.desktop@21.0.7
j  sun.lwawt.macosx.LWCToolkit.invokeAndWait(Ljava/lang/Runnable;Ljava/awt/Component;)V+50 java.desktop@21.0.7
J 3009 c1 sun.lwawt.macosx.CAccessibility.invokeAndWait(Ljava/util/concurrent/Callable;Ljava/awt/Component;Ljava/lang/Object;)Ljava/lang/Object; java.desktop@21.0.7 (32 bytes) @ 0x000000011305fa2c [0x000000011305f840+0x00000000000001ec]
j  sun.lwawt.macosx.CAccessibility.getAccessibleIndexInParent(Ljavax/accessibility/Accessible;Ljava/awt/Component;)I+19 java.desktop@21.0.7
v  ~StubRoutines::call_stub 0x0000000119fd2cc4
J 2945  sun.lwawt.macosx.LWCToolkit.doAWTRunLoopImpl(JZZ)V java.desktop@21.0.7 (0 bytes) @ 0x000000011a80d47f [0x000000011a80d420+0x000000000000005f]
j  sun.lwawt.macosx.LWCToolkit.doAWTRunLoop(JZ)V+5 java.desktop@21.0.7
j  sun.lwawt.macosx.LWCToolkit.invokeAndWait(Ljava/lang/Runnable;Ljava/awt/Component;)V+50 java.desktop@21.0.7
J 3009 c1 sun.lwawt.macosx.CAccessibility.invokeAndWait(Ljava/util/concurrent/Callable;Ljava/awt/Component;Ljava/lang/Object;)Ljava/lang/Object; java.desktop@21.0.7 (32 bytes) @ 0x000000011305fa2c [0x000000011305f840+0x00000000000001ec]
j  sun.lwawt.macosx.CAccessibility.getAccessibleIndexInParent(Ljavax/accessibility/Accessible;Ljava/awt/Component;)I+19 java.desktop@21.0.7
v  ~StubRoutines::call_stub 0x0000000119fd2cc4
J 2945  sun.lwawt.macosx.LWCToolkit.doAWTRunLoopImpl(JZZ)V java.desktop@21.0.7 (0 bytes) @ 0x000000011a80d47f [0x000000011a80d420+0x000000000000005f]
j  sun.lwawt.macosx.LWCToolkit.doAWTRunLoop(JZ)V+5 java.desktop@21.0.7
j  sun.lwawt.macosx.LWCToolkit.invokeAndWait(Ljava/lang/Runnable;Ljava/awt/Component;)V+50 java.desktop@21.0.7
J 3009 c1 sun.lwawt.macosx.CAccessibility.invokeAndWait(Ljava/util/concurrent/Callable;Ljava/awt/Component;Ljava/lang/Object;)Ljava/lang/Object; java.desktop@21.0.7 (32 bytes) @ 0x000000011305fa2c [0x000000011305f840+0x00000000000001ec]
j  sun.lwawt.macosx.CAccessibility.getAccessibleIndexInParent(Ljavax/accessibility/Accessible;Ljava/awt/Component;)I+19 java.desktop@21.0.7
v  ~StubRoutines::call_stub 0x0000000119fd2cc4
J 2945  sun.lwawt.macosx.LWCToolkit.doAWTRunLoopImpl(JZZ)V java.desktop@21.0.7 (0 bytes) @ 0x000000011a80d47f [0x000000011a80d420+0x000000000000005f]
j  sun.lwawt.macosx.LWCToolkit.doAWTRunLoop(JZ)V+5 java.desktop@21.0.7
j  sun.lwawt.macosx.LWCToolkit.invokeAndWait(Ljava/lang/Runnable;Ljava/awt/Component;)V+50 java.desktop@21.0.7
J 3009 c1 sun.lwawt.macosx.CAccessibility.invokeAndWait(Ljava/util/concurrent/Callable;Ljava/awt/Component;Ljava/lang/Object;)Ljava/lang/Object; java.desktop@21.0.7 (32 bytes) @ 0x000000011305fa2c [0x000000011305f840+0x00000000000001ec]
j  sun.lwawt.macosx.CAccessibility.getAccessibleIndexInParent(Ljavax/accessibility/Accessible;Ljava/awt/Component;)I+19 java.desktop@21.0.7
v  ~StubRoutines::call_stub 0x0000000119fd2cc4
J 2945  sun.lwawt.macosx.LWCToolkit.doAWTRunLoopImpl(JZZ)V java.desktop@21.0.7 (0 bytes) @ 0x000000011a80d47f [0x000000011a80d420+0x000000000000005f]
j  sun.lwawt.macosx.LWCToolkit.doAWTRunLoop(JZ)V+5 java.desktop@21.0.7
j  sun.lwawt.macosx.LWCToolkit.invokeAndWait(Ljava/lang/Runnable;Ljava/awt/Component;)V+50 java.desktop@21.0.7
J 3009 c1 sun.lwawt.macosx.CAccessibility.invokeAndWait(Ljava/util/concurrent/Callable;Ljava/awt/Component;Ljava/lang/Object;)Ljava/lang/Object; java.desktop@21.0.7 (32 bytes) @ 0x000000011305fa2c [0x000000011305f840+0x00000000000001ec]
j  sun.lwawt.macosx.CAccessibility.getAccessibleIndexInParent(Ljavax/accessibility/Accessible;Ljava/awt/Component;)I+19 java.desktop@21.0.7
v  ~StubRoutines::call_stub 0x0000000119fd2cc4
J 2945  sun.lwawt.macosx.LWCToolkit.doAWTRunLoopImpl(JZZ)V java.desktop@21.0.7 (0 bytes) @ 0x000000011a80d47f [0x000000011a80d420+0x000000000000005f]
j  sun.lwawt.macosx.LWCToolkit.doAWTRunLoop(JZ)V+5 java.desktop@21.0.7
j  sun.lwawt.macosx.LWCToolkit.invokeAndWait(Ljava/lang/Runnable;Ljava/awt/Component;)V+50 java.desktop@21.0.7
J 3009 c1 sun.lwawt.macosx.CAccessibility.invokeAndWait(Ljava/util/concurrent/Callable;Ljava/awt/Component;Ljava/lang/Object;)Ljava/lang/Object; java.desktop@21.0.7 (32 bytes) @ 0x000000011305fa2c [0x000000011305f840+0x00000000000001ec]
j  sun.lwawt.macosx.CAccessibility.getAccessibleIndexInParent(Ljavax/accessibility/Accessible;Ljava/awt/Component;)I+19 java.desktop@21.0.7
v  ~StubRoutines::call_stub 0x0000000119fd2cc4
J 2945  sun.lwawt.macosx.LWCToolkit.doAWTRunLoopImpl(JZZ)V java.desktop@21.0.7 (0 bytes) @ 0x000000011a80d47f [0x000000011a80d420+0x000000000000005f]
j  sun.lwawt.macosx.LWCToolkit.doAWTRunLoop(JZ)V+5 java.desktop@21.0.7
j  sun.lwawt.macosx.LWCToolkit.invokeAndWait(Ljava/lang/Runnable;Ljava/awt/Component;)V+50 java.desktop@21.0.7
J 3009 c1 sun.lwawt.macosx.CAccessibility.invokeAndWait(Ljava/util/concurrent/Callable;Ljava/awt/Component;Ljava/lang/Object;)Ljava/lang/Object; java.desktop@21.0.7 (32 bytes) @ 0x000000011305fa2c [0x000000011305f840+0x00000000000001ec]
j  sun.lwawt.macosx.CAccessibility.getAccessibleIndexInParent(Ljavax/accessibility/Accessible;Ljava/awt/Component;)I+19 java.desktop@21.0.7
v  ~StubRoutines::call_stub 0x0000000119fd2cc4
J 2945  sun.lwawt.macosx.LWCToolkit.doAWTRunLoopImpl(JZZ)V java.desktop@21.0.7 (0 bytes) @ 0x000000011a80d47f [0x000000011a80d420+0x000000000000005f]
j  sun.lwawt.macosx.LWCToolkit.doAWTRunLoop(JZ)V+5 java.desktop@21.0.7
j  sun.lwawt.macosx.LWCToolkit.invokeAndWait(Ljava/lang/Runnable;Ljava/awt/Component;)V+50 java.desktop@21.0.7
J 3009 c1 sun.lwawt.macosx.CAccessibility.invokeAndWait(Ljava/util/concurrent/Callable;Ljava/awt/Component;Ljava/lang/Object;)Ljava/lang/Object; java.desktop@21.0.7 (32 bytes) @ 0x000000011305fa2c [0x000000011305f840+0x00000000000001ec]
j  sun.lwawt.macosx.CAccessibility.getAccessibleIndexInParent(Ljavax/accessibility/Accessible;Ljava/awt/Component;)I+19 java.desktop@21.0.7
v  ~StubRoutines::call_stub 0x0000000119fd2cc4
J 2945  sun.lwawt.macosx.LWCToolkit.doAWTRunLoopImpl(JZZ)V java.desktop@21.0.7 (0 bytes) @ 0x000000011a80d47f [0x000000011a80d420+0x000000000000005f]
j  sun.lwawt.macosx.LWCToolkit.doAWTRunLoop(JZ)V+5 java.desktop@21.0.7
j  sun.lwawt.macosx.LWCToolkit.invokeAndWait(Ljava/lang/Runnable;Ljava/awt/Component;)V+50 java.desktop@21.0.7
J 3009 c1 sun.lwawt.macosx.CAccessibility.invokeAndWait(Ljava/util/concurrent/Callable;Ljava/awt/Component;Ljava/lang/Object;)Ljava/lang/Object; java.desktop@21.0.7 (32 bytes) @ 0x000000011305fa2c [0x000000011305f840+0x00000000000001ec]
j  sun.lwawt.macosx.CAccessibility.getAccessibleIndexInParent(Ljavax/accessibility/Accessible;Ljava/awt/Component;)I+19 java.desktop@21.0.7
v  ~StubRoutines::call_stub 0x0000000119fd2cc4
J 2945  sun.lwawt.macosx.LWCToolkit.doAWTRunLoopImpl(JZZ)V java.desktop@21.0.7 (0 bytes) @ 0x000000011a80d47f [0x000000011a80d420+0x000000000000005f]
j  sun.lwawt.macosx.LWCToolkit.doAWTRunLoop(JZ)V+5 java.desktop@21.0.7
j  sun.lwawt.macosx.LWCToolkit.invokeAndWait(Ljava/lang/Runnable;Ljava/awt/Component;)V+50 java.desktop@21.0.7
J 3009 c1 sun.lwawt.macosx.CAccessibility.invokeAndWait(Ljava/util/concurrent/Callable;Ljava/awt/Component;Ljava/lang/Object;)Ljava/lang/Object; java.desktop@21.0.7 (32 bytes) @ 0x000000011305fa2c [0x000000011305f840+0x00000000000001ec]
j  sun.lwawt.macosx.CAccessibility.getAccessibleIndexInParent(Ljavax/accessibility/Accessible;Ljava/awt/Component;)I+19 java.desktop@21.0.7
v  ~StubRoutines::call_stub 0x0000000119fd2cc4
J 2945  sun.lwawt.macosx.LWCToolkit.doAWTRunLoopImpl(JZZ)V java.desktop@21.0.7 (0 bytes) @ 0x000000011a80d47f [0x000000011a80d420+0x000000000000005f]
j  sun.lwawt.macosx.LWCToolkit.doAWTRunLoop(JZ)V+5 java.desktop@21.0.7
j  sun.lwawt.macosx.LWCToolkit.invokeAndWait(Ljava/lang/Runnable;Ljava/awt/Component;)V+50 java.desktop@21.0.7
J 3009 c1 sun.lwawt.macosx.CAccessibility.invokeAndWait(Ljava/util/concurrent/Callable;Ljava/awt/Component;Ljava/lang/Object;)Ljava/lang/Object; java.desktop@21.0.7 (32 bytes) @ 0x000000011305fa2c [0x000000011305f840+0x00000000000001ec]
j  sun.lwawt.macosx.CAccessibility.getAccessibleIndexInParent(Ljavax/accessibility/Accessible;Ljava/awt/Component;)I+19 java.desktop@21.0.7
v  ~StubRoutines::call_stub 0x0000000119fd2cc4
J 2945  sun.lwawt.macosx.LWCToolkit.doAWTRunLoopImpl(JZZ)V java.desktop@21.0.7 (0 bytes) @ 0x000000011a80d47f [0x000000011a80d420+0x000000000000005f]
j  sun.lwawt.macosx.LWCToolkit.doAWTRunLoop(JZ)V+5 java.desktop@21.0.7
j  sun.lwawt.macosx.LWCToolkit.invokeAndWait(Ljava/lang/Runnable;Ljava/awt/Component;)V+50 java.desktop@21.0.7
J 3009 c1 sun.lwawt.macosx.CAccessibility.invokeAndWait(Ljava/util/concurrent/Callable;Ljava/awt/Component;Ljava/lang/Object;)Ljava/lang/Object; java.desktop@21.0.7 (32 bytes) @ 0x000000011305fa2c [0x000000011305f840+0x00000000000001ec]
j  sun.lwawt.macosx.CAccessibility.getAccessibleIndexInParent(Ljavax/accessibility/Accessible;Ljava/awt/Component;)I+19 java.desktop@21.0.7
v  ~StubRoutines::call_stub 0x0000000119fd2cc4
J 2945  sun.lwawt.macosx.LWCToolkit.doAWTRunLoopImpl(JZZ)V java.desktop@21.0.7 (0 bytes) @ 0x000000011a80d47f [0x000000011a80d420+0x000000000000005f]
j  sun.lwawt.macosx.LWCToolkit.doAWTRunLoop(JZ)V+5 java.desktop@21.0.7
j  sun.lwawt.macosx.LWCToolkit.invokeAndWait(Ljava/lang/Runnable;Ljava/awt/Component;)V+50 java.desktop@21.0.7
J 3009 c1 sun.lwawt.macosx.CAccessibility.invokeAndWait(Ljava/util/concurrent/Callable;Ljava/awt/Component;Ljava/lang/Object;)Ljava/lang/Object; java.desktop@21.0.7 (32 bytes) @ 0x000000011305fa2c [0x000000011305f840+0x00000000000001ec]
j  sun.lwawt.macosx.CAccessibility.getAccessibleIndexInParent(Ljavax/accessibility/Accessible;Ljava/awt/Component;)I+19 java.desktop@21.0.7
v  ~StubRoutines::call_stub 0x0000000119fd2cc4
J 2945  sun.lwawt.macosx.LWCToolkit.doAWTRunLoopImpl(JZZ)V java.desktop@21.0.7 (0 bytes) @ 0x000000011a80d47f [0x000000011a80d420+0x000000000000005f]
j  sun.lwawt.macosx.LWCToolkit.doAWTRunLoop(JZ)V+5 java.desktop@21.0.7
j  sun.lwawt.macosx.LWCToolkit.invokeAndWait(Ljava/lang/Runnable;Ljava/awt/Component;)V+50 java.desktop@21.0.7
J 3009 c1 sun.lwawt.macosx.CAccessibility.invokeAndWait(Ljava/util/concurrent/Callable;Ljava/awt/Component;Ljava/lang/Object;)Ljava/lang/Object; java.desktop@21.0.7 (32 bytes) @ 0x000000011305fa2c [0x000000011305f840+0x00000000000001ec]
j  sun.lwawt.macosx.CAccessibility.getAccessibleIndexInParent(Ljavax/accessibility/Accessible;Ljava/awt/Component;)I+19 java.desktop@21.0.7
v  ~StubRoutines::call_stub 0x0000000119fd2cc4
J 2945  sun.lwawt.macosx.LWCToolkit.doAWTRunLoopImpl(JZZ)V java.desktop@21.0.7 (0 bytes) @ 0x000000011a80d47f [0x000000011a80d420+0x000000000000005f]
j  sun.lwawt.macosx.LWCToolkit.doAWTRunLoop(JZ)V+5 java.desktop@21.0.7
j  sun.lwawt.macosx.LWCToolkit.invokeAndWait(Ljava/lang/Runnable;Ljava/awt/Component;)V+50 java.desktop@21.0.7
J 3009 c1 sun.lwawt.macosx.CAccessibility.invokeAndWait(Ljava/util/concurrent/Callable;Ljava/awt/Component;Ljava/lang/Object;)Ljava/lang/Object; java.desktop@21.0.7 (32 bytes) @ 0x000000011305fa2c [0x000000011305f840+0x00000000000001ec]
j  sun.lwawt.macosx.CAccessibility.getAccessibleIndexInParent(Ljavax/accessibility/Accessible;Ljava/awt/Component;)I+19 java.desktop@21.0.7
v  ~StubRoutines::call_stub 0x0000000119fd2cc4
J 2945  sun.lwawt.macosx.LWCToolkit.doAWTRunLoopImpl(JZZ)V java.desktop@21.0.7 (0 bytes) @ 0x000000011a80d47f [0x000000011a80d420+0x000000000000005f]
j  sun.lwawt.macosx.LWCToolkit.doAWTRunLoop(JZ)V+5 java.desktop@21.0.7
j  sun.lwawt.macosx.LWCToolkit.invokeAndWait(Ljava/lang/Runnable;Ljava/awt/Component;)V+50 java.desktop@21.0.7
J 3009 c1 sun.lwawt.macosx.CAccessibility.invokeAndWait(Ljava/util/concurrent/Callable;Ljava/awt/Component;Ljava/lang/Object;)Ljava/lang/Object; java.desktop@21.0.7 (32 bytes) @ 0x000000011305fa2c [0x000000011305f840+0x00000000000001ec]
j  sun.lwawt.macosx.CAccessibility.getAccessibleIndexInParent(Ljavax/accessibility/Accessible;Ljava/awt/Component;)I+19 java.desktop@21.0.7
v  ~StubRoutines::call_stub 0x0000000119fd2cc4
J 2945  sun.lwawt.macosx.LWCToolkit.doAWTRunLoopImpl(JZZ)V java.desktop@21.0.7 (0 bytes) @ 0x000000011a80d47f [0x000000011a80d420+0x000000000000005f]
j  sun.lwawt.macosx.LWCToolkit.doAWTRunLoop(JZ)V+5 java.desktop@21.0.7
j  sun.lwawt.macosx.LWCToolkit.invokeAndWait(Ljava/lang/Runnable;Ljava/awt/Component;)V+50 java.desktop@21.0.7
J 3009 c1 sun.lwawt.macosx.CAccessibility.invokeAndWait(Ljava/util/concurrent/Callable;Ljava/awt/Component;Ljava/lang/Object;)Ljava/lang/Object; java.desktop@21.0.7 (32 bytes) @ 0x000000011305fa2c [0x000000011305f840+0x00000000000001ec]
j  sun.lwawt.macosx.CAccessibility.getAccessibleIndexInParent(Ljavax/accessibility/Accessible;Ljava/awt/Component;)I+19 java.desktop@21.0.7
v  ~StubRoutines::call_stub 0x0000000119fd2cc4
J 2945  sun.lwawt.macosx.LWCToolkit.doAWTRunLoopImpl(JZZ)V java.desktop@21.0.7 (0 bytes) @ 0x000000011a80d47f [0x000000011a80d420+0x000000000000005f]
j  sun.lwawt.macosx.LWCToolkit.doAWTRunLoop(JZ)V+5 java.desktop@21.0.7
j  sun.lwawt.macosx.LWCToolkit.invokeAndWait(Ljava/lang/Runnable;Ljava/awt/Component;)V+50 java.desktop@21.0.7
J 3009 c1 sun.lwawt.macosx.CAccessibility.invokeAndWait(Ljava/util/concurrent/Callable;Ljava/awt/Component;Ljava/lang/Object;)Ljava/lang/Object; java.desktop@21.0.7 (32 bytes) @ 0x000000011305fa2c [0x000000011305f840+0x00000000000001ec]
j  sun.lwawt.macosx.CAccessibility.getAccessibleIndexInParent(Ljavax/accessibility/Accessible;Ljava/awt/Component;)I+19 java.desktop@21.0.7
v  ~StubRoutines::call_stub 0x0000000119fd2cc4
J 2945  sun.lwawt.macosx.LWCToolkit.doAWTRunLoopImpl(JZZ)V java.desktop@21.0.7 (0 bytes) @ 0x000000011a80d47f [0x000000011a80d420+0x000000000000005f]
j  sun.lwawt.macosx.LWCToolkit.doAWTRunLoop(JZ)V+5 java.desktop@21.0.7
j  sun.lwawt.macosx.LWCToolkit.invokeAndWait(Ljava/lang/Runnable;Ljava/awt/Component;)V+50 java.desktop@21.0.7
J 3009 c1 sun.lwawt.macosx.CAccessibility.invokeAndWait(Ljava/util/concurrent/Callable;Ljava/awt/Component;Ljava/lang/Object;)Ljava/lang/Object; java.desktop@21.0.7 (32 bytes) @ 0x000000011305fa2c [0x000000011305f840+0x00000000000001ec]
j  sun.lwawt.macosx.CAccessibility.getAccessibleIndexInParent(Ljavax/accessibility/Accessible;Ljava/awt/Component;)I+19 java.desktop@21.0.7
v  ~StubRoutines::call_stub 0x0000000119fd2cc4
J 2945  sun.lwawt.macosx.LWCToolkit.doAWTRunLoopImpl(JZZ)V java.desktop@21.0.7 (0 bytes) @ 0x000000011a80d47f [0x000000011a80d420+0x000000000000005f]
j  sun.lwawt.macosx.LWCToolkit.doAWTRunLoop(JZ)V+5 java.desktop@21.0.7
j  sun.lwawt.macosx.LWCToolkit.invokeAndWait(Ljava/lang/Runnable;Ljava/awt/Component;)V+50 java.desktop@21.0.7
J 3009 c1 sun.lwawt.macosx.CAccessibility.invokeAndWait(Ljava/util/concurrent/Callable;Ljava/awt/Component;Ljava/lang/Object;)Ljava/lang/Object; java.desktop@21.0.7 (32 bytes) @ 0x000000011305fa2c [0x000000011305f840+0x00000000000001ec]
j  sun.lwawt.macosx.CAccessibility.getAccessibleIndexInParent(Ljavax/accessibility/Accessible;Ljava/awt/Component;)I+19 java.desktop@21.0.7
v  ~StubRoutines::call_stub 0x0000000119fd2cc4
J 2945  sun.lwawt.macosx.LWCToolkit.doAWTRunLoopImpl(JZZ)V java.desktop@21.0.7 (0 bytes) @ 0x000000011a80d47f [0x000000011a80d420+0x000000000000005f]
j  sun.lwawt.macosx.LWCToolkit.doAWTRunLoop(JZ)V+5 java.desktop@21.0.7
j  sun.lwawt.macosx.LWCToolkit.invokeAndWait(Ljava/lang/Runnable;Ljava/awt/Component;)V+50 java.desktop@21.0.7
J 3009 c1 sun.lwawt.macosx.CAccessibility.invokeAndWait(Ljava/util/concurrent/Callable;Ljava/awt/Component;Ljava/lang/Object;)Ljava/lang/Object; java.desktop@21.0.7 (32 bytes) @ 0x000000011305fa2c [0x000000011305f840+0x00000000000001ec]
j  sun.lwawt.macosx.CAccessibility.getAccessibleIndexInParent(Ljavax/accessibility/Accessible;Ljava/awt/Component;)I+19 java.desktop@21.0.7
v  ~StubRoutines::call_stub 0x0000000119fd2cc4
J 2945  sun.lwawt.macosx.LWCToolkit.doAWTRunLoopImpl(JZZ)V java.desktop@21.0.7 (0 bytes) @ 0x000000011a80d47f [0x000000011a80d420+0x000000000000005f]
j  sun.lwawt.macosx.LWCToolkit.doAWTRunLoop(JZ)V+5 java.desktop@21.0.7
j  sun.lwawt.macosx.LWCToolkit.invokeAndWait(Ljava/lang/Runnable;Ljava/awt/Component;)V+50 java.desktop@21.0.7
J 3009 c1 sun.lwawt.macosx.CAccessibility.invokeAndWait(Ljava/util/concurrent/Callable;Ljava/awt/Component;Ljava/lang/Object;)Ljava/lang/Object; java.desktop@21.0.7 (32 bytes) @ 0x000000011305fa2c [0x000000011305f840+0x00000000000001ec]
j  sun.lwawt.macosx.CAccessibility.getAccessibleIndexInParent(Ljavax/accessibility/Accessible;Ljava/awt/Component;)I+19 java.desktop@21.0.7
v  ~StubRoutines::call_stub 0x0000000119fd2cc4
J 2945  sun.lwawt.macosx.LWCToolkit.doAWTRunLoopImpl(JZZ)V java.desktop@21.0.7 (0 bytes) @ 0x000000011a80d47f [0x000000011a80d420+0x000000000000005f]
j  sun.lwawt.macosx.LWCToolkit.doAWTRunLoop(JZ)V+5 java.desktop@21.0.7
j  sun.lwawt.macosx.LWCToolkit.invokeAndWait(Ljava/lang/Runnable;Ljava/awt/Component;)V+50 java.desktop@21.0.7
J 3009 c1 sun.lwawt.macosx.CAccessibility.invokeAndWait(Ljava/util/concurrent/Callable;Ljava/awt/Component;Ljava/lang/Object;)Ljava/lang/Object; java.desktop@21.0.7 (32 bytes) @ 0x000000011305fa2c [0x000000011305f840+0x00000000000001ec]
j  sun.lwawt.macosx.CAccessibility.getAccessibleIndexInParent(Ljavax/accessibility/Accessible;Ljava/awt/Component;)I+19 java.desktop@21.0.7
v  ~StubRoutines::call_stub 0x0000000119fd2cc4
J 2945  sun.lwawt.macosx.LWCToolkit.doAWTRunLoopImpl(JZZ)V java.desktop@21.0.7 (0 bytes) @ 0x000000011a80d47f [0x000000011a80d420+0x000000000000005f]
j  sun.lwawt.macosx.LWCToolkit.doAWTRunLoop(JZ)V+5 java.desktop@21.0.7
j  sun.lwawt.macosx.LWCToolkit.invokeAndWait(Ljava/lang/Runnable;Ljava/awt/Component;)V+50 java.desktop@21.0.7
J 3009 c1 sun.lwawt.macosx.CAccessibility.invokeAndWait(Ljava/util/concurrent/Callable;Ljava/awt/Component;Ljava/lang/Object;)Ljava/lang/Object; java.desktop@21.0.7 (32 bytes) @ 0x000000011305fa2c [0x000000011305f840+0x00000000000001ec]
j  sun.lwawt.macosx.CAccessibility.getAccessibleIndexInParent(Ljavax/accessibility/Accessible;Ljava/awt/Component;)I+19 java.desktop@21.0.7
v  ~StubRoutines::call_stub 0x0000000119fd2cc4
J 2945  sun.lwawt.macosx.LWCToolkit.doAWTRunLoopImpl(JZZ)V java.desktop@21.0.7 (0 bytes) @ 0x000000011a80d47f [0x000000011a80d420+0x000000000000005f]
j  sun.lwawt.macosx.LWCToolkit.doAWTRunLoop(JZ)V+5 java.desktop@21.0.7
j  sun.lwawt.macosx.LWCToolkit.invokeAndWait(Ljava/lang/Runnable;Ljava/awt/Component;)V+50 java.desktop@21.0.7
J 3009 c1 sun.lwawt.macosx.CAccessibility.invokeAndWait(Ljava/util/concurrent/Callable;Ljava/awt/Component;Ljava/lang/Object;)Ljava/lang/Object; java.desktop@21.0.7 (32 bytes) @ 0x000000011305fa2c [0x000000011305f840+0x00000000000001ec]
j  sun.lwawt.macosx.CAccessibility.getAccessibleIndexInParent(Ljavax/accessibility/Accessible;Ljava/awt/Component;)I+19 java.desktop@21.0.7
v  ~StubRoutines::call_stub 0x0000000119fd2cc4
J 2945  sun.lwawt.macosx.LWCToolkit.doAWTRunLoopImpl(JZZ)V java.desktop@21.0.7 (0 bytes) @ 0x000000011a80d47f [0x000000011a80d420+0x000000000000005f]
j  sun.lwawt.macosx.LWCToolkit.doAWTRunLoop(JZ)V+5 java.desktop@21.0.7
j  sun.lwawt.macosx.LWCToolkit.invokeAndWait(Ljava/lang/Runnable;Ljava/awt/Component;)V+50 java.desktop@21.0.7
J 3009 c1 sun.lwawt.macosx.CAccessibility.invokeAndWait(Ljava/util/concurrent/Callable;Ljava/awt/Component;Ljava/lang/Object;)Ljava/lang/Object; java.desktop@21.0.7 (32 bytes) @ 0x000000011305fa2c [0x000000011305f840+0x00000000000001ec]
j  sun.lwawt.macosx.CAccessibility.getAccessibleIndexInParent(Ljavax/accessibility/Accessible;Ljava/awt/Component;)I+19 java.desktop@21.0.7
v  ~StubRoutines::call_stub 0x0000000119fd2cc4
J 2945  sun.lwawt.macosx.LWCToolkit.doAWTRunLoopImpl(JZZ)V java.desktop@21.0.7 (0 bytes) @ 0x000000011a80d47f [0x000000011a80d420+0x000000000000005f]
j  sun.lwawt.macosx.LWCToolkit.doAWTRunLoop(JZ)V+5 java.desktop@21.0.7
j  sun.lwawt.macosx.LWCToolkit.invokeAndWait(Ljava/lang/Runnable;Ljava/awt/Component;)V+50 java.desktop@21.0.7
J 3009 c1 sun.lwawt.macosx.CAccessibility.invokeAndWait(Ljava/util/concurrent/Callable;Ljava/awt/Component;Ljava/lang/Object;)Ljava/lang/Object; java.desktop@21.0.7 (32 bytes) @ 0x000000011305fa2c [0x000000011305f840+0x00000000000001ec]
j  sun.lwawt.macosx.CAccessibility.getAccessibleIndexInParent(Ljavax/accessibility/Accessible;Ljava/awt/Component;)I+19 java.desktop@21.0.7
v  ~StubRoutines::call_stub 0x0000000119fd2cc4
J 2945  sun.lwawt.macosx.LWCToolkit.doAWTRunLoopImpl(JZZ)V java.desktop@21.0.7 (0 bytes) @ 0x000000011a80d47f [0x000000011a80d420+0x000000000000005f]
j  sun.lwawt.macosx.LWCToolkit.doAWTRunLoop(JZ)V+5 java.desktop@21.0.7
j  sun.lwawt.macosx.LWCToolkit.invokeAndWait(Ljava/lang/Runnable;Ljava/awt/Component;)V+50 java.desktop@21.0.7
J 3009 c1 sun.lwawt.macosx.CAccessibility.invokeAndWait(Ljava/util/concurrent/Callable;Ljava/awt/Component;Ljava/lang/Object;)Ljava/lang/Object; java.desktop@21.0.7 (32 bytes) @ 0x000000011305fa2c [0x000000011305f840+0x00000000000001ec]
j  sun.lwawt.macosx.CAccessibility.getAccessibleIndexInParent(Ljavax/accessibility/Accessible;Ljava/awt/Component;)I+19 java.desktop@21.0.7
v  ~StubRoutines::call_stub 0x0000000119fd2cc4
J 2945  sun.lwawt.macosx.LWCToolkit.doAWTRunLoopImpl(JZZ)V java.desktop@21.0.7 (0 bytes) @ 0x000000011a80d47f [0x000000011a80d420+0x000000000000005f]
j  sun.lwawt.macosx.LWCToolkit.doAWTRunLoop(JZ)V+5 java.desktop@21.0.7
j  sun.lwawt.macosx.LWCToolkit.invokeAndWait(Ljava/lang/Runnable;Ljava/awt/Component;)V+50 java.desktop@21.0.7
J 3009 c1 sun.lwawt.macosx.CAccessibility.invokeAndWait(Ljava/util/concurrent/Callable;Ljava/awt/Component;Ljava/lang/Object;)Ljava/lang/Object; java.desktop@21.0.7 (32 bytes) @ 0x000000011305fa2c [0x000000011305f840+0x00000000000001ec]
j  sun.lwawt.macosx.CAccessibility.getAccessibleIndexInParent(Ljavax/accessibility/Accessible;Ljava/awt/Component;)I+19 java.desktop@21.0.7
v  ~StubRoutines::call_stub 0x0000000119fd2cc4
J 2945  sun.lwawt.macosx.LWCToolkit.doAWTRunLoopImpl(JZZ)V java.desktop@21.0.7 (0 bytes) @ 0x000000011a80d47f [0x000000011a80d420+0x000000000000005f]
j  sun.lwawt.macosx.LWCToolkit.doAWTRunLoop(JZ)V+5 java.desktop@21.0.7
j  sun.lwawt.macosx.LWCToolkit.invokeAndWait(Ljava/lang/Runnable;Ljava/awt/Component;)V+50 java.desktop@21.0.7
J 3009 c1 sun.lwawt.macosx.CAccessibility.invokeAndWait(Ljava/util/concurrent/Callable;Ljava/awt/Component;Ljava/lang/Object;)Ljava/lang/Object; java.desktop@21.0.7 (32 bytes) @ 0x000000011305fa2c [0x000000011305f840+0x00000000000001ec]
j  sun.lwawt.macosx.CAccessibility.getAccessibleIndexInParent(Ljavax/accessibility/Accessible;Ljava/awt/Component;)I+19 java.desktop@21.0.7
v  ~StubRoutines::call_stub 0x0000000119fd2cc4
J 2945  sun.lwawt.macosx.LWCToolkit.doAWTRunLoopImpl(JZZ)V java.desktop@21.0.7 (0 bytes) @ 0x000000011a80d47f [0x000000011a80d420+0x000000000000005f]
j  sun.lwawt.macosx.LWCToolkit.doAWTRunLoop(JZ)V+5 java.desktop@21.0.7
j  sun.lwawt.macosx.LWCToolkit.invokeAndWait(Ljava/lang/Runnable;Ljava/awt/Component;)V+50 java.desktop@21.0.7
J 3009 c1 sun.lwawt.macosx.CAccessibility.invokeAndWait(Ljava/util/concurrent/Callable;Ljava/awt/Component;Ljava/lang/Object;)Ljava/lang/Object; java.desktop@21.0.7 (32 bytes) @ 0x000000011305fa2c [0x000000011305f840+0x00000000000001ec]
j  sun.lwawt.macosx.CAccessibility.getAccessibleIndexInParent(Ljavax/accessibility/Accessible;Ljava/awt/Component;)I+19 java.desktop@21.0.7
v  ~StubRoutines::call_stub 0x0000000119fd2cc4
J 2945  sun.lwawt.macosx.LWCToolkit.doAWTRunLoopImpl(JZZ)V java.desktop@21.0.7 (0 bytes) @ 0x000000011a80d47f [0x000000011a80d420+0x000000000000005f]
j  sun.lwawt.macosx.LWCToolkit.doAWTRunLoop(JZ)V+5 java.desktop@21.0.7
j  sun.lwawt.macosx.LWCToolkit.invokeAndWait(Ljava/lang/Runnable;Ljava/awt/Component;)V+50 java.desktop@21.0.7
J 3009 c1 sun.lwawt.macosx.CAccessibility.invokeAndWait(Ljava/util/concurrent/Callable;Ljava/awt/Component;Ljava/lang/Object;)Ljava/lang/Object; java.desktop@21.0.7 (32 bytes) @ 0x000000011305fa2c [0x000000011305f840+0x00000000000001ec]
j  sun.lwawt.macosx.CAccessibility.getAccessibleIndexInParent(Ljavax/accessibility/Accessible;Ljava/awt/Component;)I+19 java.desktop@21.0.7
v  ~StubRoutines::call_stub 0x0000000119fd2cc4
J 2945  sun.lwawt.macosx.LWCToolkit.doAWTRunLoopImpl(JZZ)V java.desktop@21.0.7 (0 bytes) @ 0x000000011a80d47f [0x000000011a80d420+0x000000000000005f]
j  sun.lwawt.macosx.LWCToolkit.doAWTRunLoop(JZ)V+5 java.desktop@21.0.7
j  sun.lwawt.macosx.LWCToolkit.invokeAndWait(Ljava/lang/Runnable;Ljava/awt/Component;)V+50 java.desktop@21.0.7
J 3009 c1 sun.lwawt.macosx.CAccessibility.invokeAndWait(Ljava/util/concurrent/Callable;Ljava/awt/Component;Ljava/lang/Object;)Ljava/lang/Object; java.desktop@21.0.7 (32 bytes) @ 0x000000011305fa2c [0x000000011305f840+0x00000000000001ec]
j  sun.lwawt.macosx.CAccessibility.getAccessibleIndexInParent(Ljavax/accessibility/Accessible;Ljava/awt/Component;)I+19 java.desktop@21.0.7
v  ~StubRoutines::call_stub 0x0000000119fd2cc4
J 2945  sun.lwawt.macosx.LWCToolkit.doAWTRunLoopImpl(JZZ)V java.desktop@21.0.7 (0 bytes) @ 0x000000011a80d47f [0x000000011a80d420+0x000000000000005f]
j  sun.lwawt.macosx.LWCToolkit.doAWTRunLoop(JZ)V+5 java.desktop@21.0.7
j  sun.lwawt.macosx.LWCToolkit.invokeAndWait(Ljava/lang/Runnable;Ljava/awt/Component;)V+50 java.desktop@21.0.7
J 3009 c1 sun.lwawt.macosx.CAccessibility.invokeAndWait(Ljava/util/concurrent/Callable;Ljava/awt/Component;Ljava/lang/Object;)Ljava/lang/Object; java.desktop@21.0.7 (32 bytes) @ 0x000000011305fa2c [0x000000011305f840+0x00000000000001ec]
j  sun.lwawt.macosx.CAccessibility.getAccessibleIndexInParent(Ljavax/accessibility/Accessible;Ljava/awt/Component;)I+19 java.desktop@21.0.7
v  ~StubRoutines::call_stub 0x0000000119fd2cc4
J 2945  sun.lwawt.macosx.LWCToolkit.doAWTRunLoopImpl(JZZ)V java.desktop@21.0.7 (0 bytes) @ 0x000000011a80d47f [0x000000011a80d420+0x000000000000005f]
j  sun.lwawt.macosx.LWCToolkit.doAWTRunLoop(JZ)V+5 java.desktop@21.0.7
j  sun.lwawt.macosx.LWCToolkit.invokeAndWait(Ljava/lang/Runnable;Ljava/awt/Component;)V+50 java.desktop@21.0.7
J 3009 c1 sun.lwawt.macosx.CAccessibility.invokeAndWait(Ljava/util/concurrent/Callable;Ljava/awt/Component;Ljava/lang/Object;)Ljava/lang/Object; java.desktop@21.0.7 (32 bytes) @ 0x000000011305fa2c [0x000000011305f840+0x00000000000001ec]
j  sun.lwawt.macosx.CAccessibility.getAccessibleIndexInParent(Ljavax/accessibility/Accessible;Ljava/awt/Component;)I+19 java.desktop@21.0.7
v  ~StubRoutines::call_stub 0x0000000119fd2cc4
J 2945  sun.lwawt.macosx.LWCToolkit.doAWTRunLoopImpl(JZZ)V java.desktop@21.0.7 (0 bytes) @ 0x000000011a80d47f [0x000000011a80d420+0x000000000000005f]
j  sun.lwawt.macosx.LWCToolkit.doAWTRunLoop(JZ)V+5 java.desktop@21.0.7
j  sun.lwawt.macosx.LWCToolkit.invokeAndWait(Ljava/lang/Runnable;Ljava/awt/Component;)V+50 java.desktop@21.0.7
J 3009 c1 sun.lwawt.macosx.CAccessibility.invokeAndWait(Ljava/util/concurrent/Callable;Ljava/awt/Component;Ljava/lang/Object;)Ljava/lang/Object; java.desktop@21.0.7 (32 bytes) @ 0x000000011305fa2c [0x000000011305f840+0x00000000000001ec]
j  sun.lwawt.macosx.CAccessibility.getAccessibleIndexInParent(Ljavax/accessibility/Accessible;Ljava/awt/Component;)I+19 java.desktop@21.0.7
v  ~StubRoutines::call_stub 0x0000000119fd2cc4
J 2945  sun.lwawt.macosx.LWCToolkit.doAWTRunLoopImpl(JZZ)V java.desktop@21.0.7 (0 bytes) @ 0x000000011a80d47f [0x000000011a80d420+0x000000000000005f]
j  sun.lwawt.macosx.LWCToolkit.doAWTRunLoop(JZ)V+5 java.desktop@21.0.7
j  sun.lwawt.macosx.LWCToolkit.invokeAndWait(Ljava/lang/Runnable;Ljava/awt/Component;)V+50 java.desktop@21.0.7
J 3009 c1 sun.lwawt.macosx.CAccessibility.invokeAndWait(Ljava/util/concurrent/Callable;Ljava/awt/Component;Ljava/lang/Object;)Ljava/lang/Object; java.desktop@21.0.7 (32 bytes) @ 0x000000011305fa2c [0x000000011305f840+0x00000000000001ec]
j  sun.lwawt.macosx.CAccessibility.getAccessibleIndexInParent(Ljavax/accessibility/Accessible;Ljava/awt/Component;)I+19 java.desktop@21.0.7
v  ~StubRoutines::call_stub 0x0000000119fd2cc4
J 2945  sun.lwawt.macosx.LWCToolkit.doAWTRunLoopImpl(JZZ)V java.desktop@21.0.7 (0 bytes) @ 0x000000011a80d47f [0x000000011a80d420+0x000000000000005f]
j  sun.lwawt.macosx.LWCToolkit.doAWTRunLoop(JZ)V+5 java.desktop@21.0.7
j  sun.lwawt.macosx.LWCToolkit.invokeAndWait(Ljava/lang/Runnable;Ljava/awt/Component;)V+50 java.desktop@21.0.7
J 3009 c1 sun.lwawt.macosx.CAccessibility.invokeAndWait(Ljava/util/concurrent/Callable;Ljava/awt/Component;Ljava/lang/Object;)Ljava/lang/Object; java.desktop@21.0.7 (32 bytes) @ 0x000000011305fa2c [0x000000011305f840+0x00000000000001ec]
j  sun.lwawt.macosx.CAccessibility.getAccessibleIndexInParent(Ljavax/accessibility/Accessible;Ljava/awt/Component;)I+19 java.desktop@21.0.7
v  ~StubRoutines::call_stub 0x0000000119fd2cc4
J 2945  sun.lwawt.macosx.LWCToolkit.doAWTRunLoopImpl(JZZ)V java.desktop@21.0.7 (0 bytes) @ 0x000000011a80d47f [0x000000011a80d420+0x000000000000005f]
j  sun.lwawt.macosx.LWCToolkit.doAWTRunLoop(JZ)V+5 java.desktop@21.0.7
j  sun.lwawt.macosx.LWCToolkit.invokeAndWait(Ljava/lang/Runnable;Ljava/awt/Component;)V+50 java.desktop@21.0.7
j  sun.lwawt.macosx.LWCToolkit.invokeAndWait(Ljava/util/concurrent/Callable;Ljava/awt/Component;)Ljava/lang/Object;+11 java.desktop@21.0.7
j  sun.lwawt.macosx.CAccessibility.invokeAndWait(Ljava/util/concurrent/Callable;Ljava/awt/Component;Ljava/lang/Object;)Ljava/lang/Object;+8 java.desktop@21.0.7
j  sun.lwawt.macosx.CAccessibility.getAccessibleIndexInParent(Ljavax/accessibility/Accessible;Ljava/awt/Component;)I+19 java.desktop@21.0.7
v  ~StubRoutines::call_stub 0x0000000119fd2cc4
J 2945  sun.lwawt.macosx.LWCToolkit.doAWTRunLoopImpl(JZZ)V java.desktop@21.0.7 (0 bytes) @ 0x000000011a80d47f [0x000000011a80d420+0x000000000000005f]
j  sun.lwawt.macosx.LWCToolkit.doAWTRunLoop(JZ)V+5 java.desktop@21.0.7
j  sun.lwawt.macosx.LWCToolkit.invokeAndWait(Ljava/lang/Runnable;Ljava/awt/Component;)V+50 java.desktop@21.0.7
j  sun.lwawt.macosx.LWCToolkit.invokeAndWait(Ljava/util/concurrent/Callable;Ljava/awt/Component;)Ljava/lang/Object;+11 java.desktop@21.0.7
j  sun.lwawt.macosx.CAccessibility.invokeAndWait(Ljava/util/concurrent/Callable;Ljava/awt/Component;Ljava/lang/Object;)Ljava/lang/Object;+8 java.desktop@21.0.7
j  sun.lwawt.macosx.CAccessibility.getAccessibleIndexInParent(Ljavax/accessibility/Accessible;Ljava/awt/Component;)I+19 java.desktop@21.0.7
v  ~StubRoutines::call_stub 0x0000000119fd2cc4
J 2945  sun.lwawt.macosx.LWCToolkit.doAWTRunLoopImpl(JZZ)V java.desktop@21.0.7 (0 bytes) @ 0x000000011a80d47f [0x000000011a80d420+0x000000000000005f]
j  sun.lwawt.macosx.LWCToolkit.doAWTRunLoop(JZ)V+5 java.desktop@21.0.7
j  sun.lwawt.macosx.LWCToolkit.invokeAndWait(Ljava/lang/Runnable;Ljava/awt/Component;)V+50 java.desktop@21.0.7
j  sun.lwawt.macosx.LWCToolkit.invokeAndWait(Ljava/util/concurrent/Callable;Ljava/awt/Component;)Ljava/lang/Object;+11 java.desktop@21.0.7
j  sun.lwawt.macosx.CAccessibility.invokeAndWait(Ljava/util/concurrent/Callable;Ljava/awt/Component;Ljava/lang/Object;)Ljava/lang/Object;+8 java.desktop@21.0.7
j  sun.lwawt.macosx.CAccessibility.getAccessibleIndexInParent(Ljavax/accessibility/Accessible;Ljava/awt/Component;)I+19 java.desktop@21.0.7
v  ~StubRoutines::call_stub 0x0000000119fd2cc4
J 2945  sun.lwawt.macosx.LWCToolkit.doAWTRunLoopImpl(JZZ)V java.desktop@21.0.7 (0 bytes) @ 0x000000011a80d47f [0x000000011a80d420+0x000000000000005f]
j  sun.lwawt.macosx.LWCToolkit.doAWTRunLoop(JZ)V+5 java.desktop@21.0.7
j  sun.lwawt.macosx.LWCToolkit.invokeAndWait(Ljava/lang/Runnable;Ljava/awt/Component;)V+50 java.desktop@21.0.7
j  sun.lwawt.macosx.LWCToolkit.invokeAndWait(Ljava/util/concurrent/Callable;Ljava/awt/Component;)Ljava/lang/Object;+11 java.desktop@21.0.7
j  sun.lwawt.macosx.CAccessibility.invokeAndWait(Ljava/util/concurrent/Callable;Ljava/awt/Component;Ljava/lang/Object;)Ljava/lang/Object;+8 java.desktop@21.0.7
j  sun.lwawt.macosx.CAccessibility.getAccessibleIndexInParent(Ljavax/accessibility/Accessible;Ljava/awt/Component;)I+19 java.desktop@21.0.7
v  ~StubRoutines::call_stub 0x0000000119fd2cc4
J 2945  sun.lwawt.macosx.LWCToolkit.doAWTRunLoopImpl(JZZ)V java.desktop@21.0.7 (0 bytes) @ 0x000000011a80d47f [0x000000011a80d420+0x000000000000005f]
j  sun.lwawt.macosx.LWCToolkit.doAWTRunLoop(JZ)V+5 java.desktop@21.0.7
j  sun.lwawt.macosx.LWCToolkit.invokeAndWait(Ljava/lang/Runnable;Ljava/awt/Component;)V+50 java.desktop@21.0.7
j  sun.lwawt.macosx.LWCToolkit.invokeAndWait(Ljava/util/concurrent/Callable;Ljava/awt/Component;)Ljava/lang/Object;+11 java.desktop@21.0.7
j  sun.lwawt.macosx.CAccessibility.invokeAndWait(Ljava/util/concurrent/Callable;Ljava/awt/Component;Ljava/lang/Object;)Ljava/lang/Object;+8 java.desktop@21.0.7
j  sun.lwawt.macosx.CAccessibility.getAccessibleIndexInParent(Ljavax/accessibility/Accessible;Ljava/awt/Component;)I+19 java.desktop@21.0.7
v  ~StubRoutines::call_stub 0x0000000119fd2cc4
J 2945  sun.lwawt.macosx.LWCToolkit.doAWTRunLoopImpl(JZZ)V java.desktop@21.0.7 (0 bytes) @ 0x000000011a80d47f [0x000000011a80d420+0x000000000000005f]
j  sun.lwawt.macosx.LWCToolkit.doAWTRunLoop(JZ)V+5 java.desktop@21.0.7
j  sun.lwawt.macosx.LWCToolkit.invokeAndWait(Ljava/lang/Runnable;Ljava/awt/Component;)V+50 java.desktop@21.0.7
j  sun.lwawt.macosx.LWCToolkit.invokeAndWait(Ljava/util/concurrent/Callable;Ljava/awt/Component;)Ljava/lang/Object;+11 java.desktop@21.0.7
j  sun.lwawt.macosx.CAccessibility.invokeAndWait(Ljava/util/concurrent/Callable;Ljava/awt/Component;Ljava/lang/Object;)Ljava/lang/Object;+8 java.desktop@21.0.7
j  sun.lwawt.macosx.CAccessibility.getAccessibleIndexInParent(Ljavax/accessibility/Accessible;Ljava/awt/Component;)I+19 java.desktop@21.0.7
v  ~StubRoutines::call_stub 0x0000000119fd2cc4
J 2945  sun.lwawt.macosx.LWCToolkit.doAWTRunLoopImpl(JZZ)V java.desktop@21.0.7 (0 bytes) @ 0x000000011a80d47f [0x000000011a80d420+0x000000000000005f]
j  sun.lwawt.macosx.LWCToolkit.doAWTRunLoop(JZ)V+5 java.desktop@21.0.7
j  sun.lwawt.macosx.LWCToolkit.invokeAndWait(Ljava/lang/Runnable;Ljava/awt/Component;)V+50 java.desktop@21.0.7
j  sun.lwawt.macosx.LWCToolkit.invokeAndWait(Ljava/util/concurrent/Callable;Ljava/awt/Component;)Ljava/lang/Object;+11 java.desktop@21.0.7
j  sun.lwawt.macosx.CAccessibility.invokeAndWait(Ljava/util/concurrent/Callable;Ljava/awt/Component;Ljava/lang/Object;)Ljava/lang/Object;+8 java.desktop@21.0.7
j  sun.lwawt.macosx.CAccessibility.getAccessibleIndexInParent(Ljavax/accessibility/Accessible;Ljava/awt/Component;)I+19 java.desktop@21.0.7
v  ~StubRoutines::call_stub 0x0000000119fd2cc4
J 2945  sun.lwawt.macosx.LWCToolkit.doAWTRunLoopImpl(JZZ)V java.desktop@21.0.7 (0 bytes) @ 0x000000011a80d47f [0x000000011a80d420+0x000000000000005f]
j  sun.lwawt.macosx.LWCToolkit.doAWTRunLoop(JZ)V+5 java.desktop@21.0.7
j  sun.lwawt.macosx.LWCToolkit.invokeAndWait(Ljava/lang/Runnable;Ljava/awt/Component;)V+50 java.desktop@21.0.7
j  sun.lwawt.macosx.LWCToolkit.invokeAndWait(Ljava/util/concurrent/Callable;Ljava/awt/Component;)Ljava/lang/Object;+11 java.desktop@21.0.7
j  sun.lwawt.macosx.CAccessibility.invokeAndWait(Ljava/util/concurrent/Callable;Ljava/awt/Component;Ljava/lang/Object;)Ljava/lang/Object;+8 java.desktop@21.0.7
j  sun.lwawt.macosx.CAccessibility.getAccessibleIndexInParent(Ljavax/accessibility/Accessible;Ljava/awt/Component;)I+19 java.desktop@21.0.7
v  ~StubRoutines::call_stub 0x0000000119fd2cc4
J 2945  sun.lwawt.macosx.LWCToolkit.doAWTRunLoopImpl(JZZ)V java.desktop@21.0.7 (0 bytes) @ 0x000000011a80d47f [0x000000011a80d420+0x000000000000005f]
j  sun.lwawt.macosx.LWCToolkit.doAWTRunLoop(JZ)V+5 java.desktop@21.0.7
j  sun.lwawt.macosx.LWCToolkit.invokeAndWait(Ljava/lang/Runnable;Ljava/awt/Component;)V+50 java.desktop@21.0.7
j  sun.lwawt.macosx.LWCToolkit.invokeAndWait(Ljava/util/concurrent/Callable;Ljava/awt/Component;)Ljava/lang/Object;+11 java.desktop@21.0.7
j  sun.lwawt.macosx.CAccessibility.invokeAndWait(Ljava/util/concurrent/Callable;Ljava/awt/Component;Ljava/lang/Object;)Ljava/lang/Object;+8 java.desktop@21.0.7
j  sun.lwawt.macosx.CAccessibility.getAccessibleIndexInParent(Ljavax/accessibility/Accessible;Ljava/awt/Component;)I+19 java.desktop@21.0.7
v  ~StubRoutines::call_stub 0x0000000119fd2cc4
J 2945  sun.lwawt.macosx.LWCToolkit.doAWTRunLoopImpl(JZZ)V java.desktop@21.0.7 (0 bytes) @ 0x000000011a80d47f [0x000000011a80d420+0x000000000000005f]
j  sun.lwawt.macosx.LWCToolkit.doAWTRunLoop(JZ)V+5 java.desktop@21.0.7
j  sun.lwawt.macosx.LWCToolkit.invokeAndWait(Ljava/lang/Runnable;Ljava/awt/Component;)V+50 java.desktop@21.0.7
j  sun.lwawt.macosx.LWCToolkit.invokeAndWait(Ljava/util/concurrent/Callable;Ljava/awt/Component;)Ljava/lang/Object;+11 java.desktop@21.0.7
j  sun.lwawt.macosx.CAccessibility.invokeAndWait(Ljava/util/concurrent/Callable;Ljava/awt/Component;Ljava/lang/Object;)Ljava/lang/Object;+8 java.desktop@21.0.7
j  sun.lwawt.macosx.CAccessibility.getAccessibleIndexInParent(Ljavax/accessibility/Accessible;Ljava/awt/Component;)I+19 java.desktop@21.0.7
v  ~StubRoutines::call_stub 0x0000000119fd2cc4
J 2945  sun.lwawt.macosx.LWCToolkit.doAWTRunLoopImpl(JZZ)V java.desktop@21.0.7 (0 bytes) @ 0x000000011a80d47f [0x000000011a80d420+0x000000000000005f]
j  sun.lwawt.macosx.LWCToolkit.doAWTRunLoop(JZ)V+5 java.desktop@21.0.7
j  sun.lwawt.macosx.LWCToolkit.invokeAndWait(Ljava/lang/Runnable;Ljava/awt/Component;)V+50 java.desktop@21.0.7
j  sun.lwawt.macosx.LWCToolkit.invokeAndWait(Ljava/util/concurrent/Callable;Ljava/awt/Component;)Ljava/lang/Object;+11 java.desktop@21.0.7
j  sun.lwawt.macosx.CAccessibility.invokeAndWait(Ljava/util/concurrent/Callable;Ljava/awt/Component;Ljava/lang/Object;)Ljava/lang/Object;+8 java.desktop@21.0.7
j  sun.lwawt.macosx.CAccessibility.getAccessibleIndexInParent(Ljavax/accessibility/Accessible;Ljava/awt/Component;)I+19 java.desktop@21.0.7
v  ~StubRoutines::call_stub 0x0000000119fd2cc4
J 2945  sun.lwawt.macosx.LWCToolkit.doAWTRunLoopImpl(JZZ)V java.desktop@21.0.7 (0 bytes) @ 0x000000011a80d47f [0x000000011a80d420+0x000000000000005f]
j  sun.lwawt.macosx.LWCToolkit.doAWTRunLoop(JZ)V+5 java.desktop@21.0.7
j  sun.lwawt.macosx.LWCToolkit.invokeAndWait(Ljava/lang/Runnable;Ljava/awt/Component;)V+50 java.desktop@21.0.7
j  sun.lwawt.macosx.LWCToolkit.invokeAndWait(Ljava/util/concurrent/Callable;Ljava/awt/Component;)Ljava/lang/Object;+11 java.desktop@21.0.7
j  sun.lwawt.macosx.CAccessibility.invokeAndWait(Ljava/util/concurrent/Callable;Ljava/awt/Component;Ljava/lang/Object;)Ljava/lang/Object;+8 java.desktop@21.0.7
j  sun.lwawt.macosx.CAccessibility.getAccessibleIndexInParent(Ljavax/accessibility/Accessible;Ljava/awt/Component;)I+19 java.desktop@21.0.7
v  ~StubRoutines::call_stub 0x0000000119fd2cc4
J 2945  sun.lwawt.macosx.LWCToolkit.doAWTRunLoopImpl(JZZ)V java.desktop@21.0.7 (0 bytes) @ 0x000000011a80d47f [0x000000011a80d420+0x000000000000005f]
j  sun.lwawt.macosx.LWCToolkit.doAWTRunLoop(JZ)V+5 java.desktop@21.0.7
j  sun.lwawt.macosx.LWCToolkit.invokeAndWait(Ljava/lang/Runnable;Ljava/awt/Component;)V+50 java.desktop@21.0.7
j  sun.lwawt.macosx.LWCToolkit.invokeAndWait(Ljava/util/concurrent/Callable;Ljava/awt/Component;)Ljava/lang/Object;+11 java.desktop@21.0.7
j  sun.lwawt.macosx.CAccessibility.invokeAndWait(Ljava/util/concurrent/Callable;Ljava/awt/Component;Ljava/lang/Object;)Ljava/lang/Object;+8 java.desktop@21.0.7
j  sun.lwawt.macosx.CAccessibility.getAccessibleIndexInParent(Ljavax/accessibility/Accessible;Ljava/awt/Component;)I+19 java.desktop@21.0.7
v  ~StubRoutines::call_stub 0x0000000119fd2cc4
J 2945  sun.lwawt.macosx.LWCToolkit.doAWTRunLoopImpl(JZZ)V java.desktop@21.0.7 (0 bytes) @ 0x000000011a80d47f [0x000000011a80d420+0x000000000000005f]
j  sun.lwawt.macosx.LWCToolkit.doAWTRunLoop(JZ)V+5 java.desktop@21.0.7
j  sun.lwawt.macosx.LWCToolkit.invokeAndWait(Ljava/lang/Runnable;Ljava/awt/Component;)V+50 java.desktop@21.0.7
j  sun.lwawt.macosx.LWCToolkit.invokeAndWait(Ljava/util/concurrent/Callable;Ljava/awt/Component;)Ljava/lang/Object;+11 java.desktop@21.0.7
j  sun.lwawt.macosx.CAccessibility.invokeAndWait(Ljava/util/concurrent/Callable;Ljava/awt/Component;Ljava/lang/Object;)Ljava/lang/Object;+8 java.desktop@21.0.7
j  sun.lwawt.macosx.CAccessibility.getAccessibleIndexInParent(Ljavax/accessibility/Accessible;Ljava/awt/Component;)I+19 java.desktop@21.0.7
v  ~StubRoutines::call_stub 0x0000000119fd2cc4
J 2945  sun.lwawt.macosx.LWCToolkit.doAWTRunLoopImpl(JZZ)V java.desktop@21.0.7 (0 bytes) @ 0x000000011a80d47f [0x000000011a80d420+0x000000000000005f]
j  sun.lwawt.macosx.LWCToolkit.doAWTRunLoop(JZ)V+5 java.desktop@21.0.7
j  sun.lwawt.macosx.LWCToolkit.invokeAndWait(Ljava/lang/Runnable;Ljava/awt/Component;)V+50 java.desktop@21.0.7
j  sun.lwawt.macosx.LWCToolkit.invokeAndWait(Ljava/util/concurrent/Callable;Ljava/awt/Component;)Ljava/lang/Object;+11 java.desktop@21.0.7
j  sun.lwawt.macosx.CAccessibility.invokeAndWait(Ljava/util/concurrent/Callable;Ljava/awt/Component;Ljava/lang/Object;)Ljava/lang/Object;+8 java.desktop@21.0.7
j  sun.lwawt.macosx.CAccessibility.getAccessibleIndexInParent(Ljavax/accessibility/Accessible;Ljava/awt/Component;)I+19 java.desktop@21.0.7
v  ~StubRoutines::call_stub 0x0000000119fd2cc4
J 2945  sun.lwawt.macosx.LWCToolkit.doAWTRunLoopImpl(JZZ)V java.desktop@21.0.7 (0 bytes) @ 0x000000011a80d47f [0x000000011a80d420+0x000000000000005f]
j  sun.lwawt.macosx.LWCToolkit.doAWTRunLoop(JZ)V+5 java.desktop@21.0.7
j  sun.lwawt.macosx.LWCToolkit.invokeAndWait(Ljava/lang/Runnable;Ljava/awt/Component;)V+50 java.desktop@21.0.7
j  sun.lwawt.macosx.LWCToolkit.invokeAndWait(Ljava/util/concurrent/Callable;Ljava/awt/Component;)Ljava/lang/Object;+11 java.desktop@21.0.7
j  sun.lwawt.macosx.CAccessibility.invokeAndWait(Ljava/util/concurrent/Callable;Ljava/awt/Component;Ljava/lang/Object;)Ljava/lang/Object;+8 java.desktop@21.0.7
j  sun.lwawt.macosx.CAccessibility.getAccessibleIndexInParent(Ljavax/accessibility/Accessible;Ljava/awt/Component;)I+19 java.desktop@21.0.7
v  ~StubRoutines::call_stub 0x0000000119fd2cc4
J 2945  sun.lwawt.macosx.LWCToolkit.doAWTRunLoopImpl(JZZ)V java.desktop@21.0.7 (0 bytes) @ 0x000000011a80d47f [0x000000011a80d420+0x000000000000005f]
j  sun.lwawt.macosx.LWCToolkit.doAWTRunLoop(JZ)V+5 java.desktop@21.0.7
j  sun.lwawt.macosx.LWCToolkit.invokeAndWait(Ljava/lang/Runnable;Ljava/awt/Component;)V+50 java.desktop@21.0.7
j  sun.lwawt.macosx.LWCToolkit.invokeAndWait(Ljava/util/concurrent/Callable;Ljava/awt/Component;)Ljava/lang/Object;+11 java.desktop@21.0.7
j  sun.lwawt.macosx.CAccessibility.invokeAndWait(Ljava/util/concurrent/Callable;Ljava/awt/Component;Ljava/lang/Object;)Ljava/lang/Object;+8 java.desktop@21.0.7
j  sun.lwawt.macosx.CAccessibility.getAccessibleIndexInParent(Ljavax/accessibility/Accessible;Ljava/awt/Component;)I+19 java.desktop@21.0.7
v  ~StubRoutines::call_stub 0x0000000119fd2cc4
J 2945  sun.lwawt.macosx.LWCToolkit.doAWTRunLoopImpl(JZZ)V java.desktop@21.0.7 (0 bytes) @ 0x000000011a80d47f [0x000000011a80d420+0x000000000000005f]
j  sun.lwawt.macosx.LWCToolkit.doAWTRunLoop(JZ)V+5 java.desktop@21.0.7
j  sun.lwawt.macosx.LWCToolkit.invokeAndWait(Ljava/lang/Runnable;Ljava/awt/Component;)V+50 java.desktop@21.0.7
j  sun.lwawt.macosx.LWCToolkit.invokeAndWait(Ljava/util/concurrent/Callable;Ljava/awt/Component;)Ljava/lang/Object;+11 java.desktop@21.0.7
j  sun.lwawt.macosx.CAccessibility.invokeAndWait(Ljava/util/concurrent/Callable;Ljava/awt/Component;Ljava/lang/Object;)Ljava/lang/Object;+8 java.desktop@21.0.7
j  sun.lwawt.macosx.CAccessibility.getAccessibleIndexInParent(Ljavax/accessibility/Accessible;Ljava/awt/Component;)I+19 java.desktop@21.0.7
v  ~StubRoutines::call_stub 0x0000000119fd2cc4
J 2945  sun.lwawt.macosx.LWCToolkit.doAWTRunLoopImpl(JZZ)V java.desktop@21.0.7 (0 bytes) @ 0x000000011a80d47f [0x000000011a80d420+0x000000000000005f]
j  sun.lwawt.macosx.LWCToolkit.doAWTRunLoop(JZ)V+5 java.desktop@21.0.7
j  sun.lwawt.macosx.LWCToolkit.invokeAndWait(Ljava/lang/Runnable;Ljava/awt/Component;)V+50 java.desktop@21.0.7
j  sun.lwawt.macosx.LWCToolkit.invokeAndWait(Ljava/util/concurrent/Callable;Ljava/awt/Component;)Ljava/lang/Object;+11 java.desktop@21.0.7
j  sun.lwawt.macosx.CAccessibility.invokeAndWait(Ljava/util/concurrent/Callable;Ljava/awt/Component;Ljava/lang/Object;)Ljava/lang/Object;+8 java.desktop@21.0.7
j  sun.lwawt.macosx.CAccessibility.getAccessibleIndexInParent(Ljavax/accessibility/Accessible;Ljava/awt/Component;)I+19 java.desktop@21.0.7
v  ~StubRoutines::call_stub 0x0000000119fd2cc4
J 2945  sun.lwawt.macosx.LWCToolkit.doAWTRunLoopImpl(JZZ)V java.desktop@21.0.7 (0 bytes) @ 0x000000011a80d47f [0x000000011a80d420+0x000000000000005f]
j  sun.lwawt.macosx.LWCToolkit.doAWTRunLoop(JZ)V+5 java.desktop@21.0.7
j  sun.lwawt.macosx.LWCToolkit.invokeAndWait(Ljava/lang/Runnable;Ljava/awt/Component;)V+50 java.desktop@21.0.7
j  sun.lwawt.macosx.LWCToolkit.invokeAndWait(Ljava/util/concurrent/Callable;Ljava/awt/Component;)Ljava/lang/Object;+11 java.desktop@21.0.7
j  sun.lwawt.macosx.CAccessibility.invokeAndWait(Ljava/util/concurrent/Callable;Ljava/awt/Component;Ljava/lang/Object;)Ljava/lang/Object;+8 java.desktop@21.0.7
j  sun.lwawt.macosx.CAccessibility.getAccessibleIndexInParent(Ljavax/accessibility/Accessible;Ljava/awt/Component;)I+19 java.desktop@21.0.7
v  ~StubRoutines::call_stub 0x0000000119fd2cc4
J 2945  sun.lwawt.macosx.LWCToolkit.doAWTRunLoopImpl(JZZ)V java.desktop@21.0.7 (0 bytes) @ 0x000000011a80d47f [0x000000011a80d420+0x000000000000005f]
j  sun.lwawt.macosx.LWCToolkit.doAWTRunLoop(JZ)V+5 java.desktop@21.0.7
j  sun.lwawt.macosx.LWCToolkit.invokeAndWait(Ljava/lang/Runnable;Ljava/awt/Component;)V+50 java.desktop@21.0.7
j  sun.lwawt.macosx.LWCToolkit.invokeAndWait(Ljava/util/concurrent/Callable;Ljava/awt/Component;)Ljava/lang/Object;+11 java.desktop@21.0.7
j  sun.lwawt.macosx.CAccessibility.invokeAndWait(Ljava/util/concurrent/Callable;Ljava/awt/Component;Ljava/lang/Object;)Ljava/lang/Object;+8 java.desktop@21.0.7
j  sun.lwawt.macosx.CAccessibility.getAccessibleIndexInParent(Ljavax/accessibility/Accessible;Ljava/awt/Component;)I+19 java.desktop@21.0.7
v  ~StubRoutines::call_stub 0x0000000119fd2cc4
J 2945  sun.lwawt.macosx.LWCToolkit.doAWTRunLoopImpl(JZZ)V java.desktop@21.0.7 (0 bytes) @ 0x000000011a80d47f [0x000000011a80d420+0x000000000000005f]
j  sun.lwawt.macosx.LWCToolkit.doAWTRunLoop(JZ)V+5 java.desktop@21.0.7
j  sun.lwawt.macosx.LWCToolkit.invokeAndWait(Ljava/lang/Runnable;Ljava/awt/Component;)V+50 java.desktop@21.0.7
j  sun.lwawt.macosx.LWCToolkit.invokeAndWait(Ljava/util/concurrent/Callable;Ljava/awt/Component;)Ljava/lang/Object;+11 java.desktop@21.0.7
j  sun.lwawt.macosx.CAccessibility.invokeAndWait(Ljava/util/concurrent/Callable;Ljava/awt/Component;Ljava/lang/Object;)Ljava/lang/Object;+8 java.desktop@21.0.7
j  sun.lwawt.macosx.CAccessibility.getAccessibleIndexInParent(Ljavax/accessibility/Accessible;Ljava/awt/Component;)I+19 java.desktop@21.0.7
v  ~StubRoutines::call_stub 0x0000000119fd2cc4
J 2945  sun.lwawt.macosx.LWCToolkit.doAWTRunLoopImpl(JZZ)V java.desktop@21.0.7 (0 bytes) @ 0x000000011a80d47f [0x000000011a80d420+0x000000000000005f]
j  sun.lwawt.macosx.LWCToolkit.doAWTRunLoop(JZ)V+5 java.desktop@21.0.7
j  sun.lwawt.macosx.LWCToolkit.invokeAndWait(Ljava/lang/Runnable;Ljava/awt/Component;)V+50 java.desktop@21.0.7
j  sun.lwawt.macosx.LWCToolkit.invokeAndWait(Ljava/util/concurrent/Callable;Ljava/awt/Component;)Ljava/lang/Object;+11 java.desktop@21.0.7
j  sun.lwawt.macosx.CAccessibility.invokeAndWait(Ljava/util/concurrent/Callable;Ljava/awt/Component;Ljava/lang/Object;)Ljava/lang/Object;+8 java.desktop@21.0.7
j  sun.lwawt.macosx.CAccessibility.getAccessibleIndexInParent(Ljavax/accessibility/Accessible;Ljava/awt/Component;)I+19 java.desktop@21.0.7
v  ~StubRoutines::call_stub 0x0000000119fd2cc4
J 2945  sun.lwawt.macosx.LWCToolkit.doAWTRunLoopImpl(JZZ)V java.desktop@21.0.7 (0 bytes) @ 0x000000011a80d47f [0x000000011a80d420+0x000000000000005f]
j  sun.lwawt.macosx.LWCToolkit.doAWTRunLoop(JZ)V+5 java.desktop@21.0.7
j  sun.lwawt.macosx.LWCToolkit.invokeAndWait(Ljava/lang/Runnable;Ljava/awt/Component;)V+50 java.desktop@21.0.7
j  sun.lwawt.macosx.LWCToolkit.invokeAndWait(Ljava/util/concurrent/Callable;Ljava/awt/Component;)Ljava/lang/Object;+11 java.desktop@21.0.7
j  sun.lwawt.macosx.CAccessibility.invokeAndWait(Ljava/util/concurrent/Callable;Ljava/awt/Component;Ljava/lang/Object;)Ljava/lang/Object;+8 java.desktop@21.0.7
j  sun.lwawt.macosx.CAccessibility.getAccessibleIndexInParent(Ljavax/accessibility/Accessible;Ljava/awt/Component;)I+19 java.desktop@21.0.7
v  ~StubRoutines::call_stub 0x0000000119fd2cc4
J 2945  sun.lwawt.macosx.LWCToolkit.doAWTRunLoopImpl(JZZ)V java.desktop@21.0.7 (0 bytes) @ 0x000000011a80d47f [0x000000011a80d420+0x000000000000005f]
j  sun.lwawt.macosx.LWCToolkit.doAWTRunLoop(JZ)V+5 java.desktop@21.0.7
j  sun.lwawt.macosx.LWCToolkit.invokeAndWait(Ljava/lang/Runnable;Ljava/awt/Component;)V+50 java.desktop@21.0.7
j  sun.lwawt.macosx.LWCToolkit.invokeAndWait(Ljava/util/concurrent/Callable;Ljava/awt/Component;)Ljava/lang/Object;+11 java.desktop@21.0.7
j  sun.lwawt.macosx.CAccessibility.invokeAndWait(Ljava/util/concurrent/Callable;Ljava/awt/Component;Ljava/lang/Object;)Ljava/lang/Object;+8 java.desktop@21.0.7
j  sun.lwawt.macosx.CAccessibility.getAccessibleIndexInParent(Ljavax/accessibility/Accessible;Ljava/awt/Component;)I+19 java.desktop@21.0.7
v  ~StubRoutines::call_stub 0x0000000119fd2cc4
J 2945  sun.lwawt.macosx.LWCToolkit.doAWTRunLoopImpl(JZZ)V java.desktop@21.0.7 (0 bytes) @ 0x000000011a80d47f [0x000000011a80d420+0x000000000000005f]
j  sun.lwawt.macosx.LWCToolkit.doAWTRunLoop(JZ)V+5 java.desktop@21.0.7
j  sun.lwawt.macosx.LWCToolkit.invokeAndWait(Ljava/lang/Runnable;Ljava/awt/Component;)V+50 java.desktop@21.0.7
j  sun.lwawt.macosx.LWCToolkit.invokeAndWait(Ljava/util/concurrent/Callable;Ljava/awt/Component;)Ljava/lang/Object;+11 java.desktop@21.0.7
j  sun.lwawt.macosx.CAccessibility.invokeAndWait(Ljava/util/concurrent/Callable;Ljava/awt/Component;Ljava/lang/Object;)Ljava/lang/Object;+8 java.desktop@21.0.7
j  sun.lwawt.macosx.CAccessibility.getAccessibleIndexInParent(Ljavax/accessibility/Accessible;Ljava/awt/Component;)I+19 java.desktop@21.0.7
v  ~StubRoutines::call_stub 0x0000000119fd2cc4
J 2945  sun.lwawt.macosx.LWCToolkit.doAWTRunLoopImpl(JZZ)V java.desktop@21.0.7 (0 bytes) @ 0x000000011a80d47f [0x000000011a80d420+0x000000000000005f]
j  sun.lwawt.macosx.LWCToolkit.doAWTRunLoop(JZ)V+5 java.desktop@21.0.7
j  sun.lwawt.macosx.LWCToolkit.invokeAndWait(Ljava/lang/Runnable;Ljava/awt/Component;)V+50 java.desktop@21.0.7
j  sun.lwawt.macosx.LWCToolkit.invokeAndWait(Ljava/util/concurrent/Callable;Ljava/awt/Component;)Ljava/lang/Object;+11 java.desktop@21.0.7
j  sun.lwawt.macosx.CAccessibility.invokeAndWait(Ljava/util/concurrent/Callable;Ljava/awt/Component;Ljava/lang/Object;)Ljava/lang/Object;+8 java.desktop@21.0.7
j  sun.lwawt.macosx.CAccessibility.getAccessibleIndexInParent(Ljavax/accessibility/Accessible;Ljava/awt/Component;)I+19 java.desktop@21.0.7
v  ~StubRoutines::call_stub 0x0000000119fd2cc4
J 2945  sun.lwawt.macosx.LWCToolkit.doAWTRunLoopImpl(JZZ)V java.desktop@21.0.7 (0 bytes) @ 0x000000011a80d47f [0x000000011a80d420+0x000000000000005f]
j  sun.lwawt.macosx.LWCToolkit.doAWTRunLoop(JZ)V+5 java.desktop@21.0.7
j  sun.lwawt.macosx.LWCToolkit.invokeAndWait(Ljava/lang/Runnable;Ljava/awt/Component;)V+50 java.desktop@21.0.7
j  sun.lwawt.macosx.LWCToolkit.invokeAndWait(Ljava/util/concurrent/Callable;Ljava/awt/Component;)Ljava/lang/Object;+11 java.desktop@21.0.7
j  sun.lwawt.macosx.CAccessibility.invokeAndWait(Ljava/util/concurrent/Callable;Ljava/awt/Component;Ljava/lang/Object;)Ljava/lang/Object;+8 java.desktop@21.0.7
j  sun.lwawt.macosx.CAccessibility.getAccessibleIndexInParent(Ljavax/accessibility/Accessible;Ljava/awt/Component;)I+19 java.desktop@21.0.7
v  ~StubRoutines::call_stub 0x0000000119fd2cc4
J 2945  sun.lwawt.macosx.LWCToolkit.doAWTRunLoopImpl(JZZ)V java.desktop@21.0.7 (0 bytes) @ 0x000000011a80d47f [0x000000011a80d420+0x000000000000005f]
j  sun.lwawt.macosx.LWCToolkit.doAWTRunLoop(JZ)V+5 java.desktop@21.0.7
j  sun.lwawt.macosx.LWCToolkit.invokeAndWait(Ljava/lang/Runnable;Ljava/awt/Component;)V+50 java.desktop@21.0.7
j  sun.lwawt.macosx.LWCToolkit.invokeAndWait(Ljava/util/concurrent/Callable;Ljava/awt/Component;)Ljava/lang/Object;+11 java.desktop@21.0.7
j  sun.lwawt.macosx.CAccessibility.invokeAndWait(Ljava/util/concurrent/Callable;Ljava/awt/Component;Ljava/lang/Object;)Ljava/lang/Object;+8 java.desktop@21.0.7
j  sun.lwawt.macosx.CAccessibility.getAccessibleIndexInParent(Ljavax/accessibility/Accessible;Ljava/awt/Component;)I+19 java.desktop@21.0.7
v  ~StubRoutines::call_stub 0x0000000119fd2cc4
J 2945  sun.lwawt.macosx.LWCToolkit.doAWTRunLoopImpl(JZZ)V java.desktop@21.0.7 (0 bytes) @ 0x000000011a80d47f [0x000000011a80d420+0x000000000000005f]
j  sun.lwawt.macosx.LWCToolkit.doAWTRunLoop(JZ)V+5 java.desktop@21.0.7
j  sun.lwawt.macosx.LWCToolkit.invokeAndWait(Ljava/lang/Runnable;Ljava/awt/Component;)V+50 java.desktop@21.0.7
j  sun.lwawt.macosx.LWCToolkit.invokeAndWait(Ljava/util/concurrent/Callable;Ljava/awt/Component;)Ljava/lang/Object;+11 java.desktop@21.0.7
j  sun.lwawt.macosx.CAccessibility.invokeAndWait(Ljava/util/concurrent/Callable;Ljava/awt/Component;Ljava/lang/Object;)Ljava/lang/Object;+8 java.desktop@21.0.7
j  sun.lwawt.macosx.CAccessibility.getAccessibleIndexInParent(Ljavax/accessibility/Accessible;Ljava/awt/Component;)I+19 java.desktop@21.0.7
v  ~StubRoutines::call_stub 0x0000000119fd2cc4
J 2945  sun.lwawt.macosx.LWCToolkit.doAWTRunLoopImpl(JZZ)V java.desktop@21.0.7 (0 bytes) @ 0x000000011a80d47f [0x000000011a80d420+0x000000000000005f]
j  sun.lwawt.macosx.LWCToolkit.doAWTRunLoop(JZ)V+5 java.desktop@21.0.7
j  sun.lwawt.macosx.LWCToolkit.invokeAndWait(Ljava/lang/Runnable;Ljava/awt/Component;)V+50 java.desktop@21.0.7
j  sun.lwawt.macosx.LWCToolkit.invokeAndWait(Ljava/util/concurrent/Callable;Ljava/awt/Component;)Ljava/lang/Object;+11 java.desktop@21.0.7
j  sun.lwawt.macosx.CAccessibility.invokeAndWait(Ljava/util/concurrent/Callable;Ljava/awt/Component;Ljava/lang/Object;)Ljava/lang/Object;+8 java.desktop@21.0.7
j  sun.lwawt.macosx.CAccessibility.getAccessibleIndexInParent(Ljavax/accessibility/Accessible;Ljava/awt/Component;)I+19 java.desktop@21.0.7
v  ~StubRoutines::call_stub 0x0000000119fd2cc4
J 2945  sun.lwawt.macosx.LWCToolkit.doAWTRunLoopImpl(JZZ)V java.desktop@21.0.7 (0 bytes) @ 0x000000011a80d47f [0x000000011a80d420+0x000000000000005f]
j  sun.lwawt.macosx.LWCToolkit.doAWTRunLoop(JZ)V+5 java.desktop@21.0.7
j  sun.lwawt.macosx.LWCToolkit.invokeAndWait(Ljava/lang/Runnable;Ljava/awt/Component;)V+50 java.desktop@21.0.7
j  sun.lwawt.macosx.LWCToolkit.invokeAndWait(Ljava/util/concurrent/Callable;Ljava/awt/Component;)Ljava/lang/Object;+11 java.desktop@21.0.7
j  sun.lwawt.macosx.CAccessibility.invokeAndWait(Ljava/util/concurrent/Callable;Ljava/awt/Component;Ljava/lang/Object;)Ljava/lang/Object;+8 java.desktop@21.0.7
j  sun.lwawt.macosx.CAccessibility.getAccessibleIndexInParent(Ljavax/accessibility/Accessible;Ljava/awt/Component;)I+19 java.desktop@21.0.7
v  ~StubRoutines::call_stub 0x0000000119fd2cc4
J 2945  sun.lwawt.macosx.LWCToolkit.doAWTRunLoopImpl(JZZ)V java.desktop@21.0.7 (0 bytes) @ 0x000000011a80d47f [0x000000011a80d420+0x000000000000005f]
j  sun.lwawt.macosx.LWCToolkit.doAWTRunLoop(JZ)V+5 java.desktop@21.0.7
j  sun.lwawt.macosx.LWCToolkit.invokeAndWait(Ljava/lang/Runnable;Ljava/awt/Component;)V+50 java.desktop@21.0.7
j  sun.lwawt.macosx.LWCToolkit.invokeAndWait(Ljava/util/concurrent/Callable;Ljava/awt/Component;)Ljava/lang/Object;+11 java.desktop@21.0.7
j  sun.lwawt.macosx.CAccessibility.invokeAndWait(Ljava/util/concurrent/Callable;Ljava/awt/Component;Ljava/lang/Object;)Ljava/lang/Object;+8 java.desktop@21.0.7
j  sun.lwawt.macosx.CAccessibility.getAccessibleIndexInParent(Ljavax/accessibility/Accessible;Ljava/awt/Component;)I+19 java.desktop@21.0.7
v  ~StubRoutines::call_stub 0x0000000119fd2cc4
J 2945  sun.lwawt.macosx.LWCToolkit.doAWTRunLoopImpl(JZZ)V java.desktop@21.0.7 (0 bytes) @ 0x000000011a80d47f [0x000000011a80d420+0x000000000000005f]
j  sun.lwawt.macosx.LWCToolkit.doAWTRunLoop(JZ)V+5 java.desktop@21.0.7
j  sun.lwawt.macosx.LWCToolkit.invokeAndWait(Ljava/lang/Runnable;Ljava/awt/Component;)V+50 java.desktop@21.0.7
j  sun.lwawt.macosx.LWCToolkit.invokeAndWait(Ljava/util/concurrent/Callable;Ljava/awt/Component;)Ljava/lang/Object;+11 java.desktop@21.0.7
j  sun.lwawt.macosx.CAccessibility.invokeAndWait(Ljava/util/concurrent/Callable;Ljava/awt/Component;Ljava/lang/Object;)Ljava/lang/Object;+8 java.desktop@21.0.7
j  sun.lwawt.macosx.CAccessibility.getAccessibleIndexInParent(Ljavax/accessibility/Accessible;Ljava/awt/Component;)I+19 java.desktop@21.0.7
v  ~StubRoutines::call_stub 0x0000000119fd2cc4
J 2945  sun.lwawt.macosx.LWCToolkit.doAWTRunLoopImpl(JZZ)V java.desktop@21.0.7 (0 bytes) @ 0x000000011a80d47f [0x000000011a80d420+0x000000000000005f]
j  sun.lwawt.macosx.LWCToolkit.doAWTRunLoop(JZ)V+5 java.desktop@21.0.7
j  sun.lwawt.macosx.LWCToolkit.invokeAndWait(Ljava/lang/Runnable;Ljava/awt/Component;)V+50 java.desktop@21.0.7
j  sun.lwawt.macosx.LWCToolkit.invokeAndWait(Ljava/util/concurrent/Callable;Ljava/awt/Component;)Ljava/lang/Object;+11 java.desktop@21.0.7
j  sun.lwawt.macosx.CAccessibility.invokeAndWait(Ljava/util/concurrent/Callable;Ljava/awt/Component;Ljava/lang/Object;)Ljava/lang/Object;+8 java.desktop@21.0.7
j  sun.lwawt.macosx.CAccessibility.getAccessibleIndexInParent(Ljavax/accessibility/Accessible;Ljava/awt/Component;)I+19 java.desktop@21.0.7
v  ~StubRoutines::call_stub 0x0000000119fd2cc4
J 2945  sun.lwawt.macosx.LWCToolkit.doAWTRunLoopImpl(JZZ)V java.desktop@21.0.7 (0 bytes) @ 0x000000011a80d47f [0x000000011a80d420+0x000000000000005f]
j  sun.lwawt.macosx.LWCToolkit.doAWTRunLoop(JZ)V+5 java.desktop@21.0.7
j  sun.lwawt.macosx.LWCToolkit.invokeAndWait(Ljava/lang/Runnable;Ljava/awt/Component;)V+50 java.desktop@21.0.7
j  sun.lwawt.macosx.LWCToolkit.invokeAndWait(Ljava/util/concurrent/Callable;Ljava/awt/Component;)Ljava/lang/Object;+11 java.desktop@21.0.7
j  sun.lwawt.macosx.CAccessibility.invokeAndWait(Ljava/util/concurrent/Callable;Ljava/awt/Component;Ljava/lang/Object;)Ljava/lang/Object;+8 java.desktop@21.0.7
j  sun.lwawt.macosx.CAccessibility.getAccessibleIndexInParent(Ljavax/accessibility/Accessible;Ljava/awt/Component;)I+19 java.desktop@21.0.7
v  ~StubRoutines::call_stub 0x0000000119fd2cc4
J 2945  sun.lwawt.macosx.LWCToolkit.doAWTRunLoopImpl(JZZ)V java.desktop@21.0.7 (0 bytes) @ 0x000000011a80d47f [0x000000011a80d420+0x000000000000005f]
j  sun.lwawt.macosx.LWCToolkit.doAWTRunLoop(JZ)V+5 java.desktop@21.0.7
j  sun.lwawt.macosx.LWCToolkit.invokeAndWait(Ljava/lang/Runnable;Ljava/awt/Component;)V+50 java.desktop@21.0.7
j  sun.lwawt.macosx.LWCToolkit.invokeAndWait(Ljava/util/concurrent/Callable;Ljava/awt/Component;)Ljava/lang/Object;+11 java.desktop@21.0.7
j  sun.lwawt.macosx.CAccessibility.invokeAndWait(Ljava/util/concurrent/Callable;Ljava/awt/Component;Ljava/lang/Object;)Ljava/lang/Object;+8 java.desktop@21.0.7
j  sun.lwawt.macosx.CAccessibility.getAccessibleIndexInParent(Ljavax/accessibility/Accessible;Ljava/awt/Component;)I+19 java.desktop@21.0.7
v  ~StubRoutines::call_stub 0x0000000119fd2cc4
J 2945  sun.lwawt.macosx.LWCToolkit.doAWTRunLoopImpl(JZZ)V java.desktop@21.0.7 (0 bytes) @ 0x000000011a80d47f [0x000000011a80d420+0x000000000000005f]
j  sun.lwawt.macosx.LWCToolkit.doAWTRunLoop(JZ)V+5 java.desktop@21.0.7
j  sun.lwawt.macosx.LWCToolkit.invokeAndWait(Ljava/lang/Runnable;Ljava/awt/Component;)V+50 java.desktop@21.0.7
j  sun.lwawt.macosx.LWCToolkit.invokeAndWait(Ljava/util/concurrent/Callable;Ljava/awt/Component;)Ljava/lang/Object;+11 java.desktop@21.0.7
j  sun.lwawt.macosx.CAccessibility.invokeAndWait(Ljava/util/concurrent/Callable;Ljava/awt/Component;Ljava/lang/Object;)Ljava/lang/Object;+8 java.desktop@21.0.7
j  sun.lwawt.macosx.CAccessibility.getAccessibleIndexInParent(Ljavax/accessibility/Accessible;Ljava/awt/Component;)I+19 java.desktop@21.0.7
v  ~StubRoutines::call_stub 0x0000000119fd2cc4
J 2945  sun.lwawt.macosx.LWCToolkit.doAWTRunLoopImpl(JZZ)V java.desktop@21.0.7 (0 bytes) @ 0x000000011a80d47f [0x000000011a80d420+0x000000000000005f]
j  sun.lwawt.macosx.LWCToolkit.doAWTRunLoop(JZ)V+5 java.desktop@21.0.7
j  sun.lwawt.macosx.LWCToolkit.invokeAndWait(Ljava/lang/Runnable;Ljava/awt/Component;)V+50 java.desktop@21.0.7
j  sun.lwawt.macosx.LWCToolkit.invokeAndWait(Ljava/util/concurrent/Callable;Ljava/awt/Component;)Ljava/lang/Object;+11 java.desktop@21.0.7
j  sun.lwawt.macosx.CAccessibility.invokeAndWait(Ljava/util/concurrent/Callable;Ljava/awt/Component;Ljava/lang/Object;)Ljava/lang/Object;+8 java.desktop@21.0.7
j  sun.lwawt.macosx.CAccessibility.getAccessibleIndexInParent(Ljavax/accessibility/Accessible;Ljava/awt/Component;)I+19 java.desktop@21.0.7
v  ~StubRoutines::call_stub 0x0000000119fd2cc4
J 2945  sun.lwawt.macosx.LWCToolkit.doAWTRunLoopImpl(JZZ)V java.desktop@21.0.7 (0 bytes) @ 0x000000011a80d47f [0x000000011a80d420+0x000000000000005f]
j  sun.lwawt.macosx.LWCToolkit.doAWTRunLoop(JZ)V+5 java.desktop@21.0.7
j  sun.lwawt.macosx.LWCToolkit.invokeAndWait(Ljava/lang/Runnable;Ljava/awt/Component;)V+50 java.desktop@21.0.7
j  sun.lwawt.macosx.LWCToolkit.invokeAndWait(Ljava/util/concurrent/Callable;Ljava/awt/Component;)Ljava/lang/Object;+11 java.desktop@21.0.7
j  sun.lwawt.macosx.CAccessibility.invokeAndWait(Ljava/util/concurrent/Callable;Ljava/awt/Component;Ljava/lang/Object;)Ljava/lang/Object;+8 java.desktop@21.0.7
j  sun.lwawt.macosx.CAccessibility.getAccessibleIndexInParent(Ljavax/accessibility/Accessible;Ljava/awt/Component;)I+19 java.desktop@21.0.7
v  ~StubRoutines::call_stub 0x0000000119fd2cc4
J 2945  sun.lwawt.macosx.LWCToolkit.doAWTRunLoopImpl(JZZ)V java.desktop@21.0.7 (0 bytes) @ 0x000000011a80d47f [0x000000011a80d420+0x000000000000005f]
j  sun.lwawt.macosx.LWCToolkit.doAWTRunLoop(JZ)V+5 java.desktop@21.0.7
j  sun.lwawt.macosx.LWCToolkit.invokeAndWait(Ljava/lang/Runnable;Ljava/awt/Component;)V+50 java.desktop@21.0.7
j  sun.lwawt.macosx.LWCToolkit.invokeAndWait(Ljava/util/concurrent/Callable;Ljava/awt/Component;)Ljava/lang/Object;+11 java.desktop@21.0.7
j  sun.lwawt.macosx.CAccessibility.invokeAndWait(Ljava/util/concurrent/Callable;Ljava/awt/Component;Ljava/lang/Object;)Ljava/lang/Object;+8 java.desktop@21.0.7
j  sun.lwawt.macosx.CAccessibility.getAccessibleIndexInParent(Ljavax/accessibility/Accessible;Ljava/awt/Component;)I+19 java.desktop@21.0.7
v  ~StubRoutines::call_stub 0x0000000119fd2cc4
J 2945  sun.lwawt.macosx.LWCToolkit.doAWTRunLoopImpl(JZZ)V java.desktop@21.0.7 (0 bytes) @ 0x000000011a80d47f [0x000000011a80d420+0x000000000000005f]
j  sun.lwawt.macosx.LWCToolkit.doAWTRunLoop(JZ)V+5 java.desktop@21.0.7
j  sun.lwawt.macosx.LWCToolkit.invokeAndWait(Ljava/lang/Runnable;Ljava/awt/Component;)V+50 java.desktop@21.0.7
j  sun.lwawt.macosx.LWCToolkit.invokeAndWait(Ljava/util/concurrent/Callable;Ljava/awt/Component;)Ljava/lang/Object;+11 java.desktop@21.0.7
j  sun.lwawt.macosx.CAccessibility.invokeAndWait(Ljava/util/concurrent/Callable;Ljava/awt/Component;Ljava/lang/Object;)Ljava/lang/Object;+8 java.desktop@21.0.7
j  sun.lwawt.macosx.CAccessibility.getAccessibleIndexInParent(Ljavax/accessibility/Accessible;Ljava/awt/Component;)I+19 java.desktop@21.0.7
v  ~StubRoutines::call_stub 0x0000000119fd2cc4
J 2945  sun.lwawt.macosx.LWCToolkit.doAWTRunLoopImpl(JZZ)V java.desktop@21.0.7 (0 bytes) @ 0x000000011a80d47f [0x000000011a80d420+0x000000000000005f]
j  sun.lwawt.macosx.LWCToolkit.doAWTRunLoop(JZ)V+5 java.desktop@21.0.7
j  sun.lwawt.macosx.LWCToolkit.invokeAndWait(Ljava/lang/Runnable;Ljava/awt/Component;)V+50 java.desktop@21.0.7
j  sun.lwawt.macosx.LWCToolkit.invokeAndWait(Ljava/util/concurrent/Callable;Ljava/awt/Component;)Ljava/lang/Object;+11 java.desktop@21.0.7
j  sun.lwawt.macosx.CAccessibility.invokeAndWait(Ljava/util/concurrent/Callable;Ljava/awt/Component;Ljava/lang/Object;)Ljava/lang/Object;+8 java.desktop@21.0.7
j  sun.lwawt.macosx.CAccessibility.getAccessibleIndexInParent(Ljavax/accessibility/Accessible;Ljava/awt/Component;)I+19 java.desktop@21.0.7
v  ~StubRoutines::call_stub 0x0000000119fd2cc4
J 2945  sun.lwawt.macosx.LWCToolkit.doAWTRunLoopImpl(JZZ)V java.desktop@21.0.7 (0 bytes) @ 0x000000011a80d47f [0x000000011a80d420+0x000000000000005f]
j  sun.lwawt.macosx.LWCToolkit.doAWTRunLoop(JZ)V+5 java.desktop@21.0.7
j  sun.lwawt.macosx.LWCToolkit.invokeAndWait(Ljava/lang/Runnable;Ljava/awt/Component;)V+50 java.desktop@21.0.7
j  sun.lwawt.macosx.LWCToolkit.invokeAndWait(Ljava/util/concurrent/Callable;Ljava/awt/Component;)Ljava/lang/Object;+11 java.desktop@21.0.7
j  sun.lwawt.macosx.CAccessibility.invokeAndWait(Ljava/util/concurrent/Callable;Ljava/awt/Component;Ljava/lang/Object;)Ljava/lang/Object;+8 java.desktop@21.0.7
j  sun.lwawt.macosx.CAccessibility.getAccessibleIndexInParent(Ljavax/accessibility/Accessible;Ljava/awt/Component;)I+19 java.desktop@21.0.7
v  ~StubRoutines::call_stub 0x0000000119fd2cc4
J 2945  sun.lwawt.macosx.LWCToolkit.doAWTRunLoopImpl(JZZ)V java.desktop@21.0.7 (0 bytes) @ 0x000000011a80d47f [0x000000011a80d420+0x000000000000005f]
j  sun.lwawt.macosx.LWCToolkit.doAWTRunLoop(JZ)V+5 java.desktop@21.0.7
j  sun.lwawt.macosx.LWCToolkit.invokeAndWait(Ljava/lang/Runnable;Ljava/awt/Component;)V+50 java.desktop@21.0.7
j  sun.lwawt.macosx.LWCToolkit.invokeAndWait(Ljava/util/concurrent/Callable;Ljava/awt/Component;)Ljava/lang/Object;+11 java.desktop@21.0.7
j  sun.lwawt.macosx.CAccessibility.invokeAndWait(Ljava/util/concurrent/Callable;Ljava/awt/Component;Ljava/lang/Object;)Ljava/lang/Object;+8 java.desktop@21.0.7
j  sun.lwawt.macosx.CAccessibility.getAccessibleIndexInParent(Ljavax/accessibility/Accessible;Ljava/awt/Component;)I+19 java.desktop@21.0.7
v  ~StubRoutines::call_stub 0x0000000119fd2cc4
J 2945  sun.lwawt.macosx.LWCToolkit.doAWTRunLoopImpl(JZZ)V java.desktop@21.0.7 (0 bytes) @ 0x000000011a80d47f [0x000000011a80d420+0x000000000000005f]
j  sun.lwawt.macosx.LWCToolkit.doAWTRunLoop(JZ)V+5 java.desktop@21.0.7
j  sun.lwawt.macosx.LWCToolkit.invokeAndWait(Ljava/lang/Runnable;Ljava/awt/Component;)V+50 java.desktop@21.0.7
j  sun.lwawt.macosx.LWCToolkit.invokeAndWait(Ljava/util/concurrent/Callable;Ljava/awt/Component;)Ljava/lang/Object;+11 java.desktop@21.0.7
j  sun.lwawt.macosx.CAccessibility.invokeAndWait(Ljava/util/concurrent/Callable;Ljava/awt/Component;Ljava/lang/Object;)Ljava/lang/Object;+8 java.desktop@21.0.7
j  sun.lwawt.macosx.CAccessibility.getAccessibleIndexInParent(Ljavax/accessibility/Accessible;Ljava/awt/Component;)I+19 java.desktop@21.0.7
v  ~StubRoutines::call_stub 0x0000000119fd2cc4
J 2945  sun.lwawt.macosx.LWCToolkit.doAWTRunLoopImpl(JZZ)V java.desktop@21.0.7 (0 bytes) @ 0x000000011a80d47f [0x000000011a80d420+0x000000000000005f]
j  sun.lwawt.macosx.LWCToolkit.doAWTRunLoop(JZ)V+5 java.desktop@21.0.7
j  sun.lwawt.macosx.LWCToolkit.invokeAndWait(Ljava/lang/Runnable;Ljava/awt/Component;)V+50 java.desktop@21.0.7
j  sun.lwawt.macosx.LWCToolkit.invokeAndWait(Ljava/util/concurrent/Callable;Ljava/awt/Component;)Ljava/lang/Object;+11 java.desktop@21.0.7
j  sun.lwawt.macosx.CAccessibility.invokeAndWait(Ljava/util/concurrent/Callable;Ljava/awt/Component;Ljava/lang/Object;)Ljava/lang/Object;+8 java.desktop@21.0.7
j  sun.lwawt.macosx.CAccessibility.getAccessibleIndexInParent(Ljavax/accessibility/Accessible;Ljava/awt/Component;)I+19 java.desktop@21.0.7
v  ~StubRoutines::call_stub 0x0000000119fd2cc4
J 2945  sun.lwawt.macosx.LWCToolkit.doAWTRunLoopImpl(JZZ)V java.desktop@21.0.7 (0 bytes) @ 0x000000011a80d47f [0x000000011a80d420+0x000000000000005f]
j  sun.lwawt.macosx.LWCToolkit.doAWTRunLoop(JZ)V+5 java.desktop@21.0.7
j  sun.lwawt.macosx.LWCToolkit.invokeAndWait(Ljava/lang/Runnable;Ljava/awt/Component;)V+50 java.desktop@21.0.7
j  sun.lwawt.macosx.LWCToolkit.invokeAndWait(Ljava/util/concurrent/Callable;Ljava/awt/Component;)Ljava/lang/Object;+11 java.desktop@21.0.7
j  sun.lwawt.macosx.CAccessibility.invokeAndWait(Ljava/util/concurrent/Callable;Ljava/awt/Component;Ljava/lang/Object;)Ljava/lang/Object;+8 java.desktop@21.0.7
j  sun.lwawt.macosx.CAccessibility.getAccessibleIndexInParent(Ljavax/accessibility/Accessible;Ljava/awt/Component;)I+19 java.desktop@21.0.7
v  ~StubRoutines::call_stub 0x0000000119fd2cc4
J 2945  sun.lwawt.macosx.LWCToolkit.doAWTRunLoopImpl(JZZ)V java.desktop@21.0.7 (0 bytes) @ 0x000000011a80d47f [0x000000011a80d420+0x000000000000005f]
j  sun.lwawt.macosx.LWCToolkit.doAWTRunLoop(JZ)V+5 java.desktop@21.0.7
j  sun.lwawt.macosx.LWCToolkit.invokeAndWait(Ljava/lang/Runnable;Ljava/awt/Component;)V+50 java.desktop@21.0.7
j  sun.lwawt.macosx.LWCToolkit.invokeAndWait(Ljava/util/concurrent/Callable;Ljava/awt/Component;)Ljava/lang/Object;+11 java.desktop@21.0.7
j  sun.lwawt.macosx.CAccessibility.invokeAndWait(Ljava/util/concurrent/Callable;Ljava/awt/Component;Ljava/lang/Object;)Ljava/lang/Object;+8 java.desktop@21.0.7
j  sun.lwawt.macosx.CAccessibility.getAccessibleIndexInParent(Ljavax/accessibility/Accessible;Ljava/awt/Component;)I+19 java.desktop@21.0.7
v  ~StubRoutines::call_stub 0x0000000119fd2cc4
J 2945  sun.lwawt.macosx.LWCToolkit.doAWTRunLoopImpl(JZZ)V java.desktop@21.0.7 (0 bytes) @ 0x000000011a80d47f [0x000000011a80d420+0x000000000000005f]
j  sun.lwawt.macosx.LWCToolkit.doAWTRunLoop(JZ)V+5 java.desktop@21.0.7
j  sun.lwawt.macosx.LWCToolkit.invokeAndWait(Ljava/lang/Runnable;Ljava/awt/Component;)V+50 java.desktop@21.0.7
j  sun.lwawt.macosx.LWCToolkit.invokeAndWait(Ljava/util/concurrent/Callable;Ljava/awt/Component;)Ljava/lang/Object;+11 java.desktop@21.0.7
j  sun.lwawt.macosx.CAccessibility.invokeAndWait(Ljava/util/concurrent/Callable;Ljava/awt/Component;Ljava/lang/Object;)Ljava/lang/Object;+8 java.desktop@21.0.7
j  sun.lwawt.macosx.CAccessibility.getAccessibleIndexInParent(Ljavax/accessibility/Accessible;Ljava/awt/Component;)I+19 java.desktop@21.0.7
v  ~StubRoutines::call_stub 0x0000000119fd2cc4
J 2945  sun.lwawt.macosx.LWCToolkit.doAWTRunLoopImpl(JZZ)V java.desktop@21.0.7 (0 bytes) @ 0x000000011a80d47f [0x000000011a80d420+0x000000000000005f]
j  sun.lwawt.macosx.LWCToolkit.doAWTRunLoop(JZ)V+5 java.desktop@21.0.7
j  sun.lwawt.macosx.LWCToolkit.invokeAndWait(Ljava/lang/Runnable;Ljava/awt/Component;)V+50 java.desktop@21.0.7
j  sun.lwawt.macosx.LWCToolkit.invokeAndWait(Ljava/util/concurrent/Callable;Ljava/awt/Component;)Ljava/lang/Object;+11 java.desktop@21.0.7
j  sun.lwawt.macosx.CAccessibility.invokeAndWait(Ljava/util/concurrent/Callable;Ljava/awt/Component;Ljava/lang/Object;)Ljava/lang/Object;+8 java.desktop@21.0.7
j  sun.lwawt.macosx.CAccessibility.getAccessibleIndexInParent(Ljavax/accessibility/Accessible;Ljava/awt/Component;)I+19 java.desktop@21.0.7
v  ~StubRoutines::call_stub 0x0000000119fd2cc4
J 2945  sun.lwawt.macosx.LWCToolkit.doAWTRunLoopImpl(JZZ)V java.desktop@21.0.7 (0 bytes) @ 0x000000011a80d47f [0x000000011a80d420+0x000000000000005f]
j  sun.lwawt.macosx.LWCToolkit.doAWTRunLoop(JZ)V+5 java.desktop@21.0.7
j  sun.lwawt.macosx.LWCToolkit.invokeAndWait(Ljava/lang/Runnable;Ljava/awt/Component;)V+50 java.desktop@21.0.7
j  sun.lwawt.macosx.LWCToolkit.invokeAndWait(Ljava/util/concurrent/Callable;Ljava/awt/Component;)Ljava/lang/Object;+11 java.desktop@21.0.7
j  sun.lwawt.macosx.CAccessibility.invokeAndWait(Ljava/util/concurrent/Callable;Ljava/awt/Component;Ljava/lang/Object;)Ljava/lang/Object;+8 java.desktop@21.0.7
j  sun.lwawt.macosx.CAccessibility.getAccessibleIndexInParent(Ljavax/accessibility/Accessible;Ljava/awt/Component;)I+19 java.desktop@21.0.7
v  ~StubRoutines::call_stub 0x0000000119fd2cc4
J 2945  sun.lwawt.macosx.LWCToolkit.doAWTRunLoopImpl(JZZ)V java.desktop@21.0.7 (0 bytes) @ 0x000000011a80d47f [0x000000011a80d420+0x000000000000005f]
j  sun.lwawt.macosx.LWCToolkit.doAWTRunLoop(JZ)V+5 java.desktop@21.0.7
j  sun.lwawt.macosx.LWCToolkit.invokeAndWait(Ljava/lang/Runnable;Ljava/awt/Component;)V+50 java.desktop@21.0.7
j  sun.lwawt.macosx.LWCToolkit.invokeAndWait(Ljava/util/concurrent/Callable;Ljava/awt/Component;)Ljava/lang/Object;+11 java.desktop@21.0.7
j  sun.lwawt.macosx.CAccessibility.invokeAndWait(Ljava/util/concurrent/Callable;Ljava/awt/Component;Ljava/lang/Object;)Ljava/lang/Object;+8 java.desktop@21.0.7
j  sun.lwawt.macosx.CAccessibility.getAccessibleIndexInParent(Ljavax/accessibility/Accessible;Ljava/awt/Component;)I+19 java.desktop@21.0.7
v  ~StubRoutines::call_stub 0x0000000119fd2cc4
J 2945  sun.lwawt.macosx.LWCToolkit.doAWTRunLoopImpl(JZZ)V java.desktop@21.0.7 (0 bytes) @ 0x000000011a80d47f [0x000000011a80d420+0x000000000000005f]
j  sun.lwawt.macosx.LWCToolkit.doAWTRunLoop(JZ)V+5 java.desktop@21.0.7
j  sun.lwawt.macosx.LWCToolkit.invokeAndWait(Ljava/lang/Runnable;Ljava/awt/Component;)V+50 java.desktop@21.0.7
j  sun.lwawt.macosx.LWCToolkit.invokeAndWait(Ljava/util/concurrent/Callable;Ljava/awt/Component;)Ljava/lang/Object;+11 java.desktop@21.0.7
j  sun.lwawt.macosx.CAccessibility.invokeAndWait(Ljava/util/concurrent/Callable;Ljava/awt/Component;Ljava/lang/Object;)Ljava/lang/Object;+8 java.desktop@21.0.7
j  sun.lwawt.macosx.CAccessibility.getAccessibleIndexInParent(Ljavax/accessibility/Accessible;Ljava/awt/Component;)I+19 java.desktop@21.0.7
v  ~StubRoutines::call_stub 0x0000000119fd2cc4
J 2945  sun.lwawt.macosx.LWCToolkit.doAWTRunLoopImpl(JZZ)V java.desktop@21.0.7 (0 bytes) @ 0x000000011a80d47f [0x000000011a80d420+0x000000000000005f]
j  sun.lwawt.macosx.LWCToolkit.doAWTRunLoop(JZ)V+5 java.desktop@21.0.7
j  sun.lwawt.macosx.LWCToolkit.invokeAndWait(Ljava/lang/Runnable;Ljava/awt/Component;)V+50 java.desktop@21.0.7
j  sun.lwawt.macosx.LWCToolkit.invokeAndWait(Ljava/util/concurrent/Callable;Ljava/awt/Component;)Ljava/lang/Object;+11 java.desktop@21.0.7
j  sun.lwawt.macosx.CAccessibility.invokeAndWait(Ljava/util/concurrent/Callable;Ljava/awt/Component;Ljava/lang/Object;)Ljava/lang/Object;+8 java.desktop@21.0.7
j  sun.lwawt.macosx.CAccessibility.getAccessibleIndexInParent(Ljavax/accessibility/Accessible;Ljava/awt/Component;)I+19 java.desktop@21.0.7
v  ~StubRoutines::call_stub 0x0000000119fd2cc4
J 2945  sun.lwawt.macosx.LWCToolkit.doAWTRunLoopImpl(JZZ)V java.desktop@21.0.7 (0 bytes) @ 0x000000011a80d47f [0x000000011a80d420+0x000000000000005f]
j  sun.lwawt.macosx.LWCToolkit.doAWTRunLoop(JZ)V+5 java.desktop@21.0.7
j  sun.lwawt.macosx.LWCToolkit.invokeAndWait(Ljava/lang/Runnable;Ljava/awt/Component;)V+50 java.desktop@21.0.7
j  sun.lwawt.macosx.LWCToolkit.invokeAndWait(Ljava/util/concurrent/Callable;Ljava/awt/Component;)Ljava/lang/Object;+11 java.desktop@21.0.7
j  sun.lwawt.macosx.CAccessibility.invokeAndWait(Ljava/util/concurrent/Callable;Ljava/awt/Component;Ljava/lang/Object;)Ljava/lang/Object;+8 java.desktop@21.0.7
j  sun.lwawt.macosx.CAccessibility.getAccessibleIndexInParent(Ljavax/accessibility/Accessible;Ljava/awt/Component;)I+19 java.desktop@21.0.7
v  ~StubRoutines::call_stub 0x0000000119fd2cc4
J 2945  sun.lwawt.macosx.LWCToolkit.doAWTRunLoopImpl(JZZ)V java.desktop@21.0.7 (0 bytes) @ 0x000000011a80d47f [0x000000011a80d420+0x000000000000005f]
j  sun.lwawt.macosx.LWCToolkit.doAWTRunLoop(JZ)V+5 java.desktop@21.0.7
j  sun.lwawt.macosx.LWCToolkit.invokeAndWait(Ljava/lang/Runnable;Ljava/awt/Component;)V+50 java.desktop@21.0.7
j  sun.lwawt.macosx.LWCToolkit.invokeAndWait(Ljava/util/concurrent/Callable;Ljava/awt/Component;)Ljava/lang/Object;+11 java.desktop@21.0.7
j  sun.lwawt.macosx.CAccessibility.invokeAndWait(Ljava/util/concurrent/Callable;Ljava/awt/Component;Ljava/lang/Object;)Ljava/lang/Object;+8 java.desktop@21.0.7
j  sun.lwawt.macosx.CAccessibility.getAccessibleIndexInParent(Ljavax/accessibility/Accessible;Ljava/awt/Component;)I+19 java.desktop@21.0.7
v  ~StubRoutines::call_stub 0x0000000119fd2cc4
J 2945  sun.lwawt.macosx.LWCToolkit.doAWTRunLoopImpl(JZZ)V java.desktop@21.0.7 (0 bytes) @ 0x000000011a80d47f [0x000000011a80d420+0x000000000000005f]
j  sun.lwawt.macosx.LWCToolkit.doAWTRunLoop(JZ)V+5 java.desktop@21.0.7
j  sun.lwawt.macosx.LWCToolkit.invokeAndWait(Ljava/lang/Runnable;Ljava/awt/Component;)V+50 java.desktop@21.0.7
j  sun.lwawt.macosx.LWCToolkit.invokeAndWait(Ljava/util/concurrent/Callable;Ljava/awt/Component;)Ljava/lang/Object;+11 java.desktop@21.0.7
j  sun.lwawt.macosx.CAccessibility.invokeAndWait(Ljava/util/concurrent/Callable;Ljava/awt/Component;Ljava/lang/Object;)Ljava/lang/Object;+8 java.desktop@21.0.7
j  sun.lwawt.macosx.CAccessibility.getAccessibleIndexInParent(Ljavax/accessibility/Accessible;Ljava/awt/Component;)I+19 java.desktop@21.0.7
v  ~StubRoutines::call_stub 0x0000000119fd2cc4
J 2945  sun.lwawt.macosx.LWCToolkit.doAWTRunLoopImpl(JZZ)V java.desktop@21.0.7 (0 bytes) @ 0x000000011a80d47f [0x000000011a80d420+0x000000000000005f]
j  sun.lwawt.macosx.LWCToolkit.doAWTRunLoop(JZ)V+5 java.desktop@21.0.7
j  sun.lwawt.macosx.LWCToolkit.invokeAndWait(Ljava/lang/Runnable;Ljava/awt/Component;)V+50 java.desktop@21.0.7
j  sun.lwawt.macosx.LWCToolkit.invokeAndWait(Ljava/util/concurrent/Callable;Ljava/awt/Component;)Ljava/lang/Object;+11 java.desktop@21.0.7
j  sun.lwawt.macosx.CAccessibility.invokeAndWait(Ljava/util/concurrent/Callable;Ljava/awt/Component;Ljava/lang/Object;)Ljava/lang/Object;+8 java.desktop@21.0.7
j  sun.lwawt.macosx.CAccessibility.getAccessibleIndexInParent(Ljavax/accessibility/Accessible;Ljava/awt/Component;)I+19 java.desktop@21.0.7
v  ~StubRoutines::call_stub 0x0000000119fd2cc4
J 2945  sun.lwawt.macosx.LWCToolkit.doAWTRunLoopImpl(JZZ)V java.desktop@21.0.7 (0 bytes) @ 0x000000011a80d47f [0x000000011a80d420+0x000000000000005f]
j  sun.lwawt.macosx.LWCToolkit.doAWTRunLoop(JZ)V+5 java.desktop@21.0.7
j  sun.lwawt.macosx.LWCToolkit.invokeAndWait(Ljava/lang/Runnable;Ljava/awt/Component;)V+50 java.desktop@21.0.7
j  sun.lwawt.macosx.LWCToolkit.invokeAndWait(Ljava/util/concurrent/Callable;Ljava/awt/Component;)Ljava/lang/Object;+11 java.desktop@21.0.7
j  sun.lwawt.macosx.CAccessibility.invokeAndWait(Ljava/util/concurrent/Callable;Ljava/awt/Component;Ljava/lang/Object;)Ljava/lang/Object;+8 java.desktop@21.0.7
j  sun.lwawt.macosx.CAccessibility.getAccessibleIndexInParent(Ljavax/accessibility/Accessible;Ljava/awt/Component;)I+19 java.desktop@21.0.7
v  ~StubRoutines::call_stub 0x0000000119fd2cc4
J 2945  sun.lwawt.macosx.LWCToolkit.doAWTRunLoopImpl(JZZ)V java.desktop@21.0.7 (0 bytes) @ 0x000000011a80d47f [0x000000011a80d420+0x000000000000005f]
j  sun.lwawt.macosx.LWCToolkit.doAWTRunLoop(JZ)V+5 java.desktop@21.0.7
j  sun.lwawt.macosx.LWCToolkit.invokeAndWait(Ljava/lang/Runnable;Ljava/awt/Component;)V+50 java.desktop@21.0.7
j  sun.lwawt.macosx.LWCToolkit.invokeAndWait(Ljava/util/concurrent/Callable;Ljava/awt/Component;)Ljava/lang/Object;+11 java.desktop@21.0.7
j  sun.lwawt.macosx.CAccessibility.invokeAndWait(Ljava/util/concurrent/Callable;Ljava/awt/Component;Ljava/lang/Object;)Ljava/lang/Object;+8 java.desktop@21.0.7
j  sun.lwawt.macosx.CAccessibility.getAccessibleIndexInParent(Ljavax/accessibility/Accessible;Ljava/awt/Component;)I+19 java.desktop@21.0.7
v  ~StubRoutines::call_stub 0x0000000119fd2cc4
J 2945  sun.lwawt.macosx.LWCToolkit.doAWTRunLoopImpl(JZZ)V java.desktop@21.0.7 (0 bytes) @ 0x000000011a80d47f [0x000000011a80d420+0x000000000000005f]
j  sun.lwawt.macosx.LWCToolkit.doAWTRunLoop(JZ)V+5 java.desktop@21.0.7
j  sun.lwawt.macosx.LWCToolkit.invokeAndWait(Ljava/lang/Runnable;Ljava/awt/Component;)V+50 java.desktop@21.0.7
j  sun.lwawt.macosx.LWCToolkit.invokeAndWait(Ljava/util/concurrent/Callable;Ljava/awt/Component;)Ljava/lang/Object;+11 java.desktop@21.0.7
j  sun.lwawt.macosx.CAccessibility.invokeAndWait(Ljava/util/concurrent/Callable;Ljava/awt/Component;Ljava/lang/Object;)Ljava/lang/Object;+8 java.desktop@21.0.7
j  sun.lwawt.macosx.CAccessibility.getAccessibleIndexInParent(Ljavax/accessibility/Accessible;Ljava/awt/Component;)I+19 java.desktop@21.0.7
v  ~StubRoutines::call_stub 0x0000000119fd2cc4
J 2945  sun.lwawt.macosx.LWCToolkit.doAWTRunLoopImpl(JZZ)V java.desktop@21.0.7 (0 bytes) @ 0x000000011a80d47f [0x000000011a80d420+0x000000000000005f]
j  sun.lwawt.macosx.LWCToolkit.doAWTRunLoop(JZ)V+5 java.desktop@21.0.7
j  sun.lwawt.macosx.LWCToolkit.invokeAndWait(Ljava/lang/Runnable;Ljava/awt/Component;)V+50 java.desktop@21.0.7
j  sun.lwawt.macosx.LWCToolkit.invokeAndWait(Ljava/util/concurrent/Callable;Ljava/awt/Component;)Ljava/lang/Object;+11 java.desktop@21.0.7
j  sun.lwawt.macosx.CAccessibility.invokeAndWait(Ljava/util/concurrent/Callable;Ljava/awt/Component;Ljava/lang/Object;)Ljava/lang/Object;+8 java.desktop@21.0.7
j  sun.lwawt.macosx.CAccessibility.getAccessibleIndexInParent(Ljavax/accessibility/Accessible;Ljava/awt/Component;)I+19 java.desktop@21.0.7
v  ~StubRoutines::call_stub 0x0000000119fd2cc4
J 2945  sun.lwawt.macosx.LWCToolkit.doAWTRunLoopImpl(JZZ)V java.desktop@21.0.7 (0 bytes) @ 0x000000011a80d47f [0x000000011a80d420+0x000000000000005f]
j  sun.lwawt.macosx.LWCToolkit.doAWTRunLoop(JZ)V+5 java.desktop@21.0.7
j  sun.lwawt.macosx.LWCToolkit.invokeAndWait(Ljava/lang/Runnable;Ljava/awt/Component;)V+50 java.desktop@21.0.7
j  sun.lwawt.macosx.LWCToolkit.invokeAndWait(Ljava/util/concurrent/Callable;Ljava/awt/Component;)Ljava/lang/Object;+11 java.desktop@21.0.7
j  sun.lwawt.macosx.CAccessibility.invokeAndWait(Ljava/util/concurrent/Callable;Ljava/awt/Component;Ljava/lang/Object;)Ljava/lang/Object;+8 java.desktop@21.0.7
j  sun.lwawt.macosx.CAccessibility.getAccessibleIndexInParent(Ljavax/accessibility/Accessible;Ljava/awt/Component;)I+19 java.desktop@21.0.7
v  ~StubRoutines::call_stub 0x0000000119fd2cc4
j  sun.lwawt.macosx.LWCToolkit.doAWTRunLoopImpl(JZZ)V+0 java.desktop@21.0.7
j  sun.lwawt.macosx.LWCToolkit.doAWTRunLoop(JZ)V+5 java.desktop@21.0.7
j  sun.lwawt.macosx.LWCToolkit.invokeAndWait(Ljava/lang/Runnable;Ljava/awt/Component;)V+50 java.desktop@21.0.7
j  sun.lwawt.macosx.LWCToolkit.invokeAndWait(Ljava/util/concurrent/Callable;Ljava/awt/Component;)Ljava/lang/Object;+11 java.desktop@21.0.7
j  sun.lwawt.macosx.CAccessibility.invokeAndWait(Ljava/util/concurrent/Callable;Ljava/awt/Component;Ljava/lang/Object;)Ljava/lang/Object;+8 java.desktop@21.0.7
j  sun.lwawt.macosx.CAccessibility.getAccessibleIndexInParent(Ljavax/accessibility/Accessible;Ljava/awt/Component;)I+19 java.desktop@21.0.7
v  ~StubRoutines::call_stub 0x0000000119fd2cc4
j  sun.lwawt.macosx.LWCToolkit.doAWTRunLoopImpl(JZZ)V+0 java.desktop@21.0.7
j  sun.lwawt.macosx.LWCToolkit.doAWTRunLoop(JZ)V+5 java.desktop@21.0.7
j  sun.lwawt.macosx.LWCToolkit.invokeAndWait(Ljava/lang/Runnable;Ljava/awt/Component;)V+50 java.desktop@21.0.7
j  sun.lwawt.macosx.LWCToolkit.invokeAndWait(Ljava/util/concurrent/Callable;Ljava/awt/Component;)Ljava/lang/Object;+11 java.desktop@21.0.7
j  sun.lwawt.macosx.CAccessibility.invokeAndWait(Ljava/util/concurrent/Callable;Ljava/awt/Component;Ljava/lang/Object;)Ljava/lang/Object;+8 java.desktop@21.0.7
j  sun.lwawt.macosx.CAccessibility.getAccessibleIndexInParent(Ljavax/accessibility/Accessible;Ljava/awt/Component;)I+19 java.desktop@21.0.7
v  ~StubRoutines::call_stub 0x0000000119fd2cc4
j  sun.lwawt.macosx.LWCToolkit.doAWTRunLoopImpl(JZZ)V+0 java.desktop@21.0.7
j  sun.lwawt.macosx.LWCToolkit.doAWTRunLoop(JZ)V+5 java.desktop@21.0.7
j  sun.lwawt.macosx.LWCToolkit.invokeAndWait(Ljava/lang/Runnable;Ljava/awt/Component;)V+50 java.desktop@21.0.7
j  sun.lwawt.macosx.LWCToolkit.invokeAndWait(Ljava/util/concurrent/Callable;Ljava/awt/Component;)Ljava/lang/Object;+11 java.desktop@21.0.7
j  sun.lwawt.macosx.CAccessibility.invokeAndWait(Ljava/util/concurrent/Callable;Ljava/awt/Component;Ljava/lang/Object;)Ljava/lang/Object;+8 java.desktop@21.0.7
j  sun.lwawt.macosx.CAccessibility.getAccessibleIndexInParent(Ljavax/accessibility/Accessible;Ljava/awt/Component;)I+19 java.desktop@21.0.7
v  ~StubRoutines::call_stub 0x0000000119fd2cc4
j  sun.lwawt.macosx.LWCToolkit.doAWTRunLoopImpl(JZZ)V+0 java.desktop@21.0.7
j  sun.lwawt.macosx.LWCToolkit.doAWTRunLoop(JZ)V+5 java.desktop@21.0.7
j  sun.lwawt.macosx.LWCToolkit.invokeAndWait(Ljava/lang/Runnable;Ljava/awt/Component;)V+50 java.desktop@21.0.7
j  sun.lwawt.macosx.LWCToolkit.invokeAndWait(Ljava/util/concurrent/Callable;Ljava/awt/Component;)Ljava/lang/Object;+11 java.desktop@21.0.7
j  sun.lwawt.macosx.CAccessibility.invokeAndWait(Ljava/util/concurrent/Callable;Ljava/awt/Component;Ljava/lang/Object;)Ljava/lang/Object;+8 java.desktop@21.0.7
j  sun.lwawt.macosx.CAccessibility.getAccessibleIndexInParent(Ljavax/accessibility/Accessible;Ljava/awt/Component;)I+19 java.desktop@21.0.7
v  ~StubRoutines::call_stub 0x0000000119fd2cc4
j  sun.lwawt.macosx.LWCToolkit.doAWTRunLoopImpl(JZZ)V+0 java.desktop@21.0.7
j  sun.lwawt.macosx.LWCToolkit.doAWTRunLoop(JZ)V+5 java.desktop@21.0.7
j  sun.lwawt.macosx.LWCToolkit.invokeAndWait(Ljava/lang/Runnable;Ljava/awt/Component;)V+50 java.desktop@21.0.7
j  sun.lwawt.macosx.LWCToolkit.invokeAndWait(Ljava/util/concurrent/Callable;Ljava/awt/Component;)Ljava/lang/Object;+11 java.desktop@21.0.7
j  sun.lwawt.macosx.CAccessibility.invokeAndWait(Ljava/util/concurrent/Callable;Ljava/awt/Component;Ljava/lang/Object;)Ljava/lang/Object;+8 java.desktop@21.0.7
j  sun.lwawt.macosx.CAccessibility.getAccessibleIndexInParent(Ljavax/accessibility/Accessible;Ljava/awt/Component;)I+19 java.desktop@21.0.7
v  ~StubRoutines::call_stub 0x0000000119fd2cc4
j  sun.lwawt.macosx.LWCToolkit.doAWTRunLoopImpl(JZZ)V+0 java.desktop@21.0.7
j  sun.lwawt.macosx.LWCToolkit.doAWTRunLoop(JZ)V+5 java.desktop@21.0.7
j  sun.lwawt.macosx.LWCToolkit.invokeAndWait(Ljava/lang/Runnable;Ljava/awt/Component;)V+50 java.desktop@21.0.7
j  sun.lwawt.macosx.LWCToolkit.invokeAndWait(Ljava/util/concurrent/Callable;Ljava/awt/Component;)Ljava/lang/Object;+11 java.desktop@21.0.7
j  sun.lwawt.macosx.CAccessibility.invokeAndWait(Ljava/util/concurrent/Callable;Ljava/awt/Component;Ljava/lang/Object;)Ljava/lang/Object;+8 java.desktop@21.0.7
j  sun.lwawt.macosx.CAccessibility.getAccessibleIndexInParent(Ljavax/accessibility/Accessible;Ljava/awt/Component;)I+19 java.desktop@21.0.7
v  ~StubRoutines::call_stub 0x0000000119fd2cc4
j  sun.lwawt.macosx.LWCToolkit.doAWTRunLoopImpl(JZZ)V+0 java.desktop@21.0.7
j  sun.lwawt.macosx.LWCToolkit.doAWTRunLoop(JZ)V+5 java.desktop@21.0.7
j  sun.lwawt.macosx.LWCToolkit.invokeAndWait(Ljava/lang/Runnable;Ljava/awt/Component;)V+50 java.desktop@21.0.7
j  sun.lwawt.macosx.LWCToolkit.invokeAndWait(Ljava/util/concurrent/Callable;Ljava/awt/Component;)Ljava/lang/Object;+11 java.desktop@21.0.7
j  sun.lwawt.macosx.CAccessibility.invokeAndWait(Ljava/util/concurrent/Callable;Ljava/awt/Component;Ljava/lang/Object;)Ljava/lang/Object;+8 java.desktop@21.0.7
j  sun.lwawt.macosx.CAccessibility.getAccessibleIndexInParent(Ljavax/accessibility/Accessible;Ljava/awt/Component;)I+19 java.desktop@21.0.7
v  ~StubRoutines::call_stub 0x0000000119fd2cc4
j  sun.lwawt.macosx.LWCToolkit.doAWTRunLoopImpl(JZZ)V+0 java.desktop@21.0.7
j  sun.lwawt.macosx.LWCToolkit.doAWTRunLoop(JZ)V+5 java.desktop@21.0.7
j  sun.lwawt.macosx.LWCToolkit.invokeAndWait(Ljava/lang/Runnable;Ljava/awt/Component;)V+50 java.desktop@21.0.7
j  sun.lwawt.macosx.LWCToolkit.invokeAndWait(Ljava/util/concurrent/Callable;Ljava/awt/Component;)Ljava/lang/Object;+11 java.desktop@21.0.7
j  sun.lwawt.macosx.CAccessibility.invokeAndWait(Ljava/util/concurrent/Callable;Ljava/awt/Component;Ljava/lang/Object;)Ljava/lang/Object;+8 java.desktop@21.0.7
j  sun.lwawt.macosx.CAccessibility.getAccessibleIndexInParent(Ljavax/accessibility/Accessible;Ljava/awt/Component;)I+19 java.desktop@21.0.7
v  ~StubRoutines::call_stub 0x0000000119fd2cc4
j  sun.lwawt.macosx.LWCToolkit.doAWTRunLoopImpl(JZZ)V+0 java.desktop@21.0.7
j  sun.lwawt.macosx.LWCToolkit.doAWTRunLoop(JZ)V+5 java.desktop@21.0.7
j  sun.lwawt.macosx.LWCToolkit.invokeAndWait(Ljava/lang/Runnable;Ljava/awt/Component;)V+50 java.desktop@21.0.7
j  sun.lwawt.macosx.LWCToolkit.invokeAndWait(Ljava/util/concurrent/Callable;Ljava/awt/Component;)Ljava/lang/Object;+11 java.desktop@21.0.7
j  sun.lwawt.macosx.CAccessibility.invokeAndWait(Ljava/util/concurrent/Callable;Ljava/awt/Component;Ljava/lang/Object;)Ljava/lang/Object;+8 java.desktop@21.0.7
j  sun.lwawt.macosx.CAccessibility.getAccessibleIndexInParent(Ljavax/accessibility/Accessible;Ljava/awt/Component;)I+19 java.desktop@21.0.7
v  ~StubRoutines::call_stub 0x0000000119fd2cc4
j  sun.lwawt.macosx.LWCToolkit.doAWTRunLoopImpl(JZZ)V+0 java.desktop@21.0.7
j  sun.lwawt.macosx.LWCToolkit.doAWTRunLoop(JZ)V+5 java.desktop@21.0.7
j  sun.lwawt.macosx.LWCToolkit.invokeAndWait(Ljava/lang/Runnable;Ljava/awt/Component;)V+50 java.desktop@21.0.7
j  sun.lwawt.macosx.LWCToolkit.invokeAndWait(Ljava/util/concurrent/Callable;Ljava/awt/Component;)Ljava/lang/Object;+11 java.desktop@21.0.7
j  sun.lwawt.macosx.CAccessibility.invokeAndWait(Ljava/util/concurrent/Callable;Ljava/awt/Component;Ljava/lang/Object;)Ljava/lang/Object;+8 java.desktop@21.0.7
j  sun.lwawt.macosx.CAccessibility.getAccessibleIndexInParent(Ljavax/accessibility/Accessible;Ljava/awt/Component;)I+19 java.desktop@21.0.7
v  ~StubRoutines::call_stub 0x0000000119fd2cc4
j  sun.lwawt.macosx.LWCToolkit.doAWTRunLoopImpl(JZZ)V+0 java.desktop@21.0.7
j  sun.lwawt.macosx.LWCToolkit.doAWTRunLoop(JZ)V+5 java.desktop@21.0.7
j  sun.lwawt.macosx.LWCToolkit.invokeAndWait(Ljava/lang/Runnable;Ljava/awt/Component;)V+50 java.desktop@21.0.7
j  sun.lwawt.macosx.LWCToolkit.invokeAndWait(Ljava/util/concurrent/Callable;Ljava/awt/Component;)Ljava/lang/Object;+11 java.desktop@21.0.7
j  sun.lwawt.macosx.CAccessibility.invokeAndWait(Ljava/util/concurrent/Callable;Ljava/awt/Component;Ljava/lang/Object;)Ljava/lang/Object;+8 java.desktop@21.0.7
j  sun.lwawt.macosx.CAccessibility.getAccessibleIndexInParent(Ljavax/accessibility/Accessible;Ljava/awt/Component;)I+19 java.desktop@21.0.7
v  ~StubRoutines::call_stub 0x0000000119fd2cc4
j  sun.lwawt.macosx.LWCToolkit.doAWTRunLoopImpl(JZZ)V+0 java.desktop@21.0.7
j  sun.lwawt.macosx.LWCToolkit.doAWTRunLoop(JZ)V+5 java.desktop@21.0.7
j  sun.lwawt.macosx.LWCToolkit.invokeAndWait(Ljava/lang/Runnable;Ljava/awt/Component;)V+50 java.desktop@21.0.7
j  sun.lwawt.macosx.LWCToolkit.invokeAndWait(Ljava/util/concurrent/Callable;Ljava/awt/Component;)Ljava/lang/Object;+11 java.desktop@21.0.7
j  sun.lwawt.macosx.CAccessibility.invokeAndWait(Ljava/util/concurrent/Callable;Ljava/awt/Component;Ljava/lang/Object;)Ljava/lang/Object;+8 java.desktop@21.0.7
j  sun.lwawt.macosx.CAccessibility.getAccessibleIndexInParent(Ljavax/accessibility/Accessible;Ljava/awt/Component;)I+19 java.desktop@21.0.7
v  ~StubRoutines::call_stub 0x0000000119fd2cc4
j  sun.lwawt.macosx.LWCToolkit.doAWTRunLoopImpl(JZZ)V+0 java.desktop@21.0.7
j  sun.lwawt.macosx.LWCToolkit.doAWTRunLoop(JZ)V+5 java.desktop@21.0.7
j  sun.lwawt.macosx.LWCToolkit.invokeAndWait(Ljava/lang/Runnable;Ljava/awt/Component;)V+50 java.desktop@21.0.7
j  sun.lwawt.macosx.LWCToolkit.invokeAndWait(Ljava/util/concurrent/Callable;Ljava/awt/Component;)Ljava/lang/Object;+11 java.desktop@21.0.7
j  sun.lwawt.macosx.CAccessibility.invokeAndWait(Ljava/util/concurrent/Callable;Ljava/awt/Component;Ljava/lang/Object;)Ljava/lang/Object;+8 java.desktop@21.0.7
j  sun.lwawt.macosx.CAccessibility.getAccessibleIndexInParent(Ljavax/accessibility/Accessible;Ljava/awt/Component;)I+19 java.desktop@21.0.7
v  ~StubRoutines::call_stub 0x0000000119fd2cc4
j  sun.lwawt.macosx.LWCToolkit.doAWTRunLoopImpl(JZZ)V+0 java.desktop@21.0.7
j  sun.lwawt.macosx.LWCToolkit.doAWTRunLoop(JZ)V+5 java.desktop@21.0.7
j  sun.lwawt.macosx.LWCToolkit.invokeAndWait(Ljava/lang/Runnable;Ljava/awt/Component;)V+50 java.desktop@21.0.7
j  sun.lwawt.macosx.LWCToolkit.invokeAndWait(Ljava/util/concurrent/Callable;Ljava/awt/Component;)Ljava/lang/Object;+11 java.desktop@21.0.7
j  sun.lwawt.macosx.CAccessibility.invokeAndWait(Ljava/util/concurrent/Callable;Ljava/awt/Component;Ljava/lang/Object;)Ljava/lang/Object;+8 java.desktop@21.0.7
j  sun.lwawt.macosx.CAccessibility.getAccessibleIndexInParent(Ljavax/accessibility/Accessible;Ljava/awt/Component;)I+19 java.desktop@21.0.7
v  ~StubRoutines::call_stub 0x0000000119fd2cc4
j  sun.lwawt.macosx.LWCToolkit.doAWTRunLoopImpl(JZZ)V+0 java.desktop@21.0.7
j  sun.lwawt.macosx.LWCToolkit.doAWTRunLoop(JZ)V+5 java.desktop@21.0.7
j  sun.lwawt.macosx.LWCToolkit.invokeAndWait(Ljava/lang/Runnable;Ljava/awt/Component;)V+50 java.desktop@21.0.7
j  sun.lwawt.macosx.LWCToolkit.invokeAndWait(Ljava/util/concurrent/Callable;Ljava/awt/Component;)Ljava/lang/Object;+11 java.desktop@21.0.7
j  sun.lwawt.macosx.CAccessibility.invokeAndWait(Ljava/util/concurrent/Callable;Ljava/awt/Component;Ljava/lang/Object;)Ljava/lang/Object;+8 java.desktop@21.0.7
j  sun.lwawt.macosx.CAccessibility.getAccessibleIndexInParent(Ljavax/accessibility/Accessible;Ljava/awt/Component;)I+19 java.desktop@21.0.7
v  ~StubRoutines::call_stub 0x0000000119fd2cc4
j  sun.lwawt.macosx.LWCToolkit.doAWTRunLoopImpl(JZZ)V+0 java.desktop@21.0.7
j  sun.lwawt.macosx.LWCToolkit.doAWTRunLoop(JZ)V+5 java.desktop@21.0.7
j  sun.lwawt.macosx.LWCToolkit.invokeAndWait(Ljava/lang/Runnable;Ljava/awt/Component;)V+50 java.desktop@21.0.7
j  sun.lwawt.macosx.LWCToolkit.invokeAndWait(Ljava/util/concurrent/Callable;Ljava/awt/Component;)Ljava/lang/Object;+11 java.desktop@21.0.7
j  sun.lwawt.macosx.CAccessibility.invokeAndWait(Ljava/util/concurrent/Callable;Ljava/awt/Component;Ljava/lang/Object;)Ljava/lang/Object;+8 java.desktop@21.0.7
j  sun.lwawt.macosx.CAccessibility.getAccessibleIndexInParent(Ljavax/accessibility/Accessible;Ljava/awt/Component;)I+19 java.desktop@21.0.7
v  ~StubRoutines::call_stub 0x0000000119fd2cc4
j  sun.lwawt.macosx.LWCToolkit.doAWTRunLoopImpl(JZZ)V+0 java.desktop@21.0.7
j  sun.lwawt.macosx.LWCToolkit.doAWTRunLoop(JZ)V+5 java.desktop@21.0.7
j  sun.lwawt.macosx.LWCToolkit.invokeAndWait(Ljava/lang/Runnable;Ljava/awt/Component;)V+50 java.desktop@21.0.7
j  sun.lwawt.macosx.LWCToolkit.invokeAndWait(Ljava/util/concurrent/Callable;Ljava/awt/Component;)Ljava/lang/Object;+11 java.desktop@21.0.7
j  sun.lwawt.macosx.CAccessibility.invokeAndWait(Ljava/util/concurrent/Callable;Ljava/awt/Component;Ljava/lang/Object;)Ljava/lang/Object;+8 java.desktop@21.0.7
j  sun.lwawt.macosx.CAccessibility.getAccessibleIndexInParent(Ljavax/accessibility/Accessible;Ljava/awt/Component;)I+19 java.desktop@21.0.7
v  ~StubRoutines::call_stub 0x0000000119fd2cc4
j  sun.lwawt.macosx.LWCToolkit.doAWTRunLoopImpl(JZZ)V+0 java.desktop@21.0.7
j  sun.lwawt.macosx.LWCToolkit.doAWTRunLoop(JZ)V+5 java.desktop@21.0.7
j  sun.lwawt.macosx.LWCToolkit.invokeAndWait(Ljava/lang/Runnable;Ljava/awt/Component;)V+50 java.desktop@21.0.7
j  sun.lwawt.macosx.LWCToolkit.invokeAndWait(Ljava/util/concurrent/Callable;Ljava/awt/Component;)Ljava/lang/Object;+11 java.desktop@21.0.7
j  sun.lwawt.macosx.CAccessibility.invokeAndWait(Ljava/util/concurrent/Callable;Ljava/awt/Component;Ljava/lang/Object;)Ljava/lang/Object;+8 java.desktop@21.0.7
j  sun.lwawt.macosx.CAccessibility.getAccessibleIndexInParent(Ljavax/accessibility/Accessible;Ljava/awt/Component;)I+19 java.desktop@21.0.7
v  ~StubRoutines::call_stub 0x0000000119fd2cc4
j  sun.lwawt.macosx.LWCToolkit.doAWTRunLoopImpl(JZZ)V+0 java.desktop@21.0.7
j  sun.lwawt.macosx.LWCToolkit.doAWTRunLoop(JZ)V+5 java.desktop@21.0.7
j  sun.lwawt.macosx.LWCToolkit.invokeAndWait(Ljava/lang/Runnable;Ljava/awt/Component;)V+50 java.desktop@21.0.7
j  sun.lwawt.macosx.LWCToolkit.invokeAndWait(Ljava/util/concurrent/Callable;Ljava/awt/Component;)Ljava/lang/Object;+11 java.desktop@21.0.7
j  sun.lwawt.macosx.CAccessibility.invokeAndWait(Ljava/util/concurrent/Callable;Ljava/awt/Component;Ljava/lang/Object;)Ljava/lang/Object;+8 java.desktop@21.0.7
j  sun.lwawt.macosx.CAccessibility.getAccessibleIndexInParent(Ljavax/accessibility/Accessible;Ljava/awt/Component;)I+19 java.desktop@21.0.7
v  ~StubRoutines::call_stub 0x0000000119fd2cc4
j  sun.lwawt.macosx.LWCToolkit.doAWTRunLoopImpl(JZZ)V+0 java.desktop@21.0.7
j  sun.lwawt.macosx.LWCToolkit.doAWTRunLoop(JZ)V+5 java.desktop@21.0.7
j  sun.lwawt.macosx.LWCToolkit.invokeAndWait(Ljava/lang/Runnable;Ljava/awt/Component;)V+50 java.desktop@21.0.7
j  sun.lwawt.macosx.LWCToolkit.invokeAndWait(Ljava/util/concurrent/Callable;Ljava/awt/Component;)Ljava/lang/Object;+11 java.desktop@21.0.7
j  sun.lwawt.macosx.CAccessibility.invokeAndWait(Ljava/util/concurrent/Callable;Ljava/awt/Component;Ljava/lang/Object;)Ljava/lang/Object;+8 java.desktop@21.0.7
j  sun.lwawt.macosx.CAccessibility.getAccessibleIndexInParent(Ljavax/accessibility/Accessible;Ljava/awt/Component;)I+19 java.desktop@21.0.7
v  ~StubRoutines::call_stub 0x0000000119fd2cc4
j  sun.lwawt.macosx.LWCToolkit.doAWTRunLoopImpl(JZZ)V+0 java.desktop@21.0.7
j  sun.lwawt.macosx.LWCToolkit.doAWTRunLoop(JZ)V+5 java.desktop@21.0.7
j  sun.lwawt.macosx.LWCToolkit.invokeAndWait(Ljava/lang/Runnable;Ljava/awt/Component;)V+50 java.desktop@21.0.7
j  sun.lwawt.macosx.LWCToolkit.invokeAndWait(Ljava/util/concurrent/Callable;Ljava/awt/Component;)Ljava/lang/Object;+11 java.desktop@21.0.7
j  sun.lwawt.macosx.CAccessibility.invokeAndWait(Ljava/util/concurrent/Callable;Ljava/awt/Component;Ljava/lang/Object;)Ljava/lang/Object;+8 java.desktop@21.0.7
j  sun.lwawt.macosx.CAccessibility.getAccessibleIndexInParent(Ljavax/accessibility/Accessible;Ljava/awt/Component;)I+19 java.desktop@21.0.7
v  ~StubRoutines::call_stub 0x0000000119fd2cc4
j  sun.lwawt.macosx.LWCToolkit.doAWTRunLoopImpl(JZZ)V+0 java.desktop@21.0.7
j  sun.lwawt.macosx.LWCToolkit.doAWTRunLoop(JZ)V+5 java.desktop@21.0.7
j  sun.lwawt.macosx.LWCToolkit.invokeAndWait(Ljava/lang/Runnable;Ljava/awt/Component;)V+50 java.desktop@21.0.7
j  sun.lwawt.macosx.LWCToolkit.invokeAndWait(Ljava/util/concurrent/Callable;Ljava/awt/Component;)Ljava/lang/Object;+11 java.desktop@21.0.7
j  sun.lwawt.macosx.CAccessibility.invokeAndWait(Ljava/util/concurrent/Callable;Ljava/awt/Component;Ljava/lang/Object;)Ljava/lang/Object;+8 java.desktop@21.0.7
j  sun.lwawt.macosx.CAccessibility.getAccessibleIndexInParent(Ljavax/accessibility/Accessible;Ljava/awt/Component;)I+19 java.desktop@21.0.7
v  ~StubRoutines::call_stub 0x0000000119fd2cc4
j  sun.lwawt.macosx.LWCToolkit.doAWTRunLoopImpl(JZZ)V+0 java.desktop@21.0.7
j  sun.lwawt.macosx.LWCToolkit.doAWTRunLoop(JZ)V+5 java.desktop@21.0.7
j  sun.lwawt.macosx.LWCToolkit.invokeAndWait(Ljava/lang/Runnable;Ljava/awt/Component;)V+50 java.desktop@21.0.7
j  sun.lwawt.macosx.LWCToolkit.invokeAndWait(Ljava/util/concurrent/Callable;Ljava/awt/Component;)Ljava/lang/Object;+11 java.desktop@21.0.7
j  sun.lwawt.macosx.CAccessibility.invokeAndWait(Ljava/util/concurrent/Callable;Ljava/awt/Component;Ljava/lang/Object;)Ljava/lang/Object;+8 java.desktop@21.0.7
j  sun.lwawt.macosx.CAccessibility.getAccessibleIndexInParent(Ljavax/accessibility/Accessible;Ljava/awt/Component;)I+19 java.desktop@21.0.7
v  ~StubRoutines::call_stub 0x0000000119fd2cc4
j  sun.lwawt.macosx.LWCToolkit.doAWTRunLoopImpl(JZZ)V+0 java.desktop@21.0.7
j  sun.lwawt.macosx.LWCToolkit.doAWTRunLoop(JZ)V+5 java.desktop@21.0.7
j  sun.lwawt.macosx.LWCToolkit.invokeAndWait(Ljava/lang/Runnable;Ljava/awt/Component;)V+50 java.desktop@21.0.7
j  sun.lwawt.macosx.LWCToolkit.invokeAndWait(Ljava/util/concurrent/Callable;Ljava/awt/Component;)Ljava/lang/Object;+11 java.desktop@21.0.7
j  sun.lwawt.macosx.CAccessibility.invokeAndWait(Ljava/util/concurrent/Callable;Ljava/awt/Component;Ljava/lang/Object;)Ljava/lang/Object;+8 java.desktop@21.0.7
j  sun.lwawt.macosx.CAccessibility.getAccessibleIndexInParent(Ljavax/accessibility/Accessible;Ljava/awt/Component;)I+19 java.desktop@21.0.7
v  ~StubRoutines::call_stub 0x0000000119fd2cc4
j  sun.lwawt.macosx.LWCToolkit.doAWTRunLoopImpl(JZZ)V+0 java.desktop@21.0.7
j  sun.lwawt.macosx.LWCToolkit.doAWTRunLoop(JZ)V+5 java.desktop@21.0.7
j  sun.lwawt.macosx.LWCToolkit.invokeAndWait(Ljava/lang/Runnable;Ljava/awt/Component;)V+50 java.desktop@21.0.7
j  sun.lwawt.macosx.LWCToolkit.invokeAndWait(Ljava/util/concurrent/Callable;Ljava/awt/Component;)Ljava/lang/Object;+11 java.desktop@21.0.7
j  sun.lwawt.macosx.CAccessibility.invokeAndWait(Ljava/util/concurrent/Callable;Ljava/awt/Component;Ljava/lang/Object;)Ljava/lang/Object;+8 java.desktop@21.0.7
j  sun.lwawt.macosx.CAccessibility.getAccessibleIndexInParent(Ljavax/accessibility/Accessible;Ljava/awt/Component;)I+19 java.desktop@21.0.7
v  ~StubRoutines::call_stub 0x0000000119fd2cc4
j  sun.lwawt.macosx.LWCToolkit.doAWTRunLoopImpl(JZZ)V+0 java.desktop@21.0.7
j  sun.lwawt.macosx.LWCToolkit.doAWTRunLoop(JZ)V+5 java.desktop@21.0.7
j  sun.lwawt.macosx.LWCToolkit.invokeAndWait(Ljava/lang/Runnable;Ljava/awt/Component;)V+50 java.desktop@21.0.7
j  sun.lwawt.macosx.LWCToolkit.invokeAndWait(Ljava/util/concurrent/Callable;Ljava/awt/Component;)Ljava/lang/Object;+11 java.desktop@21.0.7
j  sun.lwawt.macosx.CAccessibility.invokeAndWait(Ljava/util/concurrent/Callable;Ljava/awt/Component;Ljava/lang/Object;)Ljava/lang/Object;+8 java.desktop@21.0.7
j  sun.lwawt.macosx.CAccessibility.getAccessibleIndexInParent(Ljavax/accessibility/Accessible;Ljava/awt/Component;)I+19 java.desktop@21.0.7
v  ~StubRoutines::call_stub 0x0000000119fd2cc4
j  sun.lwawt.macosx.LWCToolkit.doAWTRunLoopImpl(JZZ)V+0 java.desktop@21.0.7
j  sun.lwawt.macosx.LWCToolkit.doAWTRunLoop(JZ)V+5 java.desktop@21.0.7
j  sun.lwawt.macosx.LWCToolkit.invokeAndWait(Ljava/lang/Runnable;Ljava/awt/Component;)V+50 java.desktop@21.0.7
j  sun.lwawt.macosx.LWCToolkit.invokeAndWait(Ljava/util/concurrent/Callable;Ljava/awt/Component;)Ljava/lang/Object;+11 java.desktop@21.0.7
j  sun.lwawt.macosx.CAccessibility.invokeAndWait(Ljava/util/concurrent/Callable;Ljava/awt/Component;Ljava/lang/Object;)Ljava/lang/Object;+8 java.desktop@21.0.7
j  sun.lwawt.macosx.CAccessibility.getAccessibleIndexInParent(Ljavax/accessibility/Accessible;Ljava/awt/Component;)I+19 java.desktop@21.0.7
v  ~StubRoutines::call_stub 0x0000000119fd2cc4
j  sun.lwawt.macosx.LWCToolkit.doAWTRunLoopImpl(JZZ)V+0 java.desktop@21.0.7
j  sun.lwawt.macosx.LWCToolkit.doAWTRunLoop(JZ)V+5 java.desktop@21.0.7
j  sun.lwawt.macosx.LWCToolkit.invokeAndWait(Ljava/lang/Runnable;Ljava/awt/Component;)V+50 java.desktop@21.0.7
j  sun.lwawt.macosx.LWCToolkit.invokeAndWait(Ljava/util/concurrent/Callable;Ljava/awt/Component;)Ljava/lang/Object;+11 java.desktop@21.0.7
j  sun.lwawt.macosx.CAccessibility.invokeAndWait(Ljava/util/concurrent/Callable;Ljava/awt/Component;Ljava/lang/Object;)Ljava/lang/Object;+8 java.desktop@21.0.7
j  sun.lwawt.macosx.CAccessibility.getAccessibleIndexInParent(Ljavax/accessibility/Accessible;Ljava/awt/Component;)I+19 java.desktop@21.0.7
v  ~StubRoutines::call_stub 0x0000000119fd2cc4
j  sun.lwawt.macosx.LWCToolkit.doAWTRunLoopImpl(JZZ)V+0 java.desktop@21.0.7
j  sun.lwawt.macosx.LWCToolkit.doAWTRunLoop(JZ)V+5 java.desktop@21.0.7
j  sun.lwawt.macosx.LWCToolkit.invokeAndWait(Ljava/lang/Runnable;Ljava/awt/Component;)V+50 java.desktop@21.0.7
j  sun.lwawt.macosx.LWCToolkit.invokeAndWait(Ljava/util/concurrent/Callable;Ljava/awt/Component;)Ljava/lang/Object;+11 java.desktop@21.0.7
j  sun.lwawt.macosx.CAccessibility.invokeAndWait(Ljava/util/concurrent/Callable;Ljava/awt/Component;Ljava/lang/Object;)Ljava/lang/Object;+8 java.desktop@21.0.7
j  sun.lwawt.macosx.CAccessibility.getAccessibleIndexInParent(Ljavax/accessibility/Accessible;Ljava/awt/Component;)I+19 java.desktop@21.0.7
v  ~StubRoutines::call_stub 0x0000000119fd2cc4
j  sun.lwawt.macosx.LWCToolkit.doAWTRunLoopImpl(JZZ)V+0 java.desktop@21.0.7
j  sun.lwawt.macosx.LWCToolkit.doAWTRunLoop(JZ)V+5 java.desktop@21.0.7
j  sun.lwawt.macosx.LWCToolkit.invokeAndWait(Ljava/lang/Runnable;Ljava/awt/Component;)V+50 java.desktop@21.0.7
j  sun.lwawt.macosx.LWCToolkit.invokeAndWait(Ljava/util/concurrent/Callable;Ljava/awt/Component;)Ljava/lang/Object;+11 java.desktop@21.0.7
j  sun.lwawt.macosx.CAccessibility.invokeAndWait(Ljava/util/concurrent/Callable;Ljava/awt/Component;Ljava/lang/Object;)Ljava/lang/Object;+8 java.desktop@21.0.7
j  sun.lwawt.macosx.CAccessibility.getAccessibleIndexInParent(Ljavax/accessibility/Accessible;Ljava/awt/Component;)I+19 java.desktop@21.0.7
v  ~StubRoutines::call_stub 0x0000000119fd2cc4
j  sun.lwawt.macosx.LWCToolkit.doAWTRunLoopImpl(JZZ)V+0 java.desktop@21.0.7
j  sun.lwawt.macosx.LWCToolkit.doAWTRunLoop(JZ)V+5 java.desktop@21.0.7
j  sun.lwawt.macosx.LWCToolkit.invokeAndWait(Ljava/lang/Runnable;Ljava/awt/Component;)V+50 java.desktop@21.0.7
j  sun.lwawt.macosx.LWCToolkit.invokeAndWait(Ljava/util/concurrent/Callable;Ljava/awt/Component;)Ljava/lang/Object;+11 java.desktop@21.0.7
j  sun.lwawt.macosx.CAccessibility.invokeAndWait(Ljava/util/concurrent/Callable;Ljava/awt/Component;Ljava/lang/Object;)Ljava/lang/Object;+8 java.desktop@21.0.7
j  sun.lwawt.macosx.CAccessibility.getAccessibleIndexInParent(Ljavax/accessibility/Accessible;Ljava/awt/Component;)I+19 java.desktop@21.0.7
v  ~StubRoutines::call_stub 0x0000000119fd2cc4
j  sun.lwawt.macosx.LWCToolkit.doAWTRunLoopImpl(JZZ)V+0 java.desktop@21.0.7
j  sun.lwawt.macosx.LWCToolkit.doAWTRunLoop(JZ)V+5 java.desktop@21.0.7
j  sun.lwawt.macosx.LWCToolkit.invokeAndWait(Ljava/lang/Runnable;Ljava/awt/Component;)V+50 java.desktop@21.0.7
j  sun.lwawt.macosx.LWCToolkit.invokeAndWait(Ljava/util/concurrent/Callable;Ljava/awt/Component;)Ljava/lang/Object;+11 java.desktop@21.0.7
j  sun.lwawt.macosx.CAccessibility.invokeAndWait(Ljava/util/concurrent/Callable;Ljava/awt/Component;Ljava/lang/Object;)Ljava/lang/Object;+8 java.desktop@21.0.7
j  sun.lwawt.macosx.CAccessibility.getAccessibleIndexInParent(Ljavax/accessibility/Accessible;Ljava/awt/Component;)I+19 java.desktop@21.0.7
v  ~StubRoutines::call_stub 0x0000000119fd2cc4
j  sun.lwawt.macosx.LWCToolkit.doAWTRunLoopImpl(JZZ)V+0 java.desktop@21.0.7
j  sun.lwawt.macosx.LWCToolkit.doAWTRunLoop(JZ)V+5 java.desktop@21.0.7
j  sun.lwawt.macosx.LWCToolkit.invokeAndWait(Ljava/lang/Runnable;Ljava/awt/Component;)V+50 java.desktop@21.0.7
j  sun.lwawt.macosx.LWCToolkit.invokeAndWait(Ljava/util/concurrent/Callable;Ljava/awt/Component;)Ljava/lang/Object;+11 java.desktop@21.0.7
j  sun.lwawt.macosx.CAccessibility.invokeAndWait(Ljava/util/concurrent/Callable;Ljava/awt/Component;Ljava/lang/Object;)Ljava/lang/Object;+8 java.desktop@21.0.7
j  sun.lwawt.macosx.CAccessibility.getAccessibleIndexInParent(Ljavax/accessibility/Accessible;Ljava/awt/Component;)I+19 java.desktop@21.0.7
v  ~StubRoutines::call_stub 0x0000000119fd2cc4
j  sun.lwawt.macosx.LWCToolkit.doAWTRunLoopImpl(JZZ)V+0 java.desktop@21.0.7
j  sun.lwawt.macosx.LWCToolkit.doAWTRunLoop(JZ)V+5 java.desktop@21.0.7
j  sun.lwawt.macosx.LWCToolkit.invokeAndWait(Ljava/lang/Runnable;Ljava/awt/Component;)V+50 java.desktop@21.0.7
j  sun.lwawt.macosx.LWCToolkit.invokeAndWait(Ljava/util/concurrent/Callable;Ljava/awt/Component;)Ljava/lang/Object;+11 java.desktop@21.0.7
j  sun.lwawt.macosx.CAccessibility.invokeAndWait(Ljava/util/concurrent/Callable;Ljava/awt/Component;Ljava/lang/Object;)Ljava/lang/Object;+8 java.desktop@21.0.7
j  sun.lwawt.macosx.CAccessibility.getAccessibleIndexInParent(Ljavax/accessibility/Accessible;Ljava/awt/Component;)I+19 java.desktop@21.0.7
v  ~StubRoutines::call_stub 0x0000000119fd2cc4
j  sun.lwawt.macosx.LWCToolkit.doAWTRunLoopImpl(JZZ)V+0 java.desktop@21.0.7
j  sun.lwawt.macosx.LWCToolkit.doAWTRunLoop(JZ)V+5 java.desktop@21.0.7
j  sun.lwawt.macosx.LWCToolkit.invokeAndWait(Ljava/lang/Runnable;Ljava/awt/Component;)V+50 java.desktop@21.0.7
j  sun.lwawt.macosx.LWCToolkit.invokeAndWait(Ljava/util/concurrent/Callable;Ljava/awt/Component;)Ljava/lang/Object;+11 java.desktop@21.0.7
j  sun.lwawt.macosx.CAccessibility.invokeAndWait(Ljava/util/concurrent/Callable;Ljava/awt/Component;Ljava/lang/Object;)Ljava/lang/Object;+8 java.desktop@21.0.7
j  sun.lwawt.macosx.CAccessibility.getAccessibleIndexInParent(Ljavax/accessibility/Accessible;Ljava/awt/Component;)I+19 java.desktop@21.0.7
v  ~StubRoutines::call_stub 0x0000000119fd2cc4
j  sun.lwawt.macosx.LWCToolkit.doAWTRunLoopImpl(JZZ)V+0 java.desktop@21.0.7
j  sun.lwawt.macosx.LWCToolkit.doAWTRunLoop(JZ)V+5 java.desktop@21.0.7
j  sun.lwawt.macosx.LWCToolkit.invokeAndWait(Ljava/lang/Runnable;Ljava/awt/Component;)V+50 java.desktop@21.0.7
j  sun.lwawt.macosx.LWCToolkit.invokeAndWait(Ljava/util/concurrent/Callable;Ljava/awt/Component;)Ljava/lang/Object;+11 java.desktop@21.0.7
j  sun.lwawt.macosx.CAccessibility.invokeAndWait(Ljava/util/concurrent/Callable;Ljava/awt/Component;Ljava/lang/Object;)Ljava/lang/Object;+8 java.desktop@21.0.7
j  sun.lwawt.macosx.CAccessibility.getAccessibleIndexInParent(Ljavax/accessibility/Accessible;Ljava/awt/Component;)I+19 java.desktop@21.0.7
v  ~StubRoutines::call_stub 0x0000000119fd2cc4
j  sun.lwawt.macosx.LWCToolkit.doAWTRunLoopImpl(JZZ)V+0 java.desktop@21.0.7
j  sun.lwawt.macosx.LWCToolkit.doAWTRunLoop(JZ)V+5 java.desktop@21.0.7
j  sun.lwawt.macosx.LWCToolkit.invokeAndWait(Ljava/lang/Runnable;Ljava/awt/Component;)V+50 java.desktop@21.0.7
j  sun.lwawt.macosx.LWCToolkit.invokeAndWait(Ljava/util/concurrent/Callable;Ljava/awt/Component;)Ljava/lang/Object;+11 java.desktop@21.0.7
j  sun.lwawt.macosx.CAccessibility.invokeAndWait(Ljava/util/concurrent/Callable;Ljava/awt/Component;Ljava/lang/Object;)Ljava/lang/Object;+8 java.desktop@21.0.7
j  sun.lwawt.macosx.CAccessibility.getAccessibleIndexInParent(Ljavax/accessibility/Accessible;Ljava/awt/Component;)I+19 java.desktop@21.0.7
v  ~StubRoutines::call_stub 0x0000000119fd2cc4
j  sun.lwawt.macosx.LWCToolkit.doAWTRunLoopImpl(JZZ)V+0 java.desktop@21.0.7
j  sun.lwawt.macosx.LWCToolkit.doAWTRunLoop(JZ)V+5 java.desktop@21.0.7
j  sun.lwawt.macosx.LWCToolkit.invokeAndWait(Ljava/lang/Runnable;Ljava/awt/Component;)V+50 java.desktop@21.0.7
j  sun.lwawt.macosx.LWCToolkit.invokeAndWait(Ljava/util/concurrent/Callable;Ljava/awt/Component;)Ljava/lang/Object;+11 java.desktop@21.0.7
j  sun.lwawt.macosx.CAccessibility.invokeAndWait(Ljava/util/concurrent/Callable;Ljava/awt/Component;Ljava/lang/Object;)Ljava/lang/Object;+8 java.desktop@21.0.7
j  sun.lwawt.macosx.CAccessibility.getAccessibleIndexInParent(Ljavax/accessibility/Accessible;Ljava/awt/Component;)I+19 java.desktop@21.0.7
v  ~StubRoutines::call_stub 0x0000000119fd2cc4
j  sun.lwawt.macosx.LWCToolkit.doAWTRunLoopImpl(JZZ)V+0 java.desktop@21.0.7
j  sun.lwawt.macosx.LWCToolkit.doAWTRunLoop(JZ)V+5 java.desktop@21.0.7
j  sun.lwawt.macosx.LWCToolkit.invokeAndWait(Ljava/lang/Runnable;Ljava/awt/Component;)V+50 java.desktop@21.0.7
j  sun.lwawt.macosx.LWCToolkit.invokeAndWait(Ljava/util/concurrent/Callable;Ljava/awt/Component;)Ljava/lang/Object;+11 java.desktop@21.0.7
j  sun.lwawt.macosx.CAccessibility.invokeAndWait(Ljava/util/concurrent/Callable;Ljava/awt/Component;Ljava/lang/Object;)Ljava/lang/Object;+8 java.desktop@21.0.7
j  sun.lwawt.macosx.CAccessibility.getAccessibleIndexInParent(Ljavax/accessibility/Accessible;Ljava/awt/Component;)I+19 java.desktop@21.0.7
v  ~StubRoutines::call_stub 0x0000000119fd2cc4
j  sun.lwawt.macosx.LWCToolkit.doAWTRunLoopImpl(JZZ)V+0 java.desktop@21.0.7
j  sun.lwawt.macosx.LWCToolkit.doAWTRunLoop(JZ)V+5 java.desktop@21.0.7
j  sun.lwawt.macosx.LWCToolkit.invokeAndWait(Ljava/lang/Runnable;Ljava/awt/Component;)V+50 java.desktop@21.0.7
j  sun.lwawt.macosx.LWCToolkit.invokeAndWait(Ljava/util/concurrent/Callable;Ljava/awt/Component;)Ljava/lang/Object;+11 java.desktop@21.0.7
j  sun.lwawt.macosx.CAccessibility.invokeAndWait(Ljava/util/concurrent/Callable;Ljava/awt/Component;Ljava/lang/Object;)Ljava/lang/Object;+8 java.desktop@21.0.7
j  sun.lwawt.macosx.CAccessibility.getAccessibleIndexInParent(Ljavax/accessibility/Accessible;Ljava/awt/Component;)I+19 java.desktop@21.0.7
v  ~StubRoutines::call_stub 0x0000000119fd2cc4
j  sun.lwawt.macosx.LWCToolkit.doAWTRunLoopImpl(JZZ)V+0 java.desktop@21.0.7
j  sun.lwawt.macosx.LWCToolkit.doAWTRunLoop(JZ)V+5 java.desktop@21.0.7
j  sun.lwawt.macosx.LWCToolkit.invokeAndWait(Ljava/lang/Runnable;Ljava/awt/Component;)V+50 java.desktop@21.0.7
j  sun.lwawt.macosx.LWCToolkit.invokeAndWait(Ljava/util/concurrent/Callable;Ljava/awt/Component;)Ljava/lang/Object;+11 java.desktop@21.0.7
j  sun.lwawt.macosx.CAccessibility.invokeAndWait(Ljava/util/concurrent/Callable;Ljava/awt/Component;Ljava/lang/Object;)Ljava/lang/Object;+8 java.desktop@21.0.7
j  sun.lwawt.macosx.CAccessibility.getAccessibleIndexInParent(Ljavax/accessibility/Accessible;Ljava/awt/Component;)I+19 java.desktop@21.0.7
v  ~StubRoutines::call_stub 0x0000000119fd2cc4
j  sun.lwawt.macosx.LWCToolkit.doAWTRunLoopImpl(JZZ)V+0 java.desktop@21.0.7
j  sun.lwawt.macosx.LWCToolkit.doAWTRunLoop(JZ)V+5 java.desktop@21.0.7
j  sun.lwawt.macosx.LWCToolkit.invokeAndWait(Ljava/lang/Runnable;Ljava/awt/Component;)V+50 java.desktop@21.0.7
j  sun.lwawt.macosx.LWCToolkit.invokeAndWait(Ljava/util/concurrent/Callable;Ljava/awt/Component;)Ljava/lang/Object;+11 java.desktop@21.0.7
j  sun.lwawt.macosx.CAccessibility.invokeAndWait(Ljava/util/concurrent/Callable;Ljava/awt/Component;Ljava/lang/Object;)Ljava/lang/Object;+8 java.desktop@21.0.7
j  sun.lwawt.macosx.CAccessibility.getAccessibleIndexInParent(Ljavax/accessibility/Accessible;Ljava/awt/Component;)I+19 java.desktop@21.0.7
v  ~StubRoutines::call_stub 0x0000000119fd2cc4
j  sun.lwawt.macosx.LWCToolkit.doAWTRunLoopImpl(JZZ)V+0 java.desktop@21.0.7
j  sun.lwawt.macosx.LWCToolkit.doAWTRunLoop(JZ)V+5 java.desktop@21.0.7
j  sun.lwawt.macosx.LWCToolkit.invokeAndWait(Ljava/lang/Runnable;Ljava/awt/Component;)V+50 java.desktop@21.0.7
j  sun.lwawt.macosx.LWCToolkit.invokeAndWait(Ljava/util/concurrent/Callable;Ljava/awt/Component;)Ljava/lang/Object;+11 java.desktop@21.0.7
j  sun.lwawt.macosx.CAccessibility.invokeAndWait(Ljava/util/concurrent/Callable;Ljava/awt/Component;Ljava/lang/Object;)Ljava/lang/Object;+8 java.desktop@21.0.7
j  sun.lwawt.macosx.CAccessibility.getAccessibleIndexInParent(Ljavax/accessibility/Accessible;Ljava/awt/Component;)I+19 java.desktop@21.0.7
v  ~StubRoutines::call_stub 0x0000000119fd2cc4
j  sun.lwawt.macosx.LWCToolkit.doAWTRunLoopImpl(JZZ)V+0 java.desktop@21.0.7
j  sun.lwawt.macosx.LWCToolkit.doAWTRunLoop(JZ)V+5 java.desktop@21.0.7
j  sun.lwawt.macosx.LWCToolkit.invokeAndWait(Ljava/lang/Runnable;Ljava/awt/Component;)V+50 java.desktop@21.0.7
j  sun.lwawt.macosx.LWCToolkit.invokeAndWait(Ljava/util/concurrent/Callable;Ljava/awt/Component;)Ljava/lang/Object;+11 java.desktop@21.0.7
j  sun.lwawt.macosx.CAccessibility.invokeAndWait(Ljava/util/concurrent/Callable;Ljava/awt/Component;Ljava/lang/Object;)Ljava/lang/Object;+8 java.desktop@21.0.7
j  sun.lwawt.macosx.CAccessibility.getAccessibleIndexInParent(Ljavax/accessibility/Accessible;Ljava/awt/Component;)I+19 java.desktop@21.0.7
v  ~StubRoutines::call_stub 0x0000000119fd2cc4
j  sun.lwawt.macosx.LWCToolkit.doAWTRunLoopImpl(JZZ)V+0 java.desktop@21.0.7
j  sun.lwawt.macosx.LWCToolkit.doAWTRunLoop(JZ)V+5 java.desktop@21.0.7
j  sun.lwawt.macosx.LWCToolkit.invokeAndWait(Ljava/lang/Runnable;Ljava/awt/Component;)V+50 java.desktop@21.0.7
j  sun.lwawt.macosx.LWCToolkit.invokeAndWait(Ljava/util/concurrent/Callable;Ljava/awt/Component;)Ljava/lang/Object;+11 java.desktop@21.0.7
j  sun.lwawt.macosx.CAccessibility.invokeAndWait(Ljava/util/concurrent/Callable;Ljava/awt/Component;Ljava/lang/Object;)Ljava/lang/Object;+8 java.desktop@21.0.7
j  sun.lwawt.macosx.CAccessibility.getAccessibleIndexInParent(Ljavax/accessibility/Accessible;Ljava/awt/Component;)I+19 java.desktop@21.0.7
v  ~StubRoutines::call_stub 0x0000000119fd2cc4
j  sun.lwawt.macosx.LWCToolkit.doAWTRunLoopImpl(JZZ)V+0 java.desktop@21.0.7
j  sun.lwawt.macosx.LWCToolkit.doAWTRunLoop(JZ)V+5 java.desktop@21.0.7
j  sun.lwawt.macosx.LWCToolkit.invokeAndWait(Ljava/lang/Runnable;Ljava/awt/Component;)V+50 java.desktop@21.0.7
j  sun.lwawt.macosx.LWCToolkit.invokeAndWait(Ljava/util/concurrent/Callable;Ljava/awt/Component;)Ljava/lang/Object;+11 java.desktop@21.0.7
j  sun.lwawt.macosx.CAccessibility.invokeAndWait(Ljava/util/concurrent/Callable;Ljava/awt/Component;Ljava/lang/Object;)Ljava/lang/Object;+8 java.desktop@21.0.7
j  sun.lwawt.macosx.CAccessibility.getAccessibleIndexInParent(Ljavax/accessibility/Accessible;Ljava/awt/Component;)I+19 java.desktop@21.0.7
v  ~StubRoutines::call_stub 0x0000000119fd2cc4
j  sun.lwawt.macosx.LWCToolkit.doAWTRunLoopImpl(JZZ)V+0 java.desktop@21.0.7
j  sun.lwawt.macosx.LWCToolkit.doAWTRunLoop(JZ)V+5 java.desktop@21.0.7
j  sun.lwawt.macosx.LWCToolkit.invokeAndWait(Ljava/lang/Runnable;Ljava/awt/Component;)V+50 java.desktop@21.0.7
j  sun.lwawt.macosx.LWCToolkit.invokeAndWait(Ljava/util/concurrent/Callable;Ljava/awt/Component;)Ljava/lang/Object;+11 java.desktop@21.0.7
j  sun.lwawt.macosx.CAccessibility.invokeAndWait(Ljava/util/concurrent/Callable;Ljava/awt/Component;Ljava/lang/Object;)Ljava/lang/Object;+8 java.desktop@21.0.7
j  sun.lwawt.macosx.CAccessibility.getAccessibleIndexInParent(Ljavax/accessibility/Accessible;Ljava/awt/Component;)I+19 java.desktop@21.0.7
v  ~StubRoutines::call_stub 0x0000000119fd2cc4
j  sun.lwawt.macosx.LWCToolkit.doAWTRunLoopImpl(JZZ)V+0 java.desktop@21.0.7
j  sun.lwawt.macosx.LWCToolkit.doAWTRunLoop(JZ)V+5 java.desktop@21.0.7
j  sun.lwawt.macosx.LWCToolkit.invokeAndWait(Ljava/lang/Runnable;Ljava/awt/Component;)V+50 java.desktop@21.0.7
j  sun.lwawt.macosx.LWCToolkit.invokeAndWait(Ljava/util/concurrent/Callable;Ljava/awt/Component;)Ljava/lang/Object;+11 java.desktop@21.0.7
j  sun.lwawt.macosx.CAccessibility.invokeAndWait(Ljava/util/concurrent/Callable;Ljava/awt/Component;Ljava/lang/Object;)Ljava/lang/Object;+8 java.desktop@21.0.7
j  sun.lwawt.macosx.CAccessibility.getAccessibleIndexInParent(Ljavax/accessibility/Accessible;Ljava/awt/Component;)I+19 java.desktop@21.0.7
v  ~StubRoutines::call_stub 0x0000000119fd2cc4
j  sun.lwawt.macosx.LWCToolkit.doAWTRunLoopImpl(JZZ)V+0 java.desktop@21.0.7
j  sun.lwawt.macosx.LWCToolkit.doAWTRunLoop(JZ)V+5 java.desktop@21.0.7
j  sun.lwawt.macosx.LWCToolkit.invokeAndWait(Ljava/lang/Runnable;Ljava/awt/Component;)V+50 java.desktop@21.0.7
j  sun.lwawt.macosx.LWCToolkit.invokeAndWait(Ljava/util/concurrent/Callable;Ljava/awt/Component;)Ljava/lang/Object;+11 java.desktop@21.0.7
j  sun.lwawt.macosx.CAccessibility.invokeAndWait(Ljava/util/concurrent/Callable;Ljava/awt/Component;Ljava/lang/Object;)Ljava/lang/Object;+8 java.desktop@21.0.7
j  sun.lwawt.macosx.CAccessibility.getAccessibleIndexInParent(Ljavax/accessibility/Accessible;Ljava/awt/Component;)I+19 java.desktop@21.0.7
v  ~StubRoutines::call_stub 0x0000000119fd2cc4
j  sun.lwawt.macosx.LWCToolkit.doAWTRunLoopImpl(JZZ)V+0 java.desktop@21.0.7
j  sun.lwawt.macosx.LWCToolkit.doAWTRunLoop(JZ)V+5 java.desktop@21.0.7
j  sun.lwawt.macosx.LWCToolkit.invokeAndWait(Ljava/lang/Runnable;Ljava/awt/Component;)V+50 java.desktop@21.0.7
j  sun.lwawt.macosx.LWCToolkit.invokeAndWait(Ljava/util/concurrent/Callable;Ljava/awt/Component;)Ljava/lang/Object;+11 java.desktop@21.0.7
j  sun.lwawt.macosx.CAccessibility.invokeAndWait(Ljava/util/concurrent/Callable;Ljava/awt/Component;Ljava/lang/Object;)Ljava/lang/Object;+8 java.desktop@21.0.7
j  sun.lwawt.macosx.CAccessibility.getAccessibleIndexInParent(Ljavax/accessibility/Accessible;Ljava/awt/Component;)I+19 java.desktop@21.0.7
v  ~StubRoutines::call_stub 0x0000000119fd2cc4
j  sun.lwawt.macosx.LWCToolkit.doAWTRunLoopImpl(JZZ)V+0 java.desktop@21.0.7
j  sun.lwawt.macosx.LWCToolkit.doAWTRunLoop(JZ)V+5 java.desktop@21.0.7
j  sun.lwawt.macosx.LWCToolkit.invokeAndWait(Ljava/lang/Runnable;Ljava/awt/Component;)V+50 java.desktop@21.0.7
j  sun.lwawt.macosx.LWCToolkit.invokeAndWait(Ljava/util/concurrent/Callable;Ljava/awt/Component;)Ljava/lang/Object;+11 java.desktop@21.0.7
j  sun.lwawt.macosx.CAccessibility.invokeAndWait(Ljava/util/concurrent/Callable;Ljava/awt/Component;Ljava/lang/Object;)Ljava/lang/Object;+8 java.desktop@21.0.7
j  sun.lwawt.macosx.CAccessibility.getAccessibleIndexInParent(Ljavax/accessibility/Accessible;Ljava/awt/Component;)I+19 java.desktop@21.0.7
v  ~StubRoutines::call_stub 0x0000000119fd2cc4
j  sun.lwawt.macosx.LWCToolkit.doAWTRunLoopImpl(JZZ)V+0 java.desktop@21.0.7
j  sun.lwawt.macosx.LWCToolkit.doAWTRunLoop(JZ)V+5 java.desktop@21.0.7
j  sun.lwawt.macosx.LWCToolkit.invokeAndWait(Ljava/lang/Runnable;Ljava/awt/Component;)V+50 java.desktop@21.0.7
j  sun.lwawt.macosx.LWCToolkit.invokeAndWait(Ljava/util/concurrent/Callable;Ljava/awt/Component;)Ljava/lang/Object;+11 java.desktop@21.0.7
j  sun.lwawt.macosx.CAccessibility.invokeAndWait(Ljava/util/concurrent/Callable;Ljava/awt/Component;Ljava/lang/Object;)Ljava/lang/Object;+8 java.desktop@21.0.7
j  sun.lwawt.macosx.CAccessibility.getAccessibleIndexInParent(Ljavax/accessibility/Accessible;Ljava/awt/Component;)I+19 java.desktop@21.0.7
v  ~StubRoutines::call_stub 0x0000000119fd2cc4
j  sun.lwawt.macosx.LWCToolkit.doAWTRunLoopImpl(JZZ)V+0 java.desktop@21.0.7
j  sun.lwawt.macosx.LWCToolkit.doAWTRunLoop(JZ)V+5 java.desktop@21.0.7
j  sun.lwawt.macosx.LWCToolkit.invokeAndWait(Ljava/lang/Runnable;Ljava/awt/Component;)V+50 java.desktop@21.0.7
j  sun.lwawt.macosx.LWCToolkit.invokeAndWait(Ljava/util/concurrent/Callable;Ljava/awt/Component;)Ljava/lang/Object;+11 java.desktop@21.0.7
j  sun.lwawt.macosx.CAccessibility.invokeAndWait(Ljava/util/concurrent/Callable;Ljava/awt/Component;Ljava/lang/Object;)Ljava/lang/Object;+8 java.desktop@21.0.7
j  sun.lwawt.macosx.CAccessibility.getAccessibleIndexInParent(Ljavax/accessibility/Accessible;Ljava/awt/Component;)I+19 java.desktop@21.0.7
v  ~StubRoutines::call_stub 0x0000000119fd2cc4
j  sun.lwawt.macosx.LWCToolkit.doAWTRunLoopImpl(JZZ)V+0 java.desktop@21.0.7
j  sun.lwawt.macosx.LWCToolkit.doAWTRunLoop(JZ)V+5 java.desktop@21.0.7
j  sun.lwawt.macosx.LWCToolkit.invokeAndWait(Ljava/lang/Runnable;Ljava/awt/Component;)V+50 java.desktop@21.0.7
j  sun.lwawt.macosx.LWCToolkit.invokeAndWait(Ljava/util/concurrent/Callable;Ljava/awt/Component;)Ljava/lang/Object;+11 java.desktop@21.0.7
j  sun.lwawt.macosx.CAccessibility.invokeAndWait(Ljava/util/concurrent/Callable;Ljava/awt/Component;Ljava/lang/Object;)Ljava/lang/Object;+8 java.desktop@21.0.7
j  sun.lwawt.macosx.CAccessibility.getAccessibleIndexInParent(Ljavax/accessibility/Accessible;Ljava/awt/Component;)I+19 java.desktop@21.0.7
v  ~StubRoutines::call_stub 0x0000000119fd2cc4
j  sun.lwawt.macosx.LWCToolkit.doAWTRunLoopImpl(JZZ)V+0 java.desktop@21.0.7
j  sun.lwawt.macosx.LWCToolkit.doAWTRunLoop(JZ)V+5 java.desktop@21.0.7
j  sun.lwawt.macosx.LWCToolkit.invokeAndWait(Ljava/lang/Runnable;Ljava/awt/Component;)V+50 java.desktop@21.0.7
j  sun.lwawt.macosx.LWCToolkit.invokeAndWait(Ljava/util/concurrent/Callable;Ljava/awt/Component;)Ljava/lang/Object;+11 java.desktop@21.0.7
j  sun.lwawt.macosx.CAccessibility.invokeAndWait(Ljava/util/concurrent/Callable;Ljava/awt/Component;Ljava/lang/Object;)Ljava/lang/Object;+8 java.desktop@21.0.7
j  sun.lwawt.macosx.CAccessibility.getAccessibleIndexInParent(Ljavax/accessibility/Accessible;Ljava/awt/Component;)I+19 java.desktop@21.0.7
v  ~StubRoutines::call_stub 0x0000000119fd2cc4
j  sun.lwawt.macosx.LWCToolkit.doAWTRunLoopImpl(JZZ)V+0 java.desktop@21.0.7
j  sun.lwawt.macosx.LWCToolkit.doAWTRunLoop(JZ)V+5 java.desktop@21.0.7
j  sun.lwawt.macosx.LWCToolkit.invokeAndWait(Ljava/lang/Runnable;Ljava/awt/Component;)V+50 java.desktop@21.0.7
j  sun.lwawt.macosx.LWCToolkit.invokeAndWait(Ljava/util/concurrent/Callable;Ljava/awt/Component;)Ljava/lang/Object;+11 java.desktop@21.0.7
j  sun.lwawt.macosx.CAccessibility.invokeAndWait(Ljava/util/concurrent/Callable;Ljava/awt/Component;Ljava/lang/Object;)Ljava/lang/Object;+8 java.desktop@21.0.7
j  sun.lwawt.macosx.CAccessibility.getAccessibleIndexInParent(Ljavax/accessibility/Accessible;Ljava/awt/Component;)I+19 java.desktop@21.0.7
v  ~StubRoutines::call_stub 0x0000000119fd2cc4
j  sun.lwawt.macosx.LWCToolkit.doAWTRunLoopImpl(JZZ)V+0 java.desktop@21.0.7
j  sun.lwawt.macosx.LWCToolkit.doAWTRunLoop(JZ)V+5 java.desktop@21.0.7
j  sun.lwawt.macosx.LWCToolkit.invokeAndWait(Ljava/lang/Runnable;Ljava/awt/Component;)V+50 java.desktop@21.0.7
j  sun.lwawt.macosx.LWCToolkit.invokeAndWait(Ljava/util/concurrent/Callable;Ljava/awt/Component;)Ljava/lang/Object;+11 java.desktop@21.0.7
j  sun.lwawt.macosx.CAccessibility.invokeAndWait(Ljava/util/concurrent/Callable;Ljava/awt/Component;Ljava/lang/Object;)Ljava/lang/Object;+8 java.desktop@21.0.7
j  sun.lwawt.macosx.CAccessibility.getAccessibleIndexInParent(Ljavax/accessibility/Accessible;Ljava/awt/Component;)I+19 java.desktop@21.0.7
v  ~StubRoutines::call_stub 0x0000000119fd2cc4
j  sun.lwawt.macosx.LWCToolkit.doAWTRunLoopImpl(JZZ)V+0 java.desktop@21.0.7
j  sun.lwawt.macosx.LWCToolkit.doAWTRunLoop(JZ)V+5 java.desktop@21.0.7
j  sun.lwawt.macosx.LWCToolkit.invokeAndWait(Ljava/lang/Runnable;Ljava/awt/Component;)V+50 java.desktop@21.0.7
j  sun.lwawt.macosx.LWCToolkit.invokeAndWait(Ljava/util/concurrent/Callable;Ljava/awt/Component;)Ljava/lang/Object;+11 java.desktop@21.0.7
j  sun.lwawt.macosx.CAccessibility.invokeAndWait(Ljava/util/concurrent/Callable;Ljava/awt/Component;Ljava/lang/Object;)Ljava/lang/Object;+8 java.desktop@21.0.7
j  sun.lwawt.macosx.CAccessibility.getAccessibleIndexInParent(Ljavax/accessibility/Accessible;Ljava/awt/Component;)I+19 java.desktop@21.0.7
v  ~StubRoutines::call_stub 0x0000000119fd2cc4
j  sun.lwawt.macosx.LWCToolkit.doAWTRunLoopImpl(JZZ)V+0 java.desktop@21.0.7
j  sun.lwawt.macosx.LWCToolkit.doAWTRunLoop(JZ)V+5 java.desktop@21.0.7
j  sun.lwawt.macosx.LWCToolkit.invokeAndWait(Ljava/lang/Runnable;Ljava/awt/Component;)V+50 java.desktop@21.0.7
j  sun.lwawt.macosx.LWCToolkit.invokeAndWait(Ljava/util/concurrent/Callable;Ljava/awt/Component;)Ljava/lang/Object;+11 java.desktop@21.0.7
j  sun.lwawt.macosx.CAccessibility.invokeAndWait(Ljava/util/concurrent/Callable;Ljava/awt/Component;Ljava/lang/Object;)Ljava/lang/Object;+8 java.desktop@21.0.7
j  sun.lwawt.macosx.CAccessibility.getAccessibleIndexInParent(Ljavax/accessibility/Accessible;Ljava/awt/Component;)I+19 java.desktop@21.0.7
v  ~StubRoutines::call_stub 0x0000000119fd2cc4

siginfo: si_signo: 4 (SIGILL), si_code: 1 (ILL_ILLOPC), si_addr: 0x00007ff80f841749

Registers:
RAX=0x00007ff80f9e9152, RBX=0x00007f9fdb00f800, RCX=0x00000000000120a8, RDX=0x0000000000000008
RSP=0x0000000309667ef8, RBP=0x0000000309667f80, RSI=0x0000000000000000, RDI=0x0000600001c38848
R8 =0x00000000006fd502, R9 =0x0000000000000008, R10=0x0000000000000000, R11=0x00000000a5baadb9
R12=0x0000000000000001, R13=0x00007f9fdb00f810, R14=0x0000000000000001, R15=0x0000600001c38820
RIP=0x00007ff80f841749, EFLAGS=0x0000000000000246, ERR=0x0000000000000000
  TRAPNO=0x0000000000000006


Register to memory mapping:

RAX=0x00007ff80f9e9152: _XMLPlistAppendDataUsingBase64.__CFPLDataEncodeTable+0x15f2 in /System/Library/Frameworks/CoreFoundation.framework/Versions/A/CoreFoundation at 0x00007ff80f666000
RBX=0x00007f9fdb00f800 points into unknown readable memory: 0x011dfff8501b7949 | 49 79 1b 50 f8 ff 1d 01
RCX=0x00000000000120a8 is an unknown value
RDX=0x0000000000000008 is an unknown value
RSP=0x0000000309667ef8 is pointing into the stack for thread: 0x00007f9fdb0cae00
RBP=0x0000000309667f80 is pointing into the stack for thread: 0x00007f9fdb0cae00
RSI=0x0 is null
RDI=0x0000600001c38848 points into unknown readable memory: 0x00000000006fd502 | 02 d5 6f 00 00 00 00 00
R8 =0x00000000006fd502 is an unknown value
R9 =0x0000000000000008 is an unknown value
R10=0x0 is null
R11=0x00000000a5baadb9 is an unknown value
R12=0x0000000000000001 is an unknown value
R13=0x00007f9fdb00f810 points into unknown readable memory: 0x000000004d555458 | 58 54 55 4d 00 00 00 00
R14=0x0000000000000001 is an unknown value
R15=0x0000600001c38820 points into unknown readable memory: 0x011dfff8501b7949 | 49 79 1b 50 f8 ff 1d 01

Top of Stack: (sp=0x0000000309667ef8)
0x0000000309667ef8:   00007ff80f779659 0000000000000000
0x0000000309667f08:   3f847a6000000000 14437877ff7a0002
0x0000000309667f18:   000000000000000a 0000000309667f40
0x0000000309667f28:   00007ff80f66a287 000000010bf6c7f8
0x0000000309667f38:   0000000000000001 0000000309667f50
0x0000000309667f48:   00007ff80f69b1b3 14437877ff7a007c
0x0000000309667f58:   000000010bf6c7f8 00007ff82f3287d0
0x0000000309667f68:   000000010bf6c7f8 3e6c41aa23a6d277
0x0000000309667f78:   00007f9f6b2dd0c8 0000000309667fc0
0x0000000309667f88:   00007ff811325376 3f847ae147ae147b
0x0000000309667f98:   41c7a31888488406 00007ff84cd1c518
0x0000000309667fa8:   00007ff82f3287d0 000060000321b200
0x0000000309667fb8:   00007ff80f1e41c0 0000000309668040
0x0000000309667fc8:   0000000125c3c4ef 00007f9f6af08550
0x0000000309667fd8:   00007ff82f2c6e3c 00007ff82f2ca6cc
0x0000000309667fe8:   00007ff830ebb4a8 00007ff82f40c257
0x0000000309667ff8:   00007ff82f2ce178 000060000257fd00
0x0000000309668008:   0000000000000001 0000600002953780
0x0000000309668018:   000000016773f2e8 0000000000000000
0x0000000309668028:   00000000f06e33bf 0000000309668080
0x0000000309668038:   00007f9fdb0cae00 0000000309668090
0x0000000309668048:   000000011a80d4f3 000000078375a578
0x0000000309668058:   000000078371f758 00000007862906b8
0x0000000309668068:   0000000786290738 0000000783717748
0x0000000309668078:   0000000000000003 000000078375a770
0x0000000309668088:   0000000000000000 00000003096682e8
0x0000000309668098:   00000001130723ec 00000000096680f0
0x00000003096680a8:   4024000000000000 4000000000000000
0x00000003096680b8:   0000000000000000 0000000309668188
0x00000003096680c8:   0000000000000000 0000000000000003
0x00000003096680d8:   0000000309668188 0000000309668130
0x00000003096680e8:   000000010c74134a 0000000309668140 

Instructions: (pc=0x00007ff80f841749)
0x00007ff80f841649:   48 89 05 48 6c bb 40 0f 0b 48 8d 05 f4 73 1a 00
0x00007ff80f841659:   48 89 05 38 6c bb 40 0f 0b 48 8d 3d 17 74 97 40
0x00007ff80f841669:   48 8d 35 28 b9 49 3d e9 81 0e 01 00 48 8b 05 f4
0x00007ff80f841679:   70 97 40 48 85 c0 0f 94 c1 48 39 f8 0f 95 c0 08
0x00007ff80f841689:   c8 75 23 48 83 3d b4 71 bb 40 ff 75 01 c3 55 48
0x00007ff80f841699:   89 e5 48 8d 3d a6 71 bb 40 48 8d 35 4f ba 49 3d
0x00007ff80f8416a9:   e8 48 0e 01 00 5d c3 48 8d 05 6c 79 1a 00 48 89
0x00007ff80f8416b9:   05 da 6b bb 40 0f 0b 48 8d 05 5c 79 1a 00 48 89
0x00007ff80f8416c9:   05 ca 6b bb 40 0f 0b 48 8d 05 a3 79 1a 00 48 89
0x00007ff80f8416d9:   05 ba 6b bb 40 0f 0b 48 8d 05 6f 79 1a 00 48 89
0x00007ff80f8416e9:   05 aa 6b bb 40 0f 0b 48 8d 05 f9 78 1a 00 48 89
0x00007ff80f8416f9:   05 9a 6b bb 40 0f 0b 48 8b 05 69 70 97 40 48 85
0x00007ff80f841709:   c0 0f 94 c1 48 39 f8 0f 95 c0 08 c8 75 23 48 83
0x00007ff80f841719:   3d 29 71 bb 40 ff 75 01 c3 55 48 89 e5 48 8d 3d
0x00007ff80f841729:   1b 71 bb 40 48 8d 35 c4 b9 49 3d e8 bd 0d 01 00
0x00007ff80f841739:   5d c3 48 8d 05 10 7a 1a 00 48 89 05 4f 6b bb 40
0x00007ff80f841749:   0f 0b 48 8b 05 1e 70 97 40 48 85 c0 0f 94 c1 48
0x00007ff80f841759:   39 f8 0f 95 c0 08 c8 75 23 48 83 3d de 70 bb 40
0x00007ff80f841769:   ff 75 01 c3 55 48 89 e5 48 8d 3d d0 70 bb 40 48
0x00007ff80f841779:   8d 35 79 b9 49 3d e8 72 0d 01 00 5d c3 48 8b 05
0x00007ff80f841789:   e3 6f 97 40 48 85 c0 0f 94 c1 48 39 f8 0f 95 c0
0x00007ff80f841799:   08 c8 75 23 48 83 3d a3 70 bb 40 ff 75 01 c3 55
0x00007ff80f8417a9:   48 89 e5 48 8d 3d 95 70 bb 40 48 8d 35 3e b9 49
0x00007ff80f8417b9:   3d e8 37 0d 01 00 5d c3 48 8b 05 a8 6f 97 40 48
0x00007ff80f8417c9:   85 c0 0f 94 c1 48 39 f8 0f 95 c0 08 c8 75 23 48
0x00007ff80f8417d9:   83 3d 68 70 bb 40 ff 75 01 c3 55 48 89 e5 48 8d
0x00007ff80f8417e9:   3d 5a 70 bb 40 48 8d 35 03 b9 49 3d e8 fc 0c 01
0x00007ff80f8417f9:   00 5d c3 48 8d 05 8f 72 1a 00 48 89 05 8e 6a bb
0x00007ff80f841809:   40 0f 0b 48 8b 05 5d 6f 97 40 48 85 c0 0f 94 c1
0x00007ff80f841819:   48 39 f8 0f 95 c0 08 c8 75 23 48 83 3d 1d 70 bb
0x00007ff80f841829:   40 ff 75 01 c3 55 48 89 e5 48 8d 3d 0f 70 bb 40
0x00007ff80f841839:   48 8d 35 b8 b8 49 3d e8 b1 0c 01 00 5d c3 48 8b 


Stack slot to memory mapping:

stack at sp + 0 slots: 0x00007ff80f779659: _CFRunLoopRunSpecificWithOptions+0x26b in /System/Library/Frameworks/CoreFoundation.framework/Versions/A/CoreFoundation at 0x00007ff80f666000
stack at sp + 1 slots: 0x0 is null
stack at sp + 2 slots: 0x3f847a6000000000 is an unknown value
stack at sp + 3 slots: 0x14437877ff7a0002 is an unknown value
stack at sp + 4 slots: 0x000000000000000a is an unknown value
stack at sp + 5 slots: 0x0000000309667f40 is pointing into the stack for thread: 0x00007f9fdb0cae00
stack at sp + 6 slots: 0x00007ff80f66a287: _CFGetTSDCreateIfNeeded+0x1a in /System/Library/Frameworks/CoreFoundation.framework/Versions/A/CoreFoundation at 0x00007ff80f666000
stack at sp + 7 slots: 0x000000010bf6c7f8: <offset 0x87f8> in /Users/nenesaurio/.p2/pool/plugins/org.eclipse.justj.openjdk.hotspot.jre.full.macosx.x86_64_21.0.7.v20250502-0916/jre/lib/libosxapp.dylib at 0x000000010bf64000


Compiled method (n/a) 21257 2945     n 0       sun.lwawt.macosx.LWCToolkit::doAWTRunLoopImpl (native)
 total in heap  [0x000000011a80d290,0x000000011a80d5e0] = 848
 relocation     [0x000000011a80d3e8,0x000000011a80d420] = 56
 main code      [0x000000011a80d420,0x000000011a80d5e0] = 448

[Constant Pool (empty)]

[MachCode]
[Entry Point]
  # {method} {0x0000000167157b68} 'doAWTRunLoopImpl' '(JZZ)V' in 'sun/lwawt/macosx/LWCToolkit'
  # parm0:    rsi:rsi   = long
  # parm1:    rdx       = boolean
  # parm2:    rcx       = boolean
  #           [sp+0x50]  (sp of caller)
  0x000000011a80d420: 448b 5608 | 49bb 0000 | 0026 0100 | 0000 4d03 | d349 3bc2 | 0f84 0600 

  0x000000011a80d438: ;   {runtime_call ic_miss_stub}
  0x000000011a80d438: 0000 e941 | 2c81 ff90 
[Verified Entry Point]
  0x000000011a80d440: 8984 2400 | c0fe ff55 | 488b ec48 | 83ec 4090 | 4181 7f20 | 0100 0000 

  0x000000011a80d458: ;   {runtime_call StubRoutines (final stubs)}
  0x000000011a80d458: 7405 e8e1 | 8e7f ff4c | 8bc1 488b | ca48 8bd6 

  0x000000011a80d468: ;   {oop(a 'java/lang/Class'{0x000000078375a770} = 'sun/lwawt/macosx/LWCToolkit')}
  0x000000011a80d468: 49be 70a7 | 7583 0700 | 0000 4c89 | 7424 304c | 8d74 2430 

  0x000000011a80d47c: ; ImmutableOopMap {[48]=Oop }
                      ;   {section_word}
  0x000000011a80d47c: 498b f649 | ba7f d480 | 1a01 0000 | 004d 8997 | a003 0000 | 4989 a798 

  0x000000011a80d494: ;   {external_word}
  0x000000011a80d494: 0300 0080 | 3d23 09a4 | f200 0f84 | 3800 0000 | 5652 5141 

  0x000000011a80d4a8: ;   {metadata({method} {0x0000000167157b68} 'doAWTRunLoopImpl' '(JZZ)V' in 'sun/lwawt/macosx/LWCToolkit')}
  0x000000011a80d4a8: 5048 be68 | 7b15 6701 | 0000 0049 | 8bff 40f6 | c40f 0f84 | 1200 0000 | 4883 ec08 

  0x000000011a80d4c4: ;   {runtime_call SharedRuntime::dtrace_method_entry(JavaThread*, Method*)}
  0x000000011a80d4c4: e867 0057 | f248 83c4 | 08e9 0500 

  0x000000011a80d4d0: ;   {runtime_call SharedRuntime::dtrace_method_entry(JavaThread*, Method*)}
  0x000000011a80d4d0: 0000 e859 | 0057 f241 | 5859 5a5e | 498d bfb8 | 0300 0041 | c787 4404 | 0000 0400 

  0x000000011a80d4ec: ;   {runtime_call Java_sun_lwawt_macosx_LWCToolkit_doAWTRunLoopImpl}
  0x000000011a80d4ec: 0000 e8ad | ee42 0b41 | c787 4404 | 0000 0500 | 0000 f083 | 4424 c000 | 493b af48 | 0400 000f 
  0x000000011a80d50c: 870e 0000 | 0041 83bf | 4004 0000 | 000f 8419 | 0000 0049 | 8bff 4c8b | e448 83ec | 0048 83e4 
  0x000000011a80d52c: ;   {runtime_call JavaThread::check_special_condition_for_native_trans(JavaThread*)}
  0x000000011a80d52c: f0e8 fe3d | 17f2 498b | e44d 33e4 | 41c7 8744 | 0400 0008 | 0000 0041 | 83bf c004 | 0000 020f 
  0x000000011a80d54c: 8474 0000 

  0x000000011a80d550: ;   {external_word}
  0x000000011a80d550: 0080 3d69 | 08a4 f200 | 0f84 2e00 

  0x000000011a80d55c: ;   {metadata({method} {0x0000000167157b68} 'doAWTRunLoopImpl' '(JZZ)V' in 'sun/lwawt/macosx/LWCToolkit')}
  0x000000011a80d55c: 0000 48be | 687b 1567 | 0100 0000 | 498b ff40 | f6c4 0f0f | 8412 0000 | 0048 83ec 

  0x000000011a80d578: ;   {runtime_call SharedRuntime::dtrace_method_exit(JavaThread*, Method*)}
  0x000000011a80d578: 08e8 9200 | 57f2 4883 | c408 e905 

  0x000000011a80d584: ;   {runtime_call SharedRuntime::dtrace_method_exit(JavaThread*, Method*)}
  0x000000011a80d584: 0000 00e8 | 8400 57f2 | 49c7 8798 | 0300 0000 | 0000 0049 | c787 a003 | 0000 0000 | 0000 498b 
  0x000000011a80d5a4: 8f28 0400 | 00c7 8100 | 0100 0000 | 0000 00c9 | 4983 7f08 | 000f 8501 | 0000 00c3 

  0x000000011a80d5c0: ;   {runtime_call StubRoutines (initial stubs)}
  0x000000011a80d5c0: e93b 567c | ff4c 8be4 | 4883 ec00 | 4883 e4f0 

  0x000000011a80d5d0: ;   {runtime_call SharedRuntime::reguard_yellow_pages()}
  0x000000011a80d5d0: e83b 2257 | f249 8be4 | 4d33 e4e9 | 71ff ffff 
[/MachCode]


Compiled method (c1) 21261 3046       3       sun.lwawt.macosx.LWCToolkit::invokeAndWait (59 bytes)
 total in heap  [0x0000000113071610,0x0000000113073420] = 7696
 relocation     [0x0000000113071768,0x0000000113071950] = 488
 main code      [0x0000000113071960,0x0000000113072c78] = 4888
 stub code      [0x0000000113072c78,0x0000000113072d60] = 232
 oops           [0x0000000113072d60,0x0000000113072d80] = 32
 metadata       [0x0000000113072d80,0x0000000113072e00] = 128
 scopes data    [0x0000000113072e00,0x00000001130730e0] = 736
 scopes pcs     [0x00000001130730e0,0x00000001130733b0] = 720
 dependencies   [0x00000001130733b0,0x00000001130733b8] = 8
 handler table  [0x00000001130733b8,0x00000001130733e8] = 48
 nul chk table  [0x00000001130733e8,0x0000000113073420] = 56

[Constant Pool (empty)]

[MachCode]
[Verified Entry Point]
  # {method} {0x0000000167156b78} 'invokeAndWait' '(Ljava/lang/Runnable;Ljava/awt/Component;)V' in 'sun/lwawt/macosx/LWCToolkit'
  # parm0:    rsi:rsi   = 'java/lang/Runnable'
  # parm1:    rdx:rdx   = 'java/awt/Component'
  #           [sp+0x120]  (sp of caller)
  0x0000000113071960: 8984 2400 | c0fe ff55 | 4881 ec10 | 0100 0090 | 4181 7f20 | 0100 0000 

  0x0000000113071978: ;   {runtime_call StubRoutines (final stubs)}
  0x0000000113071978: 7405 e8c1 | 49f9 0648 | 89b4 24b0 | 0000 0048 | 8994 24a8 

  0x000000011307198c: ;   {metadata(method data for {method} {0x0000000167156b78} 'invokeAndWait' '(Ljava/lang/Runnable;Ljava/awt/Component;)V' in 'sun/lwawt/macosx/LWCToolkit')}
  0x000000011307198c: 0000 0048 | bfc8 cba9 | 6701 0000 | 008b 9fac | 0000 0083 | c302 899f | ac00 0000 | 81e3 fe07 
  0x00000001130719ac: 0000 85db | 0f84 ab0f 

  0x00000001130719b4: ;   {metadata(method data for {method} {0x0000000167156b78} 'invokeAndWait' '(Ljava/lang/Runnable;Ljava/awt/Component;)V' in 'sun/lwawt/macosx/LWCToolkit')}
  0x00000001130719b4: 0000 48bf | c8cb a967 | 0100 0000 | 4883 87f0 | 0000 0001 

  0x00000001130719c8: ;   {metadata(method data for {method} {0x00000001260570a8} 'requireNonNull' '(Ljava/lang/Object;Ljava/lang/String;)Ljava/lang/Object;' in 'java/util/Objects')}
  0x00000001130719c8: 48bf 209e | 0a67 0100 | 0000 8b9f | ac00 0000 | 83c3 0289 | 9fac 0000 | 0081 e3fe | ff1f 0085 
  0x00000001130719e8: db0f 8493 | 0f00 0048 

  0x00000001130719f0: ;   {metadata(method data for {method} {0x00000001260570a8} 'requireNonNull' '(Ljava/lang/Object;Ljava/lang/String;)Ljava/lang/Object;' in 'java/util/Objects')}
  0x00000001130719f0: 85d2 48bf | 209e 0a67 | 0100 0000 | 48c7 c300 | 0100 0074 | 0748 c7c3 | f000 0000 | 488b 041f 
  0x0000000113071a10: 488d 4001 | 4889 041f | 0f84 4b0e 

  0x0000000113071a1c: ;   {metadata(method data for {method} {0x0000000167156b78} 'invokeAndWait' '(Ljava/lang/Runnable;Ljava/awt/Component;)V' in 'sun/lwawt/macosx/LWCToolkit')}
  0x0000000113071a1c: 0000 48bf | c8cb a967 | 0100 0000 | 4883 8700 | 0100 0001 | 0f1f 8000 

  0x0000000113071a34: ;   {static_call}
  0x0000000113071a34: 0000 00e8 

  0x0000000113071a38: ; ImmutableOopMap {[168]=Oop [176]=Oop }
                      ;*invokestatic createAWTRunLoopMediator {reexecute=0 rethrow=0 return_oop=0}
                      ; - sun.lwawt.macosx.LWCToolkit::invokeAndWait@8 (line 725)
  0x0000000113071a38: 84b6 7907 

  0x0000000113071a3c: ;   {other}
  0x0000000113071a3c: 0f1f 8400 | 2c04 0000 | 4889 8424 | c000 0000 

  0x0000000113071a4c: ;   {metadata('java/awt/event/InvocationEvent')}
  0x0000000113071a4c: 48ba c03c | 0d27 0100 | 0000 498b | 87b8 0100 | 0048 8d78 | 4049 3bbf | c801 0000 | 0f87 350f 
  0x0000000113071a6c: 0000 4989 | bfb8 0100 | 0048 c700 | 0100 0000 | 488b ca49 | ba00 0000 | 2601 0000 | 0049 2bca 
  0x0000000113071a8c: 8948 0848 | 33c9 8948 | 0c48 33c9 | 48c7 c706 | 0000 0048 | 894c f808 | 48ff cf75 | f648 8984 
  0x0000000113071aac: 24c8 0000 

  0x0000000113071ab0: ;   {metadata(method data for {method} {0x00000001260b01b8} 'linkToTargetMethod' '(JLjava/lang/Object;)Ljava/lang/Object;' in 'java/lang/invoke/Invokers$Holder')}
  0x0000000113071ab0: 0048 ba28 | c5a9 6701 | 0000 0048 | 8d92 d801 

  0x0000000113071ac0: ;   {oop(a 'java/lang/invoke/DirectMethodHandle$Constructor'{0x00000007835a4778})}
  0x0000000113071ac0: 0000 48bf | 7847 5a83 | 0700 0000 | 4885 ff75 | 0af6 0201 | 7505 f048 

  0x0000000113071ad8: ;   {metadata(method data for {method} {0x0000000167156b78} 'invokeAndWait' '(Ljava/lang/Runnable;Ljava/awt/Component;)V' in 'sun/lwawt/macosx/LWCToolkit')}
  0x0000000113071ad8: 830a 0148 | bac8 cba9 | 6701 0000 | 0048 8382 | 1001 0000 

  0x0000000113071aec: ;   {metadata(method data for {method} {0x00000001260b01b8} 'linkToTargetMethod' '(JLjava/lang/Object;)Ljava/lang/Object;' in 'java/lang/invoke/Invokers$Holder')}
  0x0000000113071aec: 0148 ba28 | c5a9 6701 | 0000 008b | b2ac 0000 | 0083 c602 | 89b2 ac00 | 0000 81e6 | feff 1f00 
  0x0000000113071b0c: 85f6 0f84 | 9c0e 0000 

  0x0000000113071b14: ;   {metadata(method data for {method} {0x000000016745e2a0} 'newInvokeSpecial' '(Ljava/lang/Object;J)Ljava/lang/Object;' in 'java/lang/invoke/LambdaForm$DMH+0x000000012709a000')}
  0x0000000113071b14: 48ba 08e5 | 4567 0100 | 0000 488d | 9228 0200 | 0048 85ff | 750a f602 | 0175 05f0 | 4883 0a01 
  0x0000000113071b34: ;   {metadata(method data for {method} {0x00000001260b01b8} 'linkToTargetMethod' '(JLjava/lang/Object;)Ljava/lang/Object;' in 'java/lang/invoke/Invokers$Holder')}
  0x0000000113071b34: 48ba 28c5 | a967 0100 | 0000 4883 | 8228 0100 

  0x0000000113071b44: ;   {metadata(method data for {method} {0x000000016745e2a0} 'newInvokeSpecial' '(Ljava/lang/Object;J)Ljava/lang/Object;' in 'java/lang/invoke/LambdaForm$DMH+0x000000012709a000')}
  0x0000000113071b44: 0001 48ba | 08e5 4567 | 0100 0000 | 8bb2 ac00 | 0000 83c6 | 0289 b2ac | 0000 0081 | e6fe ff1f 
  0x0000000113071b64: 0085 f60f | 8464 0e00 

  0x0000000113071b6c: ;   {metadata(method data for {method} {0x000000016745e2a0} 'newInvokeSpecial' '(Ljava/lang/Object;J)Ljava/lang/Object;' in 'java/lang/invoke/LambdaForm$DMH+0x000000012709a000')}
  0x0000000113071b6c: 0048 ba08 | e545 6701 | 0000 0048 | 8d92 0001 | 0000 4885 | ff75 0cf6 | 4208 0175 | 06f0 4883 
  0x0000000113071b8c: ;   {metadata(method data for {method} {0x000000016745e2a0} 'newInvokeSpecial' '(Ljava/lang/Object;J)Ljava/lang/Object;' in 'java/lang/invoke/LambdaForm$DMH+0x000000012709a000')}
  0x0000000113071b8c: 4a08 0148 | ba08 e545 | 6701 0000 | 0048 8382 | f000 0000 

  0x0000000113071ba0: ;   {metadata(method data for {method} {0x00000001260a2f58} 'allocateInstance' '(Ljava/lang/Object;)Ljava/lang/Object;' in 'java/lang/invoke/DirectMethodHandle')}
  0x0000000113071ba0: 0148 ba88 | 4459 6701 | 0000 008b | b2ac 0000 | 0083 c602 | 89b2 ac00 | 0000 81e6 | feff 1f00 
  0x0000000113071bc0: 85f6 0f84 | 2a0e 0000 

  0x0000000113071bc8: ;   {oop(a 'jdk/internal/misc/Unsafe'{0x000000078375a138})}
  0x0000000113071bc8: 48be 38a1 | 7583 0700 | 0000 488b 

  0x0000000113071bd4: ;   {metadata(method data for {method} {0x00000001260a2f58} 'allocateInstance' '(Ljava/lang/Object;)Ljava/lang/Object;' in 'java/lang/invoke/DirectMethodHandle')}
  0x0000000113071bd4: d648 b988 | 4459 6701 | 0000 0048 | 8381 2801 

  0x0000000113071be4: ;   {oop(a 'java/lang/Class'{0x00000007836dff98} = 'sun/lwawt/macosx/LWCToolkit$$Lambda+0x00000001270bc340')}
  0x0000000113071be4: 0000 0148 | ba98 ff6d | 8307 0000 | 0048 89bc | 24b8 0000 | 0066 0f1f 

  0x0000000113071bfc: ;   {optimized virtual_call}
  0x0000000113071bfc: 4400 00e8 

  0x0000000113071c00: ; ImmutableOopMap {[168]=Oop [176]=Oop [184]=Oop [200]=Oop }
                      ;*invokevirtual allocateInstance {reexecute=0 rethrow=0 return_oop=0}
                      ; - java.lang.invoke.DirectMethodHandle::allocateInstance@12 (line 501)
                      ; - java.lang.invoke.LambdaForm$DMH/0x000000012709a000::newInvokeSpecial@1
                      ; - java.lang.invoke.Invokers$Holder::linkToTargetMethod@5
                      ; - sun.lwawt.macosx.LWCToolkit::invokeAndWait@19 (line 726)
  0x0000000113071c00: bcf6 5007 

  0x0000000113071c04: ;   {other}
  0x0000000113071c04: 0f1f 8400 | f405 0001 

  0x0000000113071c0c: ;   {metadata(method data for {method} {0x000000016745e2a0} 'newInvokeSpecial' '(Ljava/lang/Object;J)Ljava/lang/Object;' in 'java/lang/invoke/LambdaForm$DMH+0x000000012709a000')}
  0x0000000113071c0c: 48ba 08e5 | 4567 0100 | 0000 488d | 9210 0100 | 0048 85c0 | 750c f602 | 0175 2ff0 | 4883 0a01 
  0x0000000113071c2c: eb28 8b48 | 0849 ba00 | 0000 2601 | 0000 0049 | 03ca 4c8b | d148 330a | 48f7 c1fc | ffff ff74 
  0x0000000113071c4c: 09f6 c102 | 7504 4883 

  0x0000000113071c54: ;   {metadata(method data for {method} {0x000000016745e2a0} 'newInvokeSpecial' '(Ljava/lang/Object;J)Ljava/lang/Object;' in 'java/lang/invoke/LambdaForm$DMH+0x000000012709a000')}
  0x0000000113071c54: 0a02 48ba | 08e5 4567 | 0100 0000 | 488d 9230 | 0100 0048 | 8bbc 24b8 | 0000 0048 | 85ff 750c 
  0x0000000113071c74: f642 0801 | 7506 f048 | 834a 0801 

  0x0000000113071c80: ;   {metadata(method data for {method} {0x000000016745e2a0} 'newInvokeSpecial' '(Ljava/lang/Object;J)Ljava/lang/Object;' in 'java/lang/invoke/LambdaForm$DMH+0x000000012709a000')}
  0x0000000113071c80: 48ba 08e5 | 4567 0100 | 0000 4883 | 8220 0100 

  0x0000000113071c90: ;   {metadata(method data for {method} {0x00000001260a3a00} 'constructorMethod' '(Ljava/lang/Object;)Ljava/lang/Object;' in 'java/lang/invoke/DirectMethodHandle')}
  0x0000000113071c90: 0001 48ba | 384c 5967 | 0100 0000 | 8b8a ac00 | 0000 83c1 | 0289 8aac | 0000 0081 | e1fe ff1f 
  0x0000000113071cb0: 0085 c90f | 845a 0d00 

  0x0000000113071cb8: ;   {metadata(method data for {method} {0x000000016745e2a0} 'newInvokeSpecial' '(Ljava/lang/Object;J)Ljava/lang/Object;' in 'java/lang/invoke/LambdaForm$DMH+0x000000012709a000')}
  0x0000000113071cb8: 0048 ba08 | e545 6701 | 0000 0048 | 8d92 4001 

  0x0000000113071cc8: ;   {oop(a 'java/lang/invoke/MemberName'{0x00000007835a47f0} = {method} {0x000000016767bf30} '<init>' '(J)V' in 'sun/lwawt/macosx/LWCToolkit$$Lambda+0x00000001270bc340')}
  0x0000000113071cc8: 0000 48b9 | f047 5a83 | 0700 0000 | 4885 c975 | 0af6 0201 | 7505 f048 | 830a 0148 | 3b00 488b 
  0x0000000113071ce8: ;   {metadata(method data for {method} {0x000000016745e2a0} 'newInvokeSpecial' '(Ljava/lang/Object;J)Ljava/lang/Object;' in 'java/lang/invoke/LambdaForm$DMH+0x000000012709a000')}
  0x0000000113071ce8: d048 b908 | e545 6701 | 0000 0048 | 8381 8801 

  0x0000000113071cf8: ;   {metadata(method data for {method} {0x000000016767bf30} '<init>' '(J)V' in 'sun/lwawt/macosx/LWCToolkit$$Lambda+0x00000001270bc340')}
  0x0000000113071cf8: 0000 0148 | baa0 fba9 | 6701 0000 | 008b 8aac | 0000 0083 | c102 898a | ac00 0000 | 81e1 feff 
  0x0000000113071d18: 1f00 85c9 | 0f84 170d | 0000 488b 

  0x0000000113071d24: ;   {metadata(method data for {method} {0x000000016767bf30} '<init>' '(J)V' in 'sun/lwawt/macosx/LWCToolkit$$Lambda+0x00000001270bc340')}
  0x0000000113071d24: d048 b9a0 | fba9 6701 | 0000 0048 | 8381 f000 

  0x0000000113071d34: ;   {metadata(method data for {method} {0x0000000126470008} '<init>' '()V' in 'java/lang/Object')}
  0x0000000113071d34: 0000 0148 | ba10 8a00 | 6701 0000 | 008b 8aac | 0000 0083 | c102 898a | ac00 0000 | 81e1 feff 
  0x0000000113071d54: 1f00 85c9 | 0f84 fc0c | 0000 488b | bc24 c000 | 0000 4889 

  0x0000000113071d68: ;   {metadata(method data for {method} {0x00000001260b01b8} 'linkToTargetMethod' '(JLjava/lang/Object;)Ljava/lang/Object;' in 'java/lang/invoke/Invokers$Holder')}
  0x0000000113071d68: 7810 48ba | 28c5 a967 | 0100 0000 | 488d 9260 | 0100 0048 | 85c0 750c | f602 0175 | 2ff0 4883 
  0x0000000113071d88: 0a01 eb28 | 8b48 0849 | ba00 0000 | 2601 0000 | 0049 03ca | 4c8b d148 | 330a 48f7 | c1fc ffff 
  0x0000000113071da8: ff74 09f6 | c102 7504 | 4883 0a02 

  0x0000000113071db4: ;   {metadata(method data for {method} {0x0000000167156b78} 'invokeAndWait' '(Ljava/lang/Runnable;Ljava/awt/Component;)V' in 'sun/lwawt/macosx/LWCToolkit')}
  0x0000000113071db4: 48ba c8cb | a967 0100 | 0000 488d | 9220 0100 | 0048 85c0 | 750c f602 | 0175 2ff0 | 4883 0a01 
  0x0000000113071dd4: eb28 8b48 | 0849 ba00 | 0000 2601 | 0000 0049 | 03ca 4c8b | d148 330a | 48f7 c1fc | ffff ff74 
  0x0000000113071df4: 09f6 c102 | 7504 4883 | 0a02 488b | 9424 c800 

  0x0000000113071e04: ;   {metadata(method data for {method} {0x0000000167156b78} 'invokeAndWait' '(Ljava/lang/Runnable;Ljava/awt/Component;)V' in 'sun/lwawt/macosx/LWCToolkit')}
  0x0000000113071e04: 0000 48b9 | c8cb a967 | 0100 0000 | 4883 8130 | 0100 0001 | 488b 9424 | a800 0000 | 488b 8c24 
  0x0000000113071e24: b000 0000 | 4c8b c041 | b901 0000 | 0048 8bb4 | 24c8 0000 | 0066 0f1f 

  0x0000000113071e3c: ;   {optimized virtual_call}
  0x0000000113071e3c: 4400 00e8 

  0x0000000113071e40: ; ImmutableOopMap {[168]=Oop [200]=Oop }
                      ;*invokespecial <init> {reexecute=0 rethrow=0 return_oop=0}
                      ; - sun.lwawt.macosx.LWCToolkit::invokeAndWait@25 (line 726)
  0x0000000113071e40: 9c1b 0000 

  0x0000000113071e44: ;   {other}
  0x0000000113071e44: 0f1f 8400 | 3408 0002 

  0x0000000113071e4c: ;   {metadata(method data for {method} {0x0000000167156b78} 'invokeAndWait' '(Ljava/lang/Runnable;Ljava/awt/Component;)V' in 'sun/lwawt/macosx/LWCToolkit')}
  0x0000000113071e4c: 48be c8cb | a967 0100 | 0000 4883 | 8640 0100 

  0x0000000113071e5c: ;   {metadata(method data for {method} {0x00000001670f00b0} 'targetToAppContext' '(Ljava/lang/Object;)Lsun/awt/AppContext;' in 'sun/awt/SunToolkit')}
  0x0000000113071e5c: 0001 48be | e88a 7367 | 0100 0000 | 8bbe ac00 | 0000 83c7 | 0289 beac | 0000 0081 | e7fe ff1f 
  0x0000000113071e7c: 0085 ff0f | 84f6 0b00 | 0048 8b94 | 24a8 0000 | 0048 85d2 

  0x0000000113071e90: ;   {metadata(method data for {method} {0x00000001670f00b0} 'targetToAppContext' '(Ljava/lang/Object;)Lsun/awt/AppContext;' in 'sun/awt/SunToolkit')}
  0x0000000113071e90: 48be e88a | 7367 0100 | 0000 48c7 | c7f0 0000 | 0075 0748 | c7c7 0001 | 0000 488b | 1c3e 488d 
  0x0000000113071eb0: 5b01 4889 | 1c3e 0f85 | 0f00 0000 

  0x0000000113071ebc: ;   {oop(nullptr)}
  0x0000000113071ebc: 48bf 0000 | 0000 0000 | 0000 e9cb 

  0x0000000113071ec8: ;   {metadata(method data for {method} {0x00000001670f00b0} 'targetToAppContext' '(Ljava/lang/Object;)Lsun/awt/AppContext;' in 'sun/awt/SunToolkit')}
  0x0000000113071ec8: 0200 0048 | bee8 8a73 | 6701 0000 | 0048 8386 | 1001 0000 | 0148 8bf2 | 0f1f 8000 

  0x0000000113071ee4: ;   {static_call}
  0x0000000113071ee4: 0000 00e8 

  0x0000000113071ee8: ; ImmutableOopMap {[168]=Oop [200]=Oop }
                      ;*invokestatic getAppContext {reexecute=0 rethrow=0 return_oop=0}
                      ; - sun.awt.SunToolkit::targetToAppContext@7 (line 379)
                      ; - sun.lwawt.macosx.LWCToolkit::invokeAndWait@31 (line 736)
  0x0000000113071ee8: b489 5d07 

  0x0000000113071eec: ;   {other}
  0x0000000113071eec: 0f1f 8400 | dc08 0003 

  0x0000000113071ef4: ;   {metadata(method data for {method} {0x00000001670f00b0} 'targetToAppContext' '(Ljava/lang/Object;)Lsun/awt/AppContext;' in 'sun/awt/SunToolkit')}
  0x0000000113071ef4: 4885 c048 | bae8 8a73 | 6701 0000 | 0048 c7c6 | 2001 0000 | 7507 48c7 | c630 0100 | 0048 8b3c 
  0x0000000113071f14: 3248 8d7f | 0148 893c | 320f 8570 

  0x0000000113071f20: ;   {oop(a 'java/util/Collections$SynchronizedMap'{0x000000078361e6e0})}
  0x0000000113071f20: 0200 0048 | b8e0 e661 | 8307 0000 | 0048 8bd0 

  0x0000000113071f30: ;   {metadata(method data for {method} {0x00000001670f00b0} 'targetToAppContext' '(Ljava/lang/Object;)Lsun/awt/AppContext;' in 'sun/awt/SunToolkit')}
  0x0000000113071f30: 48be e88a | 7367 0100 | 0000 4883 | 8658 0100 

  0x0000000113071f40: ;   {metadata(method data for {method} {0x00000001261c71f0} 'get' '(Ljava/lang/Object;)Ljava/lang/Object;' in 'java/util/Collections$SynchronizedMap')}
  0x0000000113071f40: 0001 48ba | b88f 7367 | 0100 0000 | 8bb2 ac00 | 0000 83c6 | 0289 b2ac | 0000 0081 | e6fe ff1f 
  0x0000000113071f60: 0085 f60f | 8433 0b00 | 008b 7810 | 48c1 e703 | 488d 9424 | f000 0000 | 4889 7a08 

  0x0000000113071f7c: ; implicit exception: dispatches to 0x0000000113072ac2
  0x0000000113071f7c: 488b 0748 | 83c8 0148 | 8902 f048 | 0fb1 170f | 8412 0000 | 0048 2bc4 | 4825 07f0 | ffff 4889 
  0x0000000113071f9c: 020f 8524 | 0b00 0049 | ff87 4805 | 0000 4889 | bc24 d000 

  0x0000000113071fb0: ;   {oop(a 'java/util/Collections$SynchronizedMap'{0x000000078361e6e0})}
  0x0000000113071fb0: 0000 48ba | e0e6 6183 | 0700 0000 | 8b72 0c48 | c1e6 0348 | 3b06 488b 

  0x0000000113071fc8: ;   {metadata(method data for {method} {0x00000001261c71f0} 'get' '(Ljava/lang/Object;)Ljava/lang/Object;' in 'java/util/Collections$SynchronizedMap')}
  0x0000000113071fc8: d648 bbb8 | 8f73 6701 | 0000 008b | 5208 49ba | 0000 0026 | 0100 0000 | 4903 d248 | 3b93 0001 
  0x0000000113071fe8: 0000 750d | 4883 8308 | 0100 0001 | e960 0000 | 0048 3b93 | 1001 0000 | 750d 4883 | 8318 0100 
  0x0000000113072008: 0001 e94a | 0000 0048 | 83bb 0001 | 0000 0075 | 1748 8993 | 0001 0000 | 48c7 8308 | 0100 0001 
  0x0000000113072028: 0000 00e9 | 2900 0000 | 4883 bb10 | 0100 0000 | 7517 4889 | 9310 0100 | 0048 c783 | 1801 0000 
  0x0000000113072048: 0100 0000 | e908 0000 | 0048 8383 | f000 0000 | 0148 8b94 | 24a8 0000 | 000f 1f40 | 0048 b8ff 
  0x0000000113072068: ffff ffff 

  0x000000011307206c: ;   {virtual_call}
  0x000000011307206c: ffff ffe8 

  0x0000000113072070: ; ImmutableOopMap {[200]=Oop [208]=Oop [248]=Oop }
                      ;*invokeinterface get {reexecute=0 rethrow=0 return_oop=0}
                      ; - java.util.Collections$SynchronizedMap::get@12 (line 2892)
                      ; - sun.awt.SunToolkit::targetToAppContext@19 (line 383)
                      ; - sun.lwawt.macosx.LWCToolkit::invokeAndWait@31 (line 736)
  0x0000000113072070: 0ce6 fa06 

  0x0000000113072074: ;   {other}
  0x0000000113072074: 0f1f 8400 | 640a 0004 | 488b f048 | 8d84 24f0 | 0000 0048 | 8b10 4885 | d20f 840f | 0000 0048 
  0x0000000113072094: 8b78 08f0 | 480f b117 | 0f85 3d0a | 0000 49ff | 8f48 0500 | 0048 85f6 

  0x00000001130720ac: ;   {metadata(method data for {method} {0x00000001670f00b0} 'targetToAppContext' '(Ljava/lang/Object;)Lsun/awt/AppContext;' in 'sun/awt/SunToolkit')}
  0x00000001130720ac: 7516 48bb | e88a 7367 | 0100 0000 | 808b 7101 | 0000 01e9 | cc00 0000 

  0x00000001130720c4: ;   {metadata('sun/awt/AppContext')}
  0x00000001130720c4: 48bf 30fd | 0427 0100 | 0000 8b56 | 0849 ba00 | 0000 2601 | 0000 0049 | 03d2 483b | fa0f 858d 
  0x00000001130720e4: ;   {metadata(method data for {method} {0x00000001670f00b0} 'targetToAppContext' '(Ljava/lang/Object;)Lsun/awt/AppContext;' in 'sun/awt/SunToolkit')}
  0x00000001130720e4: 0000 0048 | bbe8 8a73 | 6701 0000 | 008b 7e08 | 49ba 0000 | 0026 0100 | 0000 4903 | fa48 3bbb 
  0x0000000113072104: 8801 0000 | 750d 4883 | 8390 0100 | 0001 e979 | 0000 0048 | 3bbb 9801 | 0000 750d | 4883 83a0 
  0x0000000113072124: 0100 0001 | e963 0000 | 0048 83bb | 8801 0000 | 0075 1748 | 89bb 8801 | 0000 48c7 | 8390 0100 
  0x0000000113072144: 0001 0000 | 00e9 4200 | 0000 4883 | bb98 0100 | 0000 7517 | 4889 bb98 | 0100 0048 | c783 a001 
  0x0000000113072164: 0000 0100 | 0000 e921 | 0000 00e9 | 1c00 0000 

  0x0000000113072174: ;   {metadata(method data for {method} {0x00000001670f00b0} 'targetToAppContext' '(Ljava/lang/Object;)Lsun/awt/AppContext;' in 'sun/awt/SunToolkit')}
  0x0000000113072174: 48bb e88a | 7367 0100 | 0000 4883 | ab78 0100 | 0001 e96a | 0900 00e9 | 0000 0000 | 488b c648 
  0x0000000113072194: ;   {metadata(method data for {method} {0x0000000167156b78} 'invokeAndWait' '(Ljava/lang/Runnable;Ljava/awt/Component;)V' in 'sun/lwawt/macosx/LWCToolkit')}
  0x0000000113072194: 8bf8 48be | c8cb a967 | 0100 0000 | 4883 8650 | 0100 0001 | 488b f748 | 8b94 24c8 | 0000 0048 
  0x00000001130721b4: 89bc 24d8 | 0000 000f 

  0x00000001130721bc: ;   {static_call}
  0x00000001130721bc: 1f40 00e8 

  0x00000001130721c0: ; ImmutableOopMap {[200]=Oop [216]=Oop }
                      ;*invokestatic postEvent {reexecute=0 rethrow=0 return_oop=0}
                      ; - sun.lwawt.macosx.LWCToolkit::invokeAndWait@40 (line 737)
  0x00000001130721c0: 3c73 c0ff 

  0x00000001130721c4: ;   {other}
  0x00000001130721c4: 0f1f 8400 | b40b 0005 

  0x00000001130721cc: ;   {metadata(method data for {method} {0x0000000167156b78} 'invokeAndWait' '(Ljava/lang/Runnable;Ljava/awt/Component;)V' in 'sun/lwawt/macosx/LWCToolkit')}
  0x00000001130721cc: 48ba c8cb | a967 0100 | 0000 4883 | 8260 0100 

  0x00000001130721dc: ;   {metadata(method data for {method} {0x00000001670f0720} 'flushPendingEvents' '(Lsun/awt/AppContext;)V' in 'sun/awt/SunToolkit')}
  0x00000001130721dc: 0001 48ba | 20f8 7367 | 0100 0000 | 8bb2 ac00 | 0000 83c6 | 0289 b2ac | 0000 0081 | e6fe ff1f 
  0x00000001130721fc: 0085 f60f | 84f9 0800 | 0048 8bbc | 24d8 0000 | 0048 3b07 

  0x0000000113072210: ;   {metadata(method data for {method} {0x00000001670f0720} 'flushPendingEvents' '(Lsun/awt/AppContext;)V' in 'sun/awt/SunToolkit')}
  0x0000000113072210: 488b d748 | be20 f873 | 6701 0000 | 0048 8386 | f000 0000 

  0x0000000113072224: ;   {oop("PostEventQueue"{0x000000078371f700})}
  0x0000000113072224: 0148 ba00 | f771 8307 | 0000 0048 | 8bf7 0f1f 

  0x0000000113072234: ;   {optimized virtual_call}
  0x0000000113072234: 4400 00e8 

  0x0000000113072238: ; ImmutableOopMap {[200]=Oop }
                      ;*invokevirtual get {reexecute=0 rethrow=0 return_oop=0}
                      ; - sun.awt.SunToolkit::flushPendingEvents@3 (line 508)
                      ; - sun.lwawt.macosx.LWCToolkit::invokeAndWait@45 (line 739)
  0x0000000113072238: 64cc 5907 

  0x000000011307223c: ;   {other}
  0x000000011307223c: 0f1f 8400 | 2c0c 0006 | 4885 c075 

  0x0000000113072248: ;   {metadata(method data for {method} {0x00000001670f0720} 'flushPendingEvents' '(Lsun/awt/AppContext;)V' in 'sun/awt/SunToolkit')}
  0x0000000113072248: 1648 be20 | f873 6701 | 0000 0080 | 8e21 0100 | 0001 e9cc 

  0x000000011307225c: ;   {metadata('sun/awt/PostEventQueue')}
  0x000000011307225c: 0000 0048 | bbd0 3605 | 2701 0000 | 008b 7808 | 49ba 0000 | 0026 0100 | 0000 4903 | fa48 3bdf 
  0x000000011307227c: 0f85 8d00 

  0x0000000113072280: ;   {metadata(method data for {method} {0x00000001670f0720} 'flushPendingEvents' '(Lsun/awt/AppContext;)V' in 'sun/awt/SunToolkit')}
  0x0000000113072280: 0000 48be | 20f8 7367 | 0100 0000 | 8b58 0849 | ba00 0000 | 2601 0000 | 0049 03da | 483b 9e38 
  0x00000001130722a0: 0100 0075 | 0d48 8386 | 4001 0000 | 01e9 7900 | 0000 483b | 9e48 0100 | 0075 0d48 | 8386 5001 
  0x00000001130722c0: 0000 01e9 | 6300 0000 | 4883 be38 | 0100 0000 | 7517 4889 | 9e38 0100 | 0048 c786 | 4001 0000 
  0x00000001130722e0: 0100 0000 | e942 0000 | 0048 83be | 4801 0000 | 0075 1748 | 899e 4801 | 0000 48c7 | 8650 0100 
  0x0000000113072300: 0001 0000 | 00e9 2100 | 0000 e91c 

  0x000000011307230c: ;   {metadata(method data for {method} {0x00000001670f0720} 'flushPendingEvents' '(Lsun/awt/AppContext;)V' in 'sun/awt/SunToolkit')}
  0x000000011307230c: 0000 0048 | be20 f873 | 6701 0000 | 0048 83ae | 2801 0000 | 01e9 fe07 | 0000 e900 | 0000 0048 
  0x000000011307232c: 8bf0 4885 

  0x0000000113072330: ;   {metadata(method data for {method} {0x00000001670f0720} 'flushPendingEvents' '(Lsun/awt/AppContext;)V' in 'sun/awt/SunToolkit')}
  0x0000000113072330: f648 bf20 | f873 6701 | 0000 0048 | c7c3 6001 | 0000 7407 | 48c7 c370 | 0100 0048 | 8b04 1f48 
  0x0000000113072350: 8d40 0148 | 8904 1f0f | 8427 0000 | 0048 3b06 

  0x0000000113072360: ;   {metadata(method data for {method} {0x00000001670f0720} 'flushPendingEvents' '(Lsun/awt/AppContext;)V' in 'sun/awt/SunToolkit')}
  0x0000000113072360: 488b fe48 | bb20 f873 | 6701 0000 | 0048 8383 | 9801 0000 

  0x0000000113072374: ;   {optimized virtual_call}
  0x0000000113072374: 0166 90e8 

  0x0000000113072378: ; ImmutableOopMap {[200]=Oop }
                      ;*invokevirtual flush {reexecute=0 rethrow=0 return_oop=0}
                      ; - sun.awt.SunToolkit::flushPendingEvents@15 (line 510)
                      ; - sun.lwawt.macosx.LWCToolkit::invokeAndWait@45 (line 739)
  0x0000000113072378: 6433 f4ff 

  0x000000011307237c: ;   {other}
  0x000000011307237c: 0f1f 8400 | 6c0d 0007 | 488b 8424 | c000 0000 

  0x000000011307238c: ;   {metadata(method data for {method} {0x0000000167156b78} 'invokeAndWait' '(Ljava/lang/Runnable;Ljava/awt/Component;)V' in 'sun/lwawt/macosx/LWCToolkit')}
  0x000000011307238c: 48be c8cb | a967 0100 | 0000 4883 | 8670 0100 

  0x000000011307239c: ;   {metadata(method data for {method} {0x0000000167157ad8} 'doAWTRunLoop' '(JZ)V' in 'sun/lwawt/macosx/LWCToolkit')}
  0x000000011307239c: 0001 48be | 20fe a967 | 0100 0000 | 8b96 ac00 | 0000 83c2 | 0289 96ac | 0000 0081 | e2fe ff1f 
  0x00000001130723bc: 0085 d20f | 846d 0700 

  0x00000001130723c4: ;   {metadata(method data for {method} {0x0000000167157ad8} 'doAWTRunLoop' '(JZ)V' in 'sun/lwawt/macosx/LWCToolkit')}
  0x00000001130723c4: 0048 be20 | fea9 6701 | 0000 0048 | 8386 f000 | 0000 0148 | 8bf0 ba00 | 0000 00b9 | 0100 0000 
  0x00000001130723e4: ;   {static_call}
  0x00000001130723e4: 6666 90e8 

  0x00000001130723e8: ; ImmutableOopMap {[200]=Oop }
                      ;*invokestatic doAWTRunLoopImpl {reexecute=0 rethrow=0 return_oop=0}
                      ; - sun.lwawt.macosx.LWCToolkit::doAWTRunLoop@5 (line 938)
                      ; - sun.lwawt.macosx.LWCToolkit::invokeAndWait@50 (line 740)
  0x00000001130723e8: 54b0 7907 

  0x00000001130723ec: ;   {other}
  0x00000001130723ec: 0f1f 8400 | dc0d 0008 

  0x00000001130723f4: ;   {metadata(method data for {method} {0x0000000167156b78} 'invokeAndWait' '(Ljava/lang/Runnable;Ljava/awt/Component;)V' in 'sun/lwawt/macosx/LWCToolkit')}
  0x00000001130723f4: 48be c8cb | a967 0100 | 0000 4883 | 8680 0100 

  0x0000000113072404: ;   {metadata(method data for {method} {0x0000000167156d58} 'checkException' '(Ljava/awt/event/InvocationEvent;)V' in 'sun/lwawt/macosx/LWCToolkit')}
  0x0000000113072404: 0001 48be | 70ff a967 | 0100 0000 | 8bbe ac00 | 0000 83c7 | 0289 beac | 0000 0081 | e7fe ff1f 
  0x0000000113072424: 0085 ff0f | 8426 0700 | 0048 8b84 | 24c8 0000 

  0x0000000113072434: ;   {metadata(method data for {method} {0x0000000167156d58} 'checkException' '(Ljava/awt/event/InvocationEvent;)V' in 'sun/lwawt/macosx/LWCToolkit')}
  0x0000000113072434: 0048 be70 | ffa9 6701 | 0000 008b | 4008 49ba | 0000 0026 | 0100 0000 | 4903 c248 | 3b86 0001 
  0x0000000113072454: 0000 750d | 4883 8608 | 0100 0001 | e960 0000 | 0048 3b86 | 1001 0000 | 750d 4883 | 8618 0100 
  0x0000000113072474: 0001 e94a | 0000 0048 | 83be 0001 | 0000 0075 | 1748 8986 | 0001 0000 | 48c7 8608 | 0100 0001 
  0x0000000113072494: 0000 00e9 | 2900 0000 | 4883 be10 | 0100 0000 | 7517 4889 | 8610 0100 | 0048 c786 | 1801 0000 
  0x00000001130724b4: 0100 0000 | e908 0000 | 0048 8386 | f000 0000 

  0x00000001130724c4: ;   {metadata(method data for {method} {0x00000001673c72a8} 'getException' '()Ljava/lang/Exception;' in 'java/awt/event/InvocationEvent')}
  0x00000001130724c4: 0148 bed0 | 01aa 6701 | 0000 008b | beac 0000 | 0083 c702 | 89be ac00 | 0000 81e7 | feff 1f00 
  0x00000001130724e4: 85ff 0f84 | 8806 0000 | 488b 8424 | c800 0000 | 0fbe 7029 

  0x00000001130724f8: ;   {metadata(method data for {method} {0x00000001673c72a8} 'getException' '()Ljava/lang/Exception;' in 'java/awt/event/InvocationEvent')}
  0x00000001130724f8: 85f6 48be | d001 aa67 | 0100 0000 | 48c7 c7f0 | 0000 0074 | 0748 c7c7 | 0001 0000 | 488b 1c3e 
  0x0000000113072518: 488d 5b01 | 4889 1c3e | 0f84 1c00 | 0000 8b70 | 3848 c1e6 

  0x000000011307252c: ;   {metadata(method data for {method} {0x00000001673c72a8} 'getException' '()Ljava/lang/Exception;' in 'java/awt/event/InvocationEvent')}
  0x000000011307252c: 0348 bfd0 | 01aa 6701 | 0000 00ff | 8710 0100 | 00e9 0a00 

  0x0000000113072540: ;   {oop(nullptr)}
  0x0000000113072540: 0000 48be | 0000 0000 | 0000 0000 

  0x000000011307254c: ;   {metadata(method data for {method} {0x0000000167156d58} 'checkException' '(Ljava/awt/event/InvocationEvent;)V' in 'sun/lwawt/macosx/LWCToolkit')}
  0x000000011307254c: 4885 f648 | bf70 ffa9 | 6701 0000 | 0048 c7c3 | 3801 0000 | 7407 48c7 | c328 0100 | 0048 8b04 
  0x000000011307256c: 1f48 8d40 | 0148 8904 | 1f0f 844f | 0100 0048 | 85f6 7516 

  0x0000000113072580: ;   {metadata(method data for {method} {0x0000000167156d58} 'checkException' '(Ljava/awt/event/InvocationEvent;)V' in 'sun/lwawt/macosx/LWCToolkit')}
  0x0000000113072580: 48ba 70ff | a967 0100 | 0000 808a | 4101 0000 | 01e9 f500 | 0000 6690 

  0x0000000113072598: ;   {no_reloc}
  0x0000000113072598: e907 0600 | 0000 0000 | 0000 8b56 | 0849 ba00 | 0000 2601 | 0000 0049 | 03d2 483b | d00f 8427 
  0x00000001130725b8: 0000 008b | 5814 483b | 041a 0f84 | 1a00 0000 | 83fb 200f | 859e 0000 

  0x00000001130725d0: ;   {runtime_call slow_subtype_check Runtime1 stub}
  0x00000001130725d0: 0052 50e8 | a81f 0707 | 5a58 85c0 | 0f84 8d00 

  0x00000001130725e0: ;   {metadata(method data for {method} {0x0000000167156d58} 'checkException' '(Ljava/awt/event/InvocationEvent;)V' in 'sun/lwawt/macosx/LWCToolkit')}
  0x00000001130725e0: 0000 48ba | 70ff a967 | 0100 0000 | 8b46 0849 | ba00 0000 | 2601 0000 | 0049 03c2 | 483b 8258 
  0x0000000113072600: 0100 0075 | 0d48 8382 | 6001 0000 | 01e9 7e00 | 0000 483b | 8268 0100 | 0075 0d48 | 8382 7001 
  0x0000000113072620: 0000 01e9 | 6800 0000 | 4883 ba58 | 0100 0000 | 7517 4889 | 8258 0100 | 0048 c782 | 6001 0000 
  0x0000000113072640: 0100 0000 | e947 0000 | 0048 83ba | 6801 0000 | 0075 1748 | 8982 6801 | 0000 48c7 | 8270 0100 
  0x0000000113072660: 0001 0000 | 00e9 2600 | 0000 e921 

  0x000000011307266c: ;   {metadata(method data for {method} {0x0000000167156d58} 'checkException' '(Ljava/awt/event/InvocationEvent;)V' in 'sun/lwawt/macosx/LWCToolkit')}
  0x000000011307266c: 0000 0048 | ba70 ffa9 | 6701 0000 | 0048 83aa | 4801 0000 | 01e9 0500 | 0000 e905 | 0000 0048 
  0x000000011307268c: 33ff eb07 | 48c7 c701 | 0000 0085 

  0x0000000113072698: ;   {metadata(method data for {method} {0x0000000167156d58} 'checkException' '(Ljava/awt/event/InvocationEvent;)V' in 'sun/lwawt/macosx/LWCToolkit')}
  0x0000000113072698: ff48 bf70 | ffa9 6701 | 0000 0048 | c7c3 8001 | 0000 7407 | 48c7 c390 | 0100 0048 | 8b04 1f48 
  0x00000001130726b8: 8d40 0148 | 8904 1f0f | 8452 0100 | 00e9 1600 | 0000 4881 | c410 0100 

  0x00000001130726d0: ;   {poll_return}
  0x00000001130726d0: 005d 493b | a748 0400 | 000f 87cf | 0400 00c3 | 4885 f675 

  0x00000001130726e4: ;   {metadata(method data for {method} {0x0000000167156d58} 'checkException' '(Ljava/awt/event/InvocationEvent;)V' in 'sun/lwawt/macosx/LWCToolkit')}
  0x00000001130726e4: 1648 ba70 | ffa9 6701 | 0000 0080 | 8a99 0100 | 0001 e9f8 | 0000 000f | 1f44 0000 

  0x0000000113072700: ;   {no_reloc}
  0x0000000113072700: e9ce 0400 | 0000 0000 | 0000 8b56 | 0849 ba00 | 0000 2601 | 0000 0049 | 03d2 483b | d00f 8427 
  0x0000000113072720: 0000 008b | 5814 483b | 041a 0f84 | 1a00 0000 | 83fb 200f | 859e 0000 

  0x0000000113072738: ;   {runtime_call slow_subtype_check Runtime1 stub}
  0x0000000113072738: 0052 50e8 | 401e 0707 | 5a58 85c0 | 0f84 8d00 

  0x0000000113072748: ;   {metadata(method data for {method} {0x0000000167156d58} 'checkException' '(Ljava/awt/event/InvocationEvent;)V' in 'sun/lwawt/macosx/LWCToolkit')}
  0x0000000113072748: 0000 48ba | 70ff a967 | 0100 0000 | 8b46 0849 | ba00 0000 | 2601 0000 | 0049 03c2 | 483b 82b0 
  0x0000000113072768: 0100 0075 | 0d48 8382 | b801 0000 | 01e9 7900 | 0000 483b | 82c0 0100 | 0075 0d48 | 8382 c801 
  0x0000000113072788: 0000 01e9 | 6300 0000 | 4883 bab0 | 0100 0000 | 7517 4889 | 82b0 0100 | 0048 c782 | b801 0000 
  0x00000001130727a8: 0100 0000 | e942 0000 | 0048 83ba | c001 0000 | 0075 1748 | 8982 c001 | 0000 48c7 | 82c8 0100 
  0x00000001130727c8: 0001 0000 | 00e9 2100 | 0000 e91c 

  0x00000001130727d4: ;   {metadata(method data for {method} {0x0000000167156d58} 'checkException' '(Ljava/awt/event/InvocationEvent;)V' in 'sun/lwawt/macosx/LWCToolkit')}
  0x00000001130727d4: 0000 0048 | ba70 ffa9 | 6701 0000 | 0048 83aa | a001 0000 | 01e9 ef03 | 0000 e900 | 0000 0048 
  0x00000001130727f4: 8bfe 488b | f70f 1f40 | 0048 b8ff | ffff ffff 

  0x0000000113072804: ;   {virtual_call}
  0x0000000113072804: ffff ffe8 

  0x0000000113072808: ; ImmutableOopMap {}
                      ;*invokevirtual getUndeclaredThrowable {reexecute=0 rethrow=0 return_oop=0}
                      ; - sun.lwawt.macosx.LWCToolkit::checkException@21 (line 771)
                      ; - sun.lwawt.macosx.LWCToolkit::invokeAndWait@55 (line 742)
  0x0000000113072808: 74de fa06 

  0x000000011307280c: ;   {other}
  0x000000011307280c: 0f1f 8400 | fc11 0009 | 488b f090 

  0x0000000113072818: ;   {no_reloc}
  0x0000000113072818: e9d8 0300 | 0000 0000 | 0000 e9d8 | 0300 0048 

  0x0000000113072828: ;   {metadata(method data for {method} {0x0000000167156d58} 'checkException' '(Ljava/awt/event/InvocationEvent;)V' in 'sun/lwawt/macosx/LWCToolkit')}
  0x0000000113072828: 8bd0 48bf | 70ff a967 | 0100 0000 | 4883 8710 | 0200 0001 | 488b d648 | 8bf0 4889 | 8424 e000 
  0x0000000113072848: 0000 0f1f 

  0x000000011307284c: ;   {optimized virtual_call}
  0x000000011307284c: 4400 00e8 

  0x0000000113072850: ; ImmutableOopMap {[224]=Oop }
                      ;*invokespecial <init> {reexecute=0 rethrow=0 return_oop=0}
                      ; - sun.lwawt.macosx.LWCToolkit::checkException@30 (line 773)
                      ; - sun.lwawt.macosx.LWCToolkit::invokeAndWait@55 (line 742)
  0x0000000113072850: 2cdb fa06 

  0x0000000113072854: ;   {other}
  0x0000000113072854: 0f1f 8400 | 4412 000a | 488b 8424 | e000 0000 | e9fc 0300 | 000f 1f80 | 0000 0000 

  0x0000000113072870: ;   {no_reloc}
  0x0000000113072870: e9a6 0300 | 0000 0000 | 0000 498b | 87b8 0100 | 0048 8d78 | 3049 3bbf | c801 0000 | 0f87 9303 
  0x0000000113072890: 0000 4989 | bfb8 0100 | 0048 c700 | 0100 0000 | 488b ca49 | ba00 0000 | 2601 0000 | 0049 2bca 
  0x00000001130728b0: 8948 0848 | 33c9 8948 | 0c48 33c9 | 4889 4810 | 4889 4818 | 4889 4820 | 4889 4828 

  0x00000001130728cc: ;   {metadata(method data for {method} {0x00000001260570a8} 'requireNonNull' '(Ljava/lang/Object;Ljava/lang/String;)Ljava/lang/Object;' in 'java/util/Objects')}
  0x00000001130728cc: 488b d048 | be20 9e0a | 6701 0000 | 0048 8386 | 1001 0000 

  0x00000001130728e0: ;   {oop("Null component provided to invokeAndWait"{0x00000007835a4b78})}
  0x00000001130728e0: 0148 ba78 | 4b5a 8307 | 0000 0048 | 8bf0 4889 | 8424 e800 

  0x00000001130728f4: ;   {optimized virtual_call}
  0x00000001130728f4: 0000 90e8 

  0x00000001130728f8: ; ImmutableOopMap {[168]=Oop [176]=Oop [232]=Oop }
                      ;*invokespecial <init> {reexecute=0 rethrow=0 return_oop=0}
                      ; - java.util.Objects::requireNonNull@9 (line 259)
                      ; - sun.lwawt.macosx.LWCToolkit::invokeAndWait@4 (line 723)
  0x00000001130728f8: 84da fa06 

  0x00000001130728fc: ;   {other}
  0x00000001130728fc: 0f1f 8400 | ec12 000b | 488b 8424 | e800 0000 | e954 0300 | 0049 8b87 | f804 0000 | 4d33 d24d 
  0x000000011307291c: 8997 f804 | 0000 4d33 | d24d 8997 | 0005 0000 | 488b f048 | 8d84 24f0 | 0000 0048 | 8b38 4885 
  0x000000011307293c: ff0f 840f | 0000 0048 | 8b58 08f0 | 480f b13b | 0f85 e002 | 0000 49ff | 8f48 0500 | 0048 8bc6 
  0x000000011307295c: e904 0300 

  0x0000000113072960: ;   {metadata({method} {0x0000000167156b78} 'invokeAndWait' '(Ljava/lang/Runnable;Ljava/awt/Component;)V' in 'sun/lwawt/macosx/LWCToolkit')}
  0x0000000113072960: 0049 ba78 | 6b15 6701 | 0000 004c | 8954 2408 | 48c7 0424 | ffff ffff 

  0x0000000113072978: ;   {runtime_call counter_overflow Runtime1 stub}
  0x0000000113072978: e803 5007 

  0x000000011307297c: ; ImmutableOopMap {rsi=Oop rdx=Oop [168]=Oop [176]=Oop }
                      ;*synchronization entry
                      ; - sun.lwawt.macosx.LWCToolkit::invokeAndWait@-1 (line 723)
  0x000000011307297c: 07e9 34f0 

  0x0000000113072980: ;   {metadata({method} {0x00000001260570a8} 'requireNonNull' '(Ljava/lang/Object;Ljava/lang/String;)Ljava/lang/Object;' in 'java/util/Objects')}
  0x0000000113072980: ffff 49ba | a870 0526 | 0100 0000 | 4c89 5424 | 0848 c704 | 24ff ffff 

  0x0000000113072998: ;   {runtime_call counter_overflow Runtime1 stub}
  0x0000000113072998: ffe8 e24f 

  0x000000011307299c: ; ImmutableOopMap {rsi=Oop rdx=Oop [168]=Oop [176]=Oop }
                      ;*synchronization entry
                      ; - java.util.Objects::requireNonNull@-1 (line 258)
                      ; - sun.lwawt.macosx.LWCToolkit::invokeAndWait@4 (line 723)
  0x000000011307299c: 0707 e94c | f0ff ff48 

  0x00000001130729a4: ;   {runtime_call fast_new_instance Runtime1 stub}
  0x00000001130729a4: 8bd2 e8d5 

  0x00000001130729a8: ; ImmutableOopMap {[168]=Oop [176]=Oop }
                      ;*new {reexecute=0 rethrow=0 return_oop=0}
                      ; - sun.lwawt.macosx.LWCToolkit::invokeAndWait@12 (line 726)
  0x00000001130729a8: fa06 07e9 | f9f0 ffff 

  0x00000001130729b0: ;   {metadata({method} {0x00000001260b01b8} 'linkToTargetMethod' '(JLjava/lang/Object;)Ljava/lang/Object;' in 'java/lang/invoke/Invokers$Holder')}
  0x00000001130729b0: 49ba b801 | 0b26 0100 | 0000 4c89 | 5424 0848 | c704 24ff 

  0x00000001130729c4: ;   {runtime_call counter_overflow Runtime1 stub}
  0x00000001130729c4: ffff ffe8 

  0x00000001130729c8: ; ImmutableOopMap {rax=Oop rdi=Oop [168]=Oop [176]=Oop [200]=Oop }
                      ;*synchronization entry
                      ; - java.lang.invoke.Invokers$Holder::linkToTargetMethod@-1
                      ; - sun.lwawt.macosx.LWCToolkit::invokeAndWait@19 (line 726)
  0x00000001130729c8: b44f 0707 | e943 f1ff 

  0x00000001130729d0: ;   {metadata({method} {0x000000016745e2a0} 'newInvokeSpecial' '(Ljava/lang/Object;J)Ljava/lang/Object;' in 'java/lang/invoke/LambdaForm$DMH+0x000000012709a000')}
  0x00000001130729d0: ff49 baa0 | e245 6701 | 0000 004c | 8954 2408 | 48c7 0424 | ffff ffff 

  0x00000001130729e8: ;   {runtime_call counter_overflow Runtime1 stub}
  0x00000001130729e8: e893 4f07 

  0x00000001130729ec: ; ImmutableOopMap {rax=Oop rdi=Oop [168]=Oop [176]=Oop [200]=Oop }
                      ;*synchronization entry
                      ; - java.lang.invoke.LambdaForm$DMH/0x000000012709a000::newInvokeSpecial@-1
                      ; - java.lang.invoke.Invokers$Holder::linkToTargetMethod@5
                      ; - sun.lwawt.macosx.LWCToolkit::invokeAndWait@19 (line 726)
  0x00000001130729ec: 07e9 7bf1 

  0x00000001130729f0: ;   {metadata({method} {0x00000001260a2f58} 'allocateInstance' '(Ljava/lang/Object;)Ljava/lang/Object;' in 'java/lang/invoke/DirectMethodHandle')}
  0x00000001130729f0: ffff 49ba | 582f 0a26 | 0100 0000 | 4c89 5424 | 0848 c704 | 24ff ffff 

  0x0000000113072a08: ;   {runtime_call counter_overflow Runtime1 stub}
  0x0000000113072a08: ffe8 724f 

  0x0000000113072a0c: ; ImmutableOopMap {rax=Oop rdi=Oop [168]=Oop [176]=Oop [200]=Oop }
                      ;*synchronization entry
                      ; - java.lang.invoke.DirectMethodHandle::allocateInstance@-1 (line 500)
                      ; - java.lang.invoke.LambdaForm$DMH/0x000000012709a000::newInvokeSpecial@1
                      ; - java.lang.invoke.Invokers$Holder::linkToTargetMethod@5
                      ; - sun.lwawt.macosx.LWCToolkit::invokeAndWait@19 (line 726)
  0x0000000113072a0c: 0707 e9b5 

  0x0000000113072a10: ;   {metadata({method} {0x00000001260a3a00} 'constructorMethod' '(Ljava/lang/Object;)Ljava/lang/Object;' in 'java/lang/invoke/DirectMethodHandle')}
  0x0000000113072a10: f1ff ff49 | ba00 3a0a | 2601 0000 | 004c 8954 | 2408 48c7 | 0424 ffff 

  0x0000000113072a28: ;   {runtime_call counter_overflow Runtime1 stub}
  0x0000000113072a28: ffff e851 

  0x0000000113072a2c: ; ImmutableOopMap {rax=Oop [168]=Oop [176]=Oop [200]=Oop }
                      ;*synchronization entry
                      ; - java.lang.invoke.DirectMethodHandle::constructorMethod@-1 (line 494)
                      ; - java.lang.invoke.LambdaForm$DMH/0x000000012709a000::newInvokeSpecial@6
                      ; - java.lang.invoke.Invokers$Holder::linkToTargetMethod@5
                      ; - sun.lwawt.macosx.LWCToolkit::invokeAndWait@19 (line 726)
  0x0000000113072a2c: 4f07 07e9 | 85f2 ffff 

  0x0000000113072a34: ;   {runtime_call throw_null_pointer_exception Runtime1 stub}
  0x0000000113072a34: e8c7 ec06 

  0x0000000113072a38: ; ImmutableOopMap {rax=Oop [168]=Oop [176]=Oop [200]=Oop }
                      ;*invokestatic linkToSpecial {reexecute=0 rethrow=0 return_oop=0}
                      ; - java.lang.invoke.LambdaForm$DMH/0x000000012709a000::newInvokeSpecial@18
                      ; - java.lang.invoke.Invokers$Holder::linkToTargetMethod@5
                      ; - sun.lwawt.macosx.LWCToolkit::invokeAndWait@19 (line 726)
                      ;   {metadata({method} {0x000000016767bf30} '<init>' '(J)V' in 'sun/lwawt/macosx/LWCToolkit$$Lambda+0x00000001270bc340')}
  0x0000000113072a38: 0749 ba30 | bf67 6701 | 0000 004c | 8954 2408 | 48c7 0424 | ffff ffff 

  0x0000000113072a50: ;   {runtime_call counter_overflow Runtime1 stub}
  0x0000000113072a50: e82b 4f07 

  0x0000000113072a54: ; ImmutableOopMap {rax=Oop [168]=Oop [176]=Oop [200]=Oop }
                      ;*synchronization entry
                      ; - sun.lwawt.macosx.LWCToolkit$$Lambda/0x00000001270bc340::<init>@-1
                      ; - java.lang.invoke.LambdaForm$DMH/0x000000012709a000::newInvokeSpecial@18
                      ; - java.lang.invoke.Invokers$Holder::linkToTargetMethod@5
                      ; - sun.lwawt.macosx.LWCToolkit::invokeAndWait@19 (line 726)
  0x0000000113072a54: 07e9 c8f2 

  0x0000000113072a58: ;   {metadata({method} {0x0000000126470008} '<init>' '()V' in 'java/lang/Object')}
  0x0000000113072a58: ffff 49ba | 0800 4726 | 0100 0000 | 4c89 5424 | 0848 c704 | 24ff ffff 

  0x0000000113072a70: ;   {runtime_call counter_overflow Runtime1 stub}
  0x0000000113072a70: ffe8 0a4f 

  0x0000000113072a74: ; ImmutableOopMap {rax=Oop [168]=Oop [176]=Oop [200]=Oop }
                      ;*synchronization entry
                      ; - java.lang.Object::<init>@-1 (line 45)
                      ; - sun.lwawt.macosx.LWCToolkit$$Lambda/0x00000001270bc340::<init>@1
                      ; - java.lang.invoke.LambdaForm$DMH/0x000000012709a000::newInvokeSpecial@18
                      ; - java.lang.invoke.Invokers$Holder::linkToTargetMethod@5
                      ; - sun.lwawt.macosx.LWCToolkit::invokeAndWait@19 (line 726)
  0x0000000113072a74: 0707 e9e3 

  0x0000000113072a78: ;   {metadata({method} {0x00000001670f00b0} 'targetToAppContext' '(Ljava/lang/Object;)Lsun/awt/AppContext;' in 'sun/awt/SunToolkit')}
  0x0000000113072a78: f2ff ff49 | bab0 000f | 6701 0000 | 004c 8954 | 2408 48c7 | 0424 ffff 

  0x0000000113072a90: ;   {runtime_call counter_overflow Runtime1 stub}
  0x0000000113072a90: ffff e8e9 

  0x0000000113072a94: ; ImmutableOopMap {[168]=Oop [200]=Oop }
                      ;*synchronization entry
                      ; - sun.awt.SunToolkit::targetToAppContext@-1 (line 376)
                      ; - sun.lwawt.macosx.LWCToolkit::invokeAndWait@31 (line 736)
  0x0000000113072a94: 4e07 07e9 | e9f3 ffff 

  0x0000000113072a9c: ;   {metadata({method} {0x00000001261c71f0} 'get' '(Ljava/lang/Object;)Ljava/lang/Object;' in 'java/util/Collections$SynchronizedMap')}
  0x0000000113072a9c: 49ba f071 | 1c26 0100 | 0000 4c89 | 5424 0848 | c704 24ff 

  0x0000000113072ab0: ;   {runtime_call counter_overflow Runtime1 stub}
  0x0000000113072ab0: ffff ffe8 

  0x0000000113072ab4: ; ImmutableOopMap {rax=Oop [168]=Oop [200]=Oop }
                      ;*synchronization entry
                      ; - java.util.Collections$SynchronizedMap::get@-1 (line 2892)
                      ; - sun.awt.SunToolkit::targetToAppContext@19 (line 383)
                      ; - sun.lwawt.macosx.LWCToolkit::invokeAndWait@31 (line 736)
  0x0000000113072ab4: c84e 0707 | e9ac f4ff 

  0x0000000113072abc: ;   {runtime_call throw_null_pointer_exception Runtime1 stub}
  0x0000000113072abc: ffe8 3eec 

  0x0000000113072ac0: ; ImmutableOopMap {[168]=Oop [200]=Oop }
                      ;*getfield mutex {reexecute=1 rethrow=0 return_oop=0}
                      ; - (reexecute) java.util.Collections$SynchronizedMap::get@1 (line 2892)
                      ; - sun.awt.SunToolkit::targetToAppContext@19 (line 383)
                      ; - sun.lwawt.macosx.LWCToolkit::invokeAndWait@31 (line 736)
                      ;   {runtime_call throw_null_pointer_exception Runtime1 stub}
  0x0000000113072ac0: 0607 e839 

  0x0000000113072ac4: ; ImmutableOopMap {rdi=Oop [168]=Oop [200]=Oop }
                      ;*monitorenter {reexecute=0 rethrow=0 return_oop=0}
                      ; - java.util.Collections$SynchronizedMap::get@6 (line 2892)
                      ; - sun.awt.SunToolkit::targetToAppContext@19 (line 383)
                      ; - sun.lwawt.macosx.LWCToolkit::invokeAndWait@31 (line 736)
  0x0000000113072ac4: ec06 0748 | 897c 2408 | 4889 1424 

  0x0000000113072ad0: ;   {runtime_call monitorenter_nofpu Runtime1 stub}
  0x0000000113072ad0: e8ab 2007 

  0x0000000113072ad4: ; ImmutableOopMap {rdi=Oop [168]=Oop [200]=Oop [248]=Oop }
                      ;*monitorenter {reexecute=0 rethrow=0 return_oop=0}
                      ; - java.util.Collections$SynchronizedMap::get@6 (line 2892)
                      ; - sun.awt.SunToolkit::targetToAppContext@19 (line 383)
                      ; - sun.lwawt.macosx.LWCToolkit::invokeAndWait@31 (line 736)
  0x0000000113072ad4: 07e9 d0f4 

  0x0000000113072ad8: ;   {runtime_call throw_null_pointer_exception Runtime1 stub}
  0x0000000113072ad8: ffff e821 

  0x0000000113072adc: ; ImmutableOopMap {rsi=Oop [168]=Oop [200]=Oop [208]=Oop [248]=Oop }
                      ;*invokeinterface get {reexecute=0 rethrow=0 return_oop=0}
                      ; - java.util.Collections$SynchronizedMap::get@12 (line 2892)
                      ; - sun.awt.SunToolkit::targetToAppContext@19 (line 383)
                      ; - sun.lwawt.macosx.LWCToolkit::invokeAndWait@31 (line 736)
  0x0000000113072adc: ec06 0748 | 8d84 24f0 | 0000 0048 

  0x0000000113072ae8: ;   {runtime_call monitorexit_nofpu Runtime1 stub}
  0x0000000113072ae8: 8904 24e8 | 9026 0707 | e9b4 f5ff | ff48 8934 

  0x0000000113072af8: ;   {runtime_call throw_class_cast_exception Runtime1 stub}
  0x0000000113072af8: 24e8 8214 

  0x0000000113072afc: ; ImmutableOopMap {[200]=Oop }
                      ;*checkcast {reexecute=0 rethrow=0 return_oop=0}
                      ; - sun.awt.SunToolkit::targetToAppContext@24 (line 383)
                      ; - sun.lwawt.macosx.LWCToolkit::invokeAndWait@31 (line 736)
                      ;   {metadata({method} {0x00000001670f0720} 'flushPendingEvents' '(Lsun/awt/AppContext;)V' in 'sun/awt/SunToolkit')}
  0x0000000113072afc: 0707 49ba | 2007 0f67 | 0100 0000 | 4c89 5424 | 0848 c704 | 24ff ffff 

  0x0000000113072b14: ;   {runtime_call counter_overflow Runtime1 stub}
  0x0000000113072b14: ffe8 664e 

  0x0000000113072b18: ; ImmutableOopMap {[200]=Oop [216]=Oop }
                      ;*synchronization entry
                      ; - sun.awt.SunToolkit::flushPendingEvents@-1 (line 507)
                      ; - sun.lwawt.macosx.LWCToolkit::invokeAndWait@45 (line 739)
  0x0000000113072b18: 0707 e9e6 

  0x0000000113072b1c: ;   {runtime_call throw_null_pointer_exception Runtime1 stub}
  0x0000000113072b1c: f6ff ffe8 

  0x0000000113072b20: ; ImmutableOopMap {rdi=Oop [200]=Oop }
                      ;*invokevirtual get {reexecute=0 rethrow=0 return_oop=0}
                      ; - sun.awt.SunToolkit::flushPendingEvents@3 (line 508)
                      ; - sun.lwawt.macosx.LWCToolkit::invokeAndWait@45 (line 739)
  0x0000000113072b20: dceb 0607 | 4889 0424 

  0x0000000113072b28: ;   {runtime_call throw_class_cast_exception Runtime1 stub}
  0x0000000113072b28: e853 1407 

  0x0000000113072b2c: ; ImmutableOopMap {[200]=Oop }
                      ;*checkcast {reexecute=0 rethrow=0 return_oop=0}
                      ; - sun.awt.SunToolkit::flushPendingEvents@6 (line 508)
                      ; - sun.lwawt.macosx.LWCToolkit::invokeAndWait@45 (line 739)
                      ;   {runtime_call throw_null_pointer_exception Runtime1 stub}
  0x0000000113072b2c: 07e8 ceeb 

  0x0000000113072b30: ; ImmutableOopMap {rsi=Oop [200]=Oop }
                      ;*invokevirtual flush {reexecute=0 rethrow=0 return_oop=0}
                      ; - sun.awt.SunToolkit::flushPendingEvents@15 (line 510)
                      ; - sun.lwawt.macosx.LWCToolkit::invokeAndWait@45 (line 739)
                      ;   {metadata({method} {0x0000000167157ad8} 'doAWTRunLoop' '(JZ)V' in 'sun/lwawt/macosx/LWCToolkit')}
  0x0000000113072b30: 0607 49ba | d87a 1567 | 0100 0000 | 4c89 5424 | 0848 c704 | 24ff ffff 

  0x0000000113072b48: ;   {runtime_call counter_overflow Runtime1 stub}
  0x0000000113072b48: ffe8 324e 

  0x0000000113072b4c: ; ImmutableOopMap {[200]=Oop }
                      ;*synchronization entry
                      ; - sun.lwawt.macosx.LWCToolkit::doAWTRunLoop@-1 (line 938)
                      ; - sun.lwawt.macosx.LWCToolkit::invokeAndWait@50 (line 740)
  0x0000000113072b4c: 0707 e972 

  0x0000000113072b50: ;   {metadata({method} {0x0000000167156d58} 'checkException' '(Ljava/awt/event/InvocationEvent;)V' in 'sun/lwawt/macosx/LWCToolkit')}
  0x0000000113072b50: f8ff ff49 | ba58 6d15 | 6701 0000 | 004c 8954 | 2408 48c7 | 0424 ffff 

  0x0000000113072b68: ;   {runtime_call counter_overflow Runtime1 stub}
  0x0000000113072b68: ffff e811 

  0x0000000113072b6c: ; ImmutableOopMap {[200]=Oop }
                      ;*synchronization entry
                      ; - sun.lwawt.macosx.LWCToolkit::checkException@-1 (line 767)
                      ; - sun.lwawt.macosx.LWCToolkit::invokeAndWait@55 (line 742)
  0x0000000113072b6c: 4e07 07e9 | b9f8 ffff 

  0x0000000113072b74: ;   {metadata({method} {0x00000001673c72a8} 'getException' '()Ljava/lang/Exception;' in 'java/awt/event/InvocationEvent')}
  0x0000000113072b74: 49ba a872 | 3c67 0100 | 0000 4c89 | 5424 0848 | c704 24ff 

  0x0000000113072b88: ;   {runtime_call counter_overflow Runtime1 stub}
  0x0000000113072b88: ffff ffe8 

  0x0000000113072b8c: ; ImmutableOopMap {[200]=Oop }
                      ;*synchronization entry
                      ; - java.awt.event.InvocationEvent::getException@-1 (line 334)
                      ; - sun.lwawt.macosx.LWCToolkit::checkException@1 (line 767)
                      ; - sun.lwawt.macosx.LWCToolkit::invokeAndWait@55 (line 742)
  0x0000000113072b8c: f04d 0707 | e957 f9ff 

  0x0000000113072b94: ;   {metadata(nullptr)}
  0x0000000113072b94: ff48 b800 | 0000 0000 | 0000 00b8 | 000f 050a 

  0x0000000113072ba4: ;   {runtime_call load_klass_patching Runtime1 stub}
  0x0000000113072ba4: e857 3507 

  0x0000000113072ba8: ; ImmutableOopMap {rsi=Oop }
                      ;*instanceof {reexecute=1 rethrow=0 return_oop=0}
                      ; - (reexecute) sun.lwawt.macosx.LWCToolkit::checkException@11 (line 770)
                      ; - sun.lwawt.macosx.LWCToolkit::invokeAndWait@55 (line 742)
  0x0000000113072ba8: 07e9 eaf9 

  0x0000000113072bac: ;   {internal_word}
  0x0000000113072bac: ffff 49ba | d226 0713 | 0100 0000 | 4d89 9760 

  0x0000000113072bbc: ;   {runtime_call SafepointBlob}
  0x0000000113072bbc: 0400 00e9 | bc3f fb06 

  0x0000000113072bc4: ;   {metadata(nullptr)}
  0x0000000113072bc4: 48b8 0000 | 0000 0000 | 0000 b800 

  0x0000000113072bd0: ;   {runtime_call load_klass_patching Runtime1 stub}
  0x0000000113072bd0: 0f05 0ae8 

  0x0000000113072bd4: ; ImmutableOopMap {rsi=Oop }
                      ;*checkcast {reexecute=1 rethrow=0 return_oop=0}
                      ; - (reexecute) sun.lwawt.macosx.LWCToolkit::checkException@18 (line 771)
                      ; - sun.lwawt.macosx.LWCToolkit::invokeAndWait@55 (line 742)
  0x0000000113072bd4: 2835 0707 | e923 fbff | ff48 8934 

  0x0000000113072be0: ;   {runtime_call throw_class_cast_exception Runtime1 stub}
  0x0000000113072be0: 24e8 9a13 

  0x0000000113072be4: ; ImmutableOopMap {rsi=Oop }
                      ;*checkcast {reexecute=0 rethrow=0 return_oop=0}
                      ; - sun.lwawt.macosx.LWCToolkit::checkException@18 (line 771)
                      ; - sun.lwawt.macosx.LWCToolkit::invokeAndWait@55 (line 742)
                      ;   {metadata(nullptr)}
  0x0000000113072be4: 0707 48ba | 0000 0000 | 0000 0000 | b800 0f05 

  0x0000000113072bf4: ;   {runtime_call load_klass_patching Runtime1 stub}
  0x0000000113072bf4: 0ae8 0635 

  0x0000000113072bf8: ; ImmutableOopMap {rsi=Oop }
                      ;*new {reexecute=1 rethrow=0 return_oop=0}
                      ; - (reexecute) sun.lwawt.macosx.LWCToolkit::checkException@25 (line 773)
                      ; - sun.lwawt.macosx.LWCToolkit::invokeAndWait@55 (line 742)
  0x0000000113072bf8: 0707 e919 | fcff ff48 

  0x0000000113072c00: ;   {runtime_call new_instance Runtime1 stub}
  0x0000000113072c00: 8bd2 e8f9 

  0x0000000113072c04: ; ImmutableOopMap {rsi=Oop }
                      ;*new {reexecute=0 rethrow=0 return_oop=0}
                      ; - sun.lwawt.macosx.LWCToolkit::checkException@25 (line 773)
                      ; - sun.lwawt.macosx.LWCToolkit::invokeAndWait@55 (line 742)
  0x0000000113072c04: f006 07e9 | 1bfc ffff 

  0x0000000113072c0c: ;   {metadata(nullptr)}
  0x0000000113072c0c: 48ba 0000 | 0000 0000 | 0000 b800 

  0x0000000113072c18: ;   {runtime_call load_klass_patching Runtime1 stub}
  0x0000000113072c18: 0f05 0ae8 

  0x0000000113072c1c: ; ImmutableOopMap {[168]=Oop [176]=Oop }
                      ;*new {reexecute=1 rethrow=0 return_oop=0}
                      ; - (reexecute) java.util.Objects::requireNonNull@4 (line 259)
                      ; - sun.lwawt.macosx.LWCToolkit::invokeAndWait@4 (line 723)
  0x0000000113072c1c: e034 0707 | e94b fcff | ff48 8bd2 

  0x0000000113072c28: ;   {runtime_call fast_new_instance Runtime1 stub}
  0x0000000113072c28: e853 f806 

  0x0000000113072c2c: ; ImmutableOopMap {[168]=Oop [176]=Oop }
                      ;*new {reexecute=0 rethrow=0 return_oop=0}
                      ; - java.util.Objects::requireNonNull@4 (line 259)
                      ; - sun.lwawt.macosx.LWCToolkit::invokeAndWait@4 (line 723)
  0x0000000113072c2c: 07e9 9afc | ffff 488d | 8424 f000 | 0000 4889 

  0x0000000113072c3c: ;   {runtime_call monitorexit_nofpu Runtime1 stub}
  0x0000000113072c3c: 0424 e83d | 2507 07e9 | 11fd ffff | 498b 87f8 | 0400 0049 | c787 f804 | 0000 0000 | 0000 49c7 
  0x0000000113072c5c: 8700 0500 | 0000 0000 | 0048 81c4 | 1001 0000 

  0x0000000113072c6c: ;   {runtime_call unwind_exception Runtime1 stub}
  0x0000000113072c6c: 5de9 8edb | 0607 f4f4 | f4f4 f4f4 
[Stub Code]
  0x0000000113072c78: ;   {no_reloc}
  0x0000000113072c78: 0f1f 4400 

  0x0000000113072c7c: ;   {static_stub}
  0x0000000113072c7c: 0048 bb00 | 0000 0000 

  0x0000000113072c84: ;   {runtime_call nmethod}
  0x0000000113072c84: 0000 00e9 | fbff ffff 

  0x0000000113072c8c: ;   {static_stub}
  0x0000000113072c8c: 9048 bb00 | 0000 0000 

  0x0000000113072c94: ;   {runtime_call nmethod}
  0x0000000113072c94: 0000 00e9 | fbff ffff 

  0x0000000113072c9c: ;   {static_stub}
  0x0000000113072c9c: 9048 bb00 | 0000 0000 

  0x0000000113072ca4: ;   {runtime_call nmethod}
  0x0000000113072ca4: 0000 00e9 | fbff ffff 

  0x0000000113072cac: ;   {static_stub}
  0x0000000113072cac: 9048 bb00 | 0000 0000 

  0x0000000113072cb4: ;   {runtime_call nmethod}
  0x0000000113072cb4: 0000 00e9 | fbff ffff 

  0x0000000113072cbc: ;   {static_stub}
  0x0000000113072cbc: 48bb 0000 | 0000 0000 

  0x0000000113072cc4: ;   {runtime_call nmethod}
  0x0000000113072cc4: 0000 e9fb 

  0x0000000113072cc8: ;   {static_stub}
  0x0000000113072cc8: ffff ff48 | bb00 0000 | 0000 0000 

  0x0000000113072cd4: ;   {runtime_call nmethod}
  0x0000000113072cd4: 00e9 fbff 

  0x0000000113072cd8: ;   {static_stub}
  0x0000000113072cd8: ffff 48bb | 0000 0000 | 0000 0000 

  0x0000000113072ce4: ;   {runtime_call nmethod}
  0x0000000113072ce4: e9fb ffff 

  0x0000000113072ce8: ;   {static_stub}
  0x0000000113072ce8: ff48 bb00 | 0000 0000 

  0x0000000113072cf0: ;   {runtime_call nmethod}
  0x0000000113072cf0: 0000 00e9 | fbff ffff 

  0x0000000113072cf8: ;   {static_stub}
  0x0000000113072cf8: 48bb 0000 | 0000 0000 

  0x0000000113072d00: ;   {runtime_call nmethod}
  0x0000000113072d00: 0000 e9fb 

  0x0000000113072d04: ;   {static_stub}
  0x0000000113072d04: ffff ff48 | bb00 0000 | 0000 0000 

  0x0000000113072d10: ;   {runtime_call nmethod}
  0x0000000113072d10: 00e9 fbff 

  0x0000000113072d14: ;   {static_stub}
  0x0000000113072d14: ffff 48bb | 0000 0000 | 0000 0000 

  0x0000000113072d20: ;   {runtime_call nmethod}
  0x0000000113072d20: e9fb ffff 

  0x0000000113072d24: ;   {static_stub}
  0x0000000113072d24: ff48 bb00 | 0000 0000 

  0x0000000113072d2c: ;   {runtime_call nmethod}
  0x0000000113072d2c: 0000 00e9 | fbff ffff 
[Exception Handler]
  0x0000000113072d34: ;   {runtime_call handle_exception_from_callee Runtime1 stub}
  0x0000000113072d34: e847 0c07 

  0x0000000113072d38: ;   {external_word}
  0x0000000113072d38: 0748 bf0d | 4d05 0d01 | 0000 0048 

  0x0000000113072d44: ;   {runtime_call MacroAssembler::debug64(char*, long long, long long*)}
  0x0000000113072d44: 83e4 f0e8 | a4b9 b8f9 

  0x0000000113072d4c: ;   {section_word}
  0x0000000113072d4c: f449 ba4d | 2d07 1301 | 0000 0041 

  0x0000000113072d58: ;   {runtime_call DeoptimizationBlob}
  0x0000000113072d58: 52e9 4237 | fb06 f4f4 
[/MachCode]


Compiled method (c1) 21291 3084       3       sun.lwawt.macosx.CAccessibility::invokeAndWait (7 bytes)
 total in heap  [0x000000011308e410,0x000000011308f228] = 3608
 relocation     [0x000000011308e568,0x000000011308e630] = 200
 main code      [0x000000011308e640,0x000000011308eec0] = 2176
 stub code      [0x000000011308eec0,0x000000011308ef08] = 72
 metadata       [0x000000011308ef08,0x000000011308ef68] = 96
 scopes data    [0x000000011308ef68,0x000000011308f078] = 272
 scopes pcs     [0x000000011308f078,0x000000011308f1a8] = 304
 dependencies   [0x000000011308f1a8,0x000000011308f1b8] = 16
 handler table  [0x000000011308f1b8,0x000000011308f218] = 96
 nul chk table  [0x000000011308f218,0x000000011308f228] = 16

[Constant Pool (empty)]

[MachCode]
[Verified Entry Point]
  # {method} {0x0000000167675ce8} 'invokeAndWait' '(Ljava/util/concurrent/Callable;Ljava/awt/Component;)Ljava/lang/Object;' in 'sun/lwawt/macosx/CAccessibility'
  # parm0:    rsi:rsi   = 'java/util/concurrent/Callable'
  # parm1:    rdx:rdx   = 'java/awt/Component'
  #           [sp+0xd0]  (sp of caller)
  0x000000011308e640: 8984 2400 | c0fe ff55 | 4881 ecc0 | 0000 0090 | 4181 7f20 | 0100 0000 

  0x000000011308e658: ;   {runtime_call StubRoutines (final stubs)}
  0x000000011308e658: 7405 e8e1 | 7cf7 0648 | 8bde 4c8b 

  0x000000011308e664: ;   {metadata(method data for {method} {0x0000000167675ce8} 'invokeAndWait' '(Ljava/util/concurrent/Callable;Ljava/awt/Component;)Ljava/lang/Object;' in 'sun/lwawt/macosx/CAccessibility')}
  0x000000011308e664: c248 ba20 | 88aa 6701 | 0000 008b | b2ac 0000 | 0083 c602 | 89b2 ac00 | 0000 81e6 | fe07 0000 
  0x000000011308e684: 85f6 0f84 | f905 0000 

  0x000000011308e68c: ;   {metadata(method data for {method} {0x0000000167675ce8} 'invokeAndWait' '(Ljava/util/concurrent/Callable;Ljava/awt/Component;)Ljava/lang/Object;' in 'sun/lwawt/macosx/CAccessibility')}
  0x000000011308e68c: 48ba 2088 | aa67 0100 | 0000 4883 | 82f0 0000 

  0x000000011308e69c: ;   {metadata(method data for {method} {0x0000000167675df0} 'invokeAndWait' '(Ljava/util/concurrent/Callable;Ljava/awt/Component;Ljava/lang/Object;)Ljava/lang/Object;' in 'sun/lwawt/macosx/CAccessibility')}
  0x000000011308e69c: 0001 48ba | 08c7 a967 | 0100 0000 | 8bb2 ac00 | 0000 83c6 | 0289 b2ac | 0000 0081 | e6fe ff1f 
  0x000000011308e6bc: 0085 f60f | 84e1 0500 | 004d 85c0 

  0x000000011308e6c8: ;   {metadata(method data for {method} {0x0000000167675df0} 'invokeAndWait' '(Ljava/util/concurrent/Callable;Ljava/awt/Component;Ljava/lang/Object;)Ljava/lang/Object;' in 'sun/lwawt/macosx/CAccessibility')}
  0x000000011308e6c8: 48ba 08c7 | a967 0100 | 0000 48c7 | c600 0100 | 0075 0748 | c7c6 f000 | 0000 488b | 3c32 488d 
  0x000000011308e6e8: 7f01 4889 | 3c32 0f85 | 0f00 0000 

  0x000000011308e6f4: ;   {oop(nullptr)}
  0x000000011308e6f4: 48be 0000 | 0000 0000 | 0000 e91b 

  0x000000011308e700: ;   {metadata(method data for {method} {0x0000000167675df0} 'invokeAndWait' '(Ljava/util/concurrent/Callable;Ljava/awt/Component;Ljava/lang/Object;)Ljava/lang/Object;' in 'sun/lwawt/macosx/CAccessibility')}
  0x000000011308e700: 0500 0048 | ba08 c7a9 | 6701 0000 | 0048 8382 | 1001 0000 

  0x000000011308e714: ;   {metadata(method data for {method} {0x0000000167156a58} 'invokeAndWait' '(Ljava/util/concurrent/Callable;Ljava/awt/Component;)Ljava/lang/Object;' in 'sun/lwawt/macosx/LWCToolkit')}
  0x000000011308e714: 0148 ba00 | c9a9 6701 | 0000 008b | b2ac 0000 | 0083 c602 | 89b2 ac00 | 0000 81e6 | feff 1f00 
  0x000000011308e734: 85f6 0f84 | 8b05 0000 

  0x000000011308e73c: ;   {metadata('sun/lwawt/macosx/LWCToolkit$CallableWrapper')}
  0x000000011308e73c: 48ba 28c1 | 0b27 0100 | 0000 498b | 87b8 0100 | 0048 8d78 | 1849 3bbf | c801 0000 | 0f87 8a05 
  0x000000011308e75c: 0000 4989 | bfb8 0100 | 0048 c700 | 0100 0000 | 488b ca49 | ba00 0000 | 2601 0000 | 0049 2bca 
  0x000000011308e77c: 8948 0848 | 33c9 8948 | 0c48 33c9 | 4889 4810 

  0x000000011308e78c: ;   {metadata(method data for {method} {0x0000000167156a58} 'invokeAndWait' '(Ljava/util/concurrent/Callable;Ljava/awt/Component;)Ljava/lang/Object;' in 'sun/lwawt/macosx/LWCToolkit')}
  0x000000011308e78c: 488b f048 | ba00 c9a9 | 6701 0000 | 0048 8382 | f000 0000 

  0x000000011308e7a0: ;   {metadata(method data for {method} {0x000000016767b9b0} '<init>' '(Ljava/util/concurrent/Callable;)V' in 'sun/lwawt/macosx/LWCToolkit$CallableWrapper')}
  0x000000011308e7a0: 0148 be90 | caa9 6701 | 0000 008b | 96ac 0000 | 0083 c202 | 8996 ac00 | 0000 81e2 | feff 1f00 
  0x000000011308e7c0: 85d2 0f84 | 2d05 0000 

  0x000000011308e7c8: ;   {metadata(method data for {method} {0x000000016767b9b0} '<init>' '(Ljava/util/concurrent/Callable;)V' in 'sun/lwawt/macosx/LWCToolkit$CallableWrapper')}
  0x000000011308e7c8: 488b f048 | ba90 caa9 | 6701 0000 | 0048 8382 | f000 0000 

  0x000000011308e7dc: ;   {metadata(method data for {method} {0x0000000126470008} '<init>' '()V' in 'java/lang/Object')}
  0x000000011308e7dc: 0148 be10 | 8a00 6701 | 0000 008b | 96ac 0000 | 0083 c202 | 8996 ac00 | 0000 81e2 | feff 1f00 
  0x000000011308e7fc: 85d2 0f84 | 1205 0000 | 410f be77 | 4085 f60f | 8526 0500 | 004c 8bd3 | 49c1 ea03 | 4489 500c 
  0x000000011308e81c: 488b f048 | 33f3 48c1 | ee14 4883 | fe00 0f85 | 2605 0000 

  0x000000011308e830: ;   {metadata(method data for {method} {0x0000000167156a58} 'invokeAndWait' '(Ljava/util/concurrent/Callable;Ljava/awt/Component;)Ljava/lang/Object;' in 'sun/lwawt/macosx/LWCToolkit')}
  0x000000011308e830: 48be 00c9 | a967 0100 | 0000 4883 | 8600 0100 | 0001 488b | f049 8bd0 | 4889 8424 | a800 0000 
  0x000000011308e850: 0f1f 8000 

  0x000000011308e854: ;   {static_call}
  0x000000011308e854: 0000 00e8 

  0x000000011308e858: ; ImmutableOopMap {[168]=Oop }
                      ;*invokestatic invokeAndWait {reexecute=0 rethrow=0 return_oop=0}
                      ; - sun.lwawt.macosx.LWCToolkit::invokeAndWait@11 (line 685)
                      ; - sun.lwawt.macosx.CAccessibility::invokeAndWait@8 (line 138)
                      ; - sun.lwawt.macosx.CAccessibility::invokeAndWait@3 (line 131)
  0x000000011308e858: 0431 feff 

  0x000000011308e85c: ;   {other}
  0x000000011308e85c: 0f1f 8400 | 4c04 0000 | 488b 8424 | a800 0000 

  0x000000011308e86c: ;   {metadata(method data for {method} {0x0000000167156a58} 'invokeAndWait' '(Ljava/util/concurrent/Callable;Ljava/awt/Component;)Ljava/lang/Object;' in 'sun/lwawt/macosx/LWCToolkit')}
  0x000000011308e86c: 48ba 00c9 | a967 0100 | 0000 4883 | 8210 0100 

  0x000000011308e87c: ;   {metadata(method data for {method} {0x000000016767bb58} 'getResult' '()Ljava/lang/Object;' in 'sun/lwawt/macosx/LWCToolkit$CallableWrapper')}
  0x000000011308e87c: 0001 48b8 | a0cd a967 | 0100 0000 | 8b90 ac00 | 0000 83c2 | 0289 90ac | 0000 0081 | e2fe ff1f 
  0x000000011308e89c: 0085 d20f | 84c9 0400 | 0048 8b84 | 24a8 0000 | 008b 5014 | 48c1 e203 

  0x000000011308e8b4: ;   {metadata(method data for {method} {0x000000016767bb58} 'getResult' '()Ljava/lang/Object;' in 'sun/lwawt/macosx/LWCToolkit$CallableWrapper')}
  0x000000011308e8b4: 4885 d248 | bea0 cda9 | 6701 0000 | 0048 c7c7 | 0001 0000 | 7507 48c7 | c7f0 0000 | 0048 8b0c 
  0x000000011308e8d4: 3e48 8d49 | 0148 890c | 3e0f 851f | 0000 008b | 4010 48c1 

  0x000000011308e8e8: ;   {metadata(method data for {method} {0x0000000167675df0} 'invokeAndWait' '(Ljava/util/concurrent/Callable;Ljava/awt/Component;Ljava/lang/Object;)Ljava/lang/Object;' in 'sun/lwawt/macosx/CAccessibility')}
  0x000000011308e8e8: e003 48ba | 08c7 a967 | 0100 0000 | ff82 2001 | 0000 488b | f0e9 1c03 | 0000 483b 

  0x000000011308e904: ; ImmutableOopMap {rax=Oop }
                      ;*athrow {reexecute=1 rethrow=0 return_oop=0}
                      ; - (reexecute) sun.lwawt.macosx.LWCToolkit$CallableWrapper::getResult@11 (line 708)
                      ; - sun.lwawt.macosx.LWCToolkit::invokeAndWait@15 (line 686)
                      ; - sun.lwawt.macosx.CAccessibility::invokeAndWait@8 (line 138)
                      ; - sun.lwawt.macosx.CAccessibility::invokeAndWait@3 (line 131)
  0x000000011308e904: 0248 8bc2 

  0x000000011308e908: ;   {section_word}
  0x000000011308e908: 48ba 08e9 | 0813 0100 

  0x000000011308e910: ;   {runtime_call handle_exception_nofpu Runtime1 stub}
  0x000000011308e910: 0000 e869 | 4a05 0790 | 498b 87f8 | 0400 004d | 33d2 4d89 | 97f8 0400 | 004d 33d2 | 4d89 9700 
  0x000000011308e930: 0500 0048 | 8bd8 488b 

  0x000000011308e938: ;   {metadata(method data for {method} {0x0000000167675df0} 'invokeAndWait' '(Ljava/util/concurrent/Callable;Ljava/awt/Component;Ljava/lang/Object;)Ljava/lang/Object;' in 'sun/lwawt/macosx/CAccessibility')}
  0x000000011308e938: d348 be08 | c7a9 6701 | 0000 008b | 5208 49ba | 0000 0026 | 0100 0000 | 4903 d248 | 3b96 4801 
  0x000000011308e958: 0000 750d | 4883 8650 | 0100 0001 | e960 0000 | 0048 3b96 | 5801 0000 | 750d 4883 | 8660 0100 
  0x000000011308e978: 0001 e94a | 0000 0048 | 83be 4801 | 0000 0075 | 1748 8996 | 4801 0000 | 48c7 8650 | 0100 0001 
  0x000000011308e998: 0000 00e9 | 2900 0000 | 4883 be58 | 0100 0000 | 7517 4889 | 9658 0100 | 0048 c786 | 6001 0000 
  0x000000011308e9b8: 0100 0000 | e908 0000 | 0048 8386 | 3801 0000 

  0x000000011308e9c8: ;   {metadata(method data for {method} {0x000000012600c4b0} 'printStackTrace' '()V' in 'java/lang/Throwable')}
  0x000000011308e9c8: 0148 ba68 | 9760 6701 | 0000 008b | b2ac 0000 | 0083 c602 | 89b2 ac00 | 0000 81e6 | feff 1f00 
  0x000000011308e9e8: 85f6 0f84 | a403 0000 

  0x000000011308e9f0: ;   {oop(a 'java/lang/Class'{0x00000007ffe7b978} = 'java/lang/System')}
  0x000000011308e9f0: 48ba 78b9 | e7ff 0700 | 0000 448b | 4278 49c1 | e003 488b 

  0x000000011308ea04: ;   {metadata(method data for {method} {0x000000012600c4b0} 'printStackTrace' '()V' in 'java/lang/Throwable')}
  0x000000011308ea04: d348 be68 | 9760 6701 | 0000 008b | 5208 49ba | 0000 0026 | 0100 0000 | 4903 d248 | 3b96 0001 
  0x000000011308ea24: 0000 750d | 4883 8608 | 0100 0001 | e960 0000 | 0048 3b96 | 1001 0000 | 750d 4883 | 8618 0100 
  0x000000011308ea44: 0001 e94a | 0000 0048 | 83be 0001 | 0000 0075 | 1748 8996 | 0001 0000 | 48c7 8608 | 0100 0001 
  0x000000011308ea64: 0000 00e9 | 2900 0000 | 4883 be10 | 0100 0000 | 7517 4889 | 9610 0100 | 0048 c786 | 1801 0000 
  0x000000011308ea84: 0100 0000 | e908 0000 | 0048 8386 | f000 0000 

  0x000000011308ea94: ;   {metadata(method data for {method} {0x000000012600c508} 'printStackTrace' '(Ljava/io/PrintStream;)V' in 'java/lang/Throwable')}
  0x000000011308ea94: 0148 bad0 | 9860 6701 | 0000 008b | b2ac 0000 | 0083 c602 | 89b2 ac00 | 0000 81e6 | feff 1f00 
  0x000000011308eab4: 85f6 0f84 | f902 0000 

  0x000000011308eabc: ;   {metadata('java/lang/Throwable$WrappedPrintStream')}
  0x000000011308eabc: 48ba d0f3 | 1727 0100 | 0000 498b | 87b8 0100 | 0048 8d78 | 1049 3bbf | c801 0000 | 0f87 f802 
  0x000000011308eadc: 0000 4989 | bfb8 0100 | 0048 c700 | 0100 0000 | 488b ca49 | ba00 0000 | 2601 0000 | 0049 2bca 
  0x000000011308eafc: 8948 0848 | 33c9 8948 | 0c48 33c9 

  0x000000011308eb08: ;   {metadata(method data for {method} {0x000000012600c508} 'printStackTrace' '(Ljava/io/PrintStream;)V' in 'java/lang/Throwable')}
  0x000000011308eb08: 488b d048 | bed0 9860 | 6701 0000 | 0048 8386 | f000 0000 

  0x000000011308eb1c: ;   {metadata(method data for {method} {0x0000000167a8f218} '<init>' '(Ljava/io/PrintStream;)V' in 'java/lang/Throwable$WrappedPrintStream')}
  0x000000011308eb1c: 0148 baf0 | cea9 6701 | 0000 008b | b2ac 0000 | 0083 c602 | 89b2 ac00 | 0000 81e6 | feff 1f00 
  0x000000011308eb3c: 85f6 0f84 | 9f02 0000 

  0x000000011308eb44: ;   {metadata(method data for {method} {0x0000000167a8f218} '<init>' '(Ljava/io/PrintStream;)V' in 'java/lang/Throwable$WrappedPrintStream')}
  0x000000011308eb44: 488b d048 | bef0 cea9 | 6701 0000 | 0048 8386 | f000 0000 

  0x000000011308eb58: ;   {metadata(method data for {method} {0x0000000167a8f688} '<init>' '()V' in 'java/lang/Throwable$PrintStreamOrWriter')}
  0x000000011308eb58: 0148 ba28 | d0a9 6701 | 0000 008b | b2ac 0000 | 0083 c602 | 89b2 ac00 | 0000 81e6 | feff 1f00 
  0x000000011308eb78: 85f6 0f84 | 8402 0000 

  0x000000011308eb80: ;   {metadata(method data for {method} {0x0000000167a8f688} '<init>' '()V' in 'java/lang/Throwable$PrintStreamOrWriter')}
  0x000000011308eb80: 488b d048 | be28 d0a9 | 6701 0000 | 0048 8386 | f000 0000 

  0x000000011308eb94: ;   {metadata(method data for {method} {0x0000000126470008} '<init>' '()V' in 'java/lang/Object')}
  0x000000011308eb94: 0148 ba10 | 8a00 6701 | 0000 008b | b2ac 0000 | 0083 c602 | 89b2 ac00 | 0000 81e6 | feff 1f00 
  0x000000011308ebb4: 85f6 0f84 | 6902 0000 | 410f be57 | 4085 d20f | 857d 0200 | 004d 8bd0 | 49c1 ea03 | 4489 500c 
  0x000000011308ebd4: 488b d049 | 33d0 48c1 | ea14 4883 | fa00 0f85 | 7d02 0000 

  0x000000011308ebe8: ;   {metadata(method data for {method} {0x000000012600c508} 'printStackTrace' '(Ljava/io/PrintStream;)V' in 'java/lang/Throwable')}
  0x000000011308ebe8: 488b d348 | bed0 9860 | 6701 0000 | 0048 8386 | 0001 0000 | 0148 8bd0 | 488b f30f 

  0x000000011308ec04: ;   {optimized virtual_call}
  0x000000011308ec04: 1f40 00e8 

  0x000000011308ec08: ; ImmutableOopMap {}
                      ;*invokevirtual printStackTrace {reexecute=0 rethrow=0 return_oop=0}
                      ; - java.lang.Throwable::printStackTrace@9 (line 660)
                      ; - java.lang.Throwable::printStackTrace@4 (line 651)
                      ; - sun.lwawt.macosx.CAccessibility::invokeAndWait@19 (line 139)
                      ; - sun.lwawt.macosx.CAccessibility::invokeAndWait@3 (line 131)
  0x000000011308ec08: 7417 f906 

  0x000000011308ec0c: ;   {other}
  0x000000011308ec0c: 0f1f 8400 | fc07 0002 

  0x000000011308ec14: ;   {oop(nullptr)}
  0x000000011308ec14: 48be 0000 | 0000 0000 | 0000 4885 

  0x000000011308ec20: ;   {metadata(method data for {method} {0x0000000167675df0} 'invokeAndWait' '(Ljava/util/concurrent/Callable;Ljava/awt/Component;Ljava/lang/Object;)Ljava/lang/Object;' in 'sun/lwawt/macosx/CAccessibility')}
  0x000000011308ec20: f648 b808 | c7a9 6701 | 0000 0048 | c7c7 7001 | 0000 7407 | 48c7 c780 | 0100 0048 | 8b1c 3848 
  0x000000011308ec40: 8d5b 0148 | 891c 380f | 8415 0000 

  0x000000011308ec4c: ;   {metadata(method data for {method} {0x0000000167675df0} 'invokeAndWait' '(Ljava/util/concurrent/Callable;Ljava/awt/Component;Ljava/lang/Object;)Ljava/lang/Object;' in 'sun/lwawt/macosx/CAccessibility')}
  0x000000011308ec4c: 0048 b808 | c7a9 6701 | 0000 00ff | 8090 0100 | 00e9 0a00 

  0x000000011308ec60: ;   {oop(nullptr)}
  0x000000011308ec60: 0000 48be | 0000 0000 | 0000 0000 | 488b c648 | 81c4 c000 

  0x000000011308ec74: ;   {poll_return}
  0x000000011308ec74: 0000 5d49 | 3ba7 4804 | 0000 0f87 | f901 0000 

  0x000000011308ec84: ;   {metadata({method} {0x0000000167675ce8} 'invokeAndWait' '(Ljava/util/concurrent/Callable;Ljava/awt/Component;)Ljava/lang/Object;' in 'sun/lwawt/macosx/CAccessibility')}
  0x000000011308ec84: c349 bae8 | 5c67 6701 | 0000 004c | 8954 2408 | 48c7 0424 | ffff ffff 

  0x000000011308ec9c: ;   {runtime_call counter_overflow Runtime1 stub}
  0x000000011308ec9c: e8df 8c05 

  0x000000011308eca0: ; ImmutableOopMap {rbx=Oop r8=Oop }
                      ;*synchronization entry
                      ; - sun.lwawt.macosx.CAccessibility::invokeAndWait@-1 (line 131)
  0x000000011308eca0: 07e9 e6f9 

  0x000000011308eca4: ;   {metadata({method} {0x0000000167675df0} 'invokeAndWait' '(Ljava/util/concurrent/Callable;Ljava/awt/Component;Ljava/lang/Object;)Ljava/lang/Object;' in 'sun/lwawt/macosx/CAccessibility')}
  0x000000011308eca4: ffff 49ba | f05d 6767 | 0100 0000 | 4c89 5424 | 0848 c704 | 24ff ffff 

  0x000000011308ecbc: ;   {runtime_call counter_overflow Runtime1 stub}
  0x000000011308ecbc: ffe8 be8c 

  0x000000011308ecc0: ; ImmutableOopMap {rbx=Oop r8=Oop }
                      ;*synchronization entry
                      ; - sun.lwawt.macosx.CAccessibility::invokeAndWait@-1 (line 135)
                      ; - sun.lwawt.macosx.CAccessibility::invokeAndWait@3 (line 131)
  0x000000011308ecc0: 0507 e9fe 

  0x000000011308ecc4: ;   {metadata({method} {0x0000000167156a58} 'invokeAndWait' '(Ljava/util/concurrent/Callable;Ljava/awt/Component;)Ljava/lang/Object;' in 'sun/lwawt/macosx/LWCToolkit')}
  0x000000011308ecc4: f9ff ff49 | ba58 6a15 | 6701 0000 | 004c 8954 | 2408 48c7 | 0424 ffff 

  0x000000011308ecdc: ;   {runtime_call counter_overflow Runtime1 stub}
  0x000000011308ecdc: ffff e89d 

  0x000000011308ece0: ; ImmutableOopMap {rbx=Oop r8=Oop }
                      ;*synchronization entry
                      ; - sun.lwawt.macosx.LWCToolkit::invokeAndWait@-1 (line 684)
                      ; - sun.lwawt.macosx.CAccessibility::invokeAndWait@8 (line 138)
                      ; - sun.lwawt.macosx.CAccessibility::invokeAndWait@3 (line 131)
  0x000000011308ece0: 8c05 07e9 | 54fa ffff 

  0x000000011308ece8: ;   {runtime_call fast_new_instance Runtime1 stub}
  0x000000011308ece8: 488b d2e8 

  0x000000011308ecec: ; ImmutableOopMap {rbx=Oop r8=Oop }
                      ;*new {reexecute=0 rethrow=0 return_oop=0}
                      ; - sun.lwawt.macosx.LWCToolkit::invokeAndWait@0 (line 684)
                      ; - sun.lwawt.macosx.CAccessibility::invokeAndWait@8 (line 138)
                      ; - sun.lwawt.macosx.CAccessibility::invokeAndWait@3 (line 131)
  0x000000011308ecec: 9037 0507 | e997 faff 

  0x000000011308ecf4: ;   {metadata({method} {0x000000016767b9b0} '<init>' '(Ljava/util/concurrent/Callable;)V' in 'sun/lwawt/macosx/LWCToolkit$CallableWrapper')}
  0x000000011308ecf4: ff49 bab0 | b967 6701 | 0000 004c | 8954 2408 | 48c7 0424 | ffff ffff 

  0x000000011308ed0c: ;   {runtime_call counter_overflow Runtime1 stub}
  0x000000011308ed0c: e86f 8c05 

  0x000000011308ed10: ; ImmutableOopMap {rbx=Oop r8=Oop rax=Oop }
                      ;*synchronization entry
                      ; - sun.lwawt.macosx.LWCToolkit$CallableWrapper::<init>@-1 (line 694)
                      ; - sun.lwawt.macosx.LWCToolkit::invokeAndWait@5 (line 684)
                      ; - sun.lwawt.macosx.CAccessibility::invokeAndWait@8 (line 138)
                      ; - sun.lwawt.macosx.CAccessibility::invokeAndWait@3 (line 131)
  0x000000011308ed10: 07e9 b2fa 

  0x000000011308ed14: ;   {metadata({method} {0x0000000126470008} '<init>' '()V' in 'java/lang/Object')}
  0x000000011308ed14: ffff 49ba | 0800 4726 | 0100 0000 | 4c89 5424 | 0848 c704 | 24ff ffff 

  0x000000011308ed2c: ;   {runtime_call counter_overflow Runtime1 stub}
  0x000000011308ed2c: ffe8 4e8c 

  0x000000011308ed30: ; ImmutableOopMap {rbx=Oop r8=Oop rax=Oop }
                      ;*synchronization entry
                      ; - java.lang.Object::<init>@-1 (line 45)
                      ; - sun.lwawt.macosx.LWCToolkit$CallableWrapper::<init>@1 (line 694)
                      ; - sun.lwawt.macosx.LWCToolkit::invokeAndWait@5 (line 684)
                      ; - sun.lwawt.macosx.CAccessibility::invokeAndWait@8 (line 138)
                      ; - sun.lwawt.macosx.CAccessibility::invokeAndWait@3 (line 131)
  0x000000011308ed30: 0507 e9cd | faff ff8b | 700c 48c1 | e603 4883 | fe00 0f84 | c9fa ffff | 4889 3424 

  0x000000011308ed4c: ;   {runtime_call g1_pre_barrier_slow}
  0x000000011308ed4c: e82f 9205 | 07e9 bbfa | ffff 4883 | fb00 0f84 | d0fa ffff | 4889 0424 

  0x000000011308ed64: ;   {runtime_call g1_post_barrier_slow}
  0x000000011308ed64: e817 9505 | 07e9 c2fa 

  0x000000011308ed6c: ;   {metadata({method} {0x000000016767bb58} 'getResult' '()Ljava/lang/Object;' in 'sun/lwawt/macosx/LWCToolkit$CallableWrapper')}
  0x000000011308ed6c: ffff 49ba | 58bb 6767 | 0100 0000 | 4c89 5424 | 0848 c704 | 24ff ffff 

  0x000000011308ed84: ;   {runtime_call counter_overflow Runtime1 stub}
  0x000000011308ed84: ffe8 f68b 

  0x000000011308ed88: ; ImmutableOopMap {[168]=Oop }
                      ;*synchronization entry
                      ; - sun.lwawt.macosx.LWCToolkit$CallableWrapper::getResult@-1 (line 708)
                      ; - sun.lwawt.macosx.LWCToolkit::invokeAndWait@15 (line 686)
                      ; - sun.lwawt.macosx.CAccessibility::invokeAndWait@8 (line 138)
                      ; - sun.lwawt.macosx.CAccessibility::invokeAndWait@3 (line 131)
  0x000000011308ed88: 0507 e916 

  0x000000011308ed8c: ;   {runtime_call throw_null_pointer_exception Runtime1 stub}
  0x000000011308ed8c: fbff ffe8 

  0x000000011308ed90: ; ImmutableOopMap {rdx=Oop }
                      ;*athrow {reexecute=1 rethrow=0 return_oop=0}
                      ; - (reexecute) sun.lwawt.macosx.LWCToolkit$CallableWrapper::getResult@11 (line 708)
                      ; - sun.lwawt.macosx.LWCToolkit::invokeAndWait@15 (line 686)
                      ; - sun.lwawt.macosx.CAccessibility::invokeAndWait@8 (line 138)
                      ; - sun.lwawt.macosx.CAccessibility::invokeAndWait@3 (line 131)
  0x000000011308ed90: 6c29 0507 

  0x000000011308ed94: ;   {metadata({method} {0x000000012600c4b0} 'printStackTrace' '()V' in 'java/lang/Throwable')}
  0x000000011308ed94: 49ba b0c4 | 0026 0100 | 0000 4c89 | 5424 0848 | c704 24ff 

  0x000000011308eda8: ;   {runtime_call counter_overflow Runtime1 stub}
  0x000000011308eda8: ffff ffe8 

  0x000000011308edac: ; ImmutableOopMap {rbx=Oop }
                      ;*synchronization entry
                      ; - java.lang.Throwable::printStackTrace@-1 (line 651)
                      ; - sun.lwawt.macosx.CAccessibility::invokeAndWait@19 (line 139)
                      ; - sun.lwawt.macosx.CAccessibility::invokeAndWait@3 (line 131)
  0x000000011308edac: d08b 0507 | e93b fcff 

  0x000000011308edb4: ;   {metadata({method} {0x000000012600c508} 'printStackTrace' '(Ljava/io/PrintStream;)V' in 'java/lang/Throwable')}
  0x000000011308edb4: ff49 ba08 | c500 2601 | 0000 004c | 8954 2408 | 48c7 0424 | ffff ffff 

  0x000000011308edcc: ;   {runtime_call counter_overflow Runtime1 stub}
  0x000000011308edcc: e8af 8b05 

  0x000000011308edd0: ; ImmutableOopMap {rbx=Oop r8=Oop }
                      ;*synchronization entry
                      ; - java.lang.Throwable::printStackTrace@-1 (line 660)
                      ; - java.lang.Throwable::printStackTrace@4 (line 651)
                      ; - sun.lwawt.macosx.CAccessibility::invokeAndWait@19 (line 139)
                      ; - sun.lwawt.macosx.CAccessibility::invokeAndWait@3 (line 131)
  0x000000011308edd0: 07e9 e6fc | ffff 488b 

  0x000000011308edd8: ;   {runtime_call fast_new_instance Runtime1 stub}
  0x000000011308edd8: d2e8 a236 

  0x000000011308eddc: ; ImmutableOopMap {rbx=Oop r8=Oop }
                      ;*new {reexecute=0 rethrow=0 return_oop=0}
                      ; - java.lang.Throwable::printStackTrace@1 (line 660)
                      ; - java.lang.Throwable::printStackTrace@4 (line 651)
                      ; - sun.lwawt.macosx.CAccessibility::invokeAndWait@19 (line 139)
                      ; - sun.lwawt.macosx.CAccessibility::invokeAndWait@3 (line 131)
  0x000000011308eddc: 0507 e925 

  0x000000011308ede0: ;   {metadata({method} {0x0000000167a8f218} '<init>' '(Ljava/io/PrintStream;)V' in 'java/lang/Throwable$WrappedPrintStream')}
  0x000000011308ede0: fdff ff49 | ba18 f2a8 | 6701 0000 | 004c 8954 | 2408 48c7 | 0424 ffff 

  0x000000011308edf8: ;   {runtime_call counter_overflow Runtime1 stub}
  0x000000011308edf8: ffff e881 

  0x000000011308edfc: ; ImmutableOopMap {rbx=Oop r8=Oop rax=Oop }
                      ;*synchronization entry
                      ; - java.lang.Throwable$WrappedPrintStream::<init>@-1 (line 776)
                      ; - java.lang.Throwable::printStackTrace@6 (line 660)
                      ; - java.lang.Throwable::printStackTrace@4 (line 651)
                      ; - sun.lwawt.macosx.CAccessibility::invokeAndWait@19 (line 139)
                      ; - sun.lwawt.macosx.CAccessibility::invokeAndWait@3 (line 131)
  0x000000011308edfc: 8b05 07e9 | 40fd ffff 

  0x000000011308ee04: ;   {metadata({method} {0x0000000167a8f688} '<init>' '()V' in 'java/lang/Throwable$PrintStreamOrWriter')}
  0x000000011308ee04: 49ba 88f6 | a867 0100 | 0000 4c89 | 5424 0848 | c704 24ff 

  0x000000011308ee18: ;   {runtime_call counter_overflow Runtime1 stub}
  0x000000011308ee18: ffff ffe8 

  0x000000011308ee1c: ; ImmutableOopMap {rbx=Oop r8=Oop rax=Oop }
                      ;*synchronization entry
                      ; - java.lang.Throwable$PrintStreamOrWriter::<init>@-1 (line 756)
                      ; - java.lang.Throwable$WrappedPrintStream::<init>@1 (line 776)
                      ; - java.lang.Throwable::printStackTrace@6 (line 660)
                      ; - java.lang.Throwable::printStackTrace@4 (line 651)
                      ; - sun.lwawt.macosx.CAccessibility::invokeAndWait@19 (line 139)
                      ; - sun.lwawt.macosx.CAccessibility::invokeAndWait@3 (line 131)
  0x000000011308ee1c: 608b 0507 | e95b fdff 

  0x000000011308ee24: ;   {metadata({method} {0x0000000126470008} '<init>' '()V' in 'java/lang/Object')}
  0x000000011308ee24: ff49 ba08 | 0047 2601 | 0000 004c | 8954 2408 | 48c7 0424 | ffff ffff 

  0x000000011308ee3c: ;   {runtime_call counter_overflow Runtime1 stub}
  0x000000011308ee3c: e83f 8b05 

  0x000000011308ee40: ; ImmutableOopMap {rbx=Oop r8=Oop rax=Oop }
                      ;*synchronization entry
                      ; - java.lang.Object::<init>@-1 (line 45)
                      ; - java.lang.Throwable$PrintStreamOrWriter::<init>@1 (line 756)
                      ; - java.lang.Throwable$WrappedPrintStream::<init>@1 (line 776)
                      ; - java.lang.Throwable::printStackTrace@6 (line 660)
                      ; - java.lang.Throwable::printStackTrace@4 (line 651)
                      ; - sun.lwawt.macosx.CAccessibility::invokeAndWait@19 (line 139)
                      ; - sun.lwawt.macosx.CAccessibility::invokeAndWait@3 (line 131)
  0x000000011308ee40: 07e9 76fd | ffff 8b50 | 0c48 c1e2 | 0348 83fa | 000f 8472 | fdff ff48 

  0x000000011308ee58: ;   {runtime_call g1_pre_barrier_slow}
  0x000000011308ee58: 8914 24e8 | 2091 0507 | e964 fdff | ff49 83f8 | 000f 8479 | fdff ff48 

  0x000000011308ee70: ;   {runtime_call g1_post_barrier_slow}
  0x000000011308ee70: 8904 24e8 | 0894 0507 | e96b fdff 

  0x000000011308ee7c: ;   {internal_word}
  0x000000011308ee7c: ff49 ba77 | ec08 1301 | 0000 004d | 8997 6004 

  0x000000011308ee8c: ;   {runtime_call SafepointBlob}
  0x000000011308ee8c: 0000 e9ed | 7cf9 0649 | 8b87 f804 | 0000 49c7 | 87f8 0400 | 0000 0000 | 0049 c787 | 0005 0000 
  0x000000011308eeac: 0000 0000 | 4881 c4c0 | 0000 005d 

  0x000000011308eeb8: ;   {runtime_call unwind_exception Runtime1 stub}
  0x000000011308eeb8: e943 1905 | 07f4 f4f4 
[Stub Code]
  0x000000011308eec0: ;   {no_reloc}
  0x000000011308eec0: 48bb 0000 | 0000 0000 

  0x000000011308eec8: ;   {runtime_call nmethod}
  0x000000011308eec8: 0000 e9fb 

  0x000000011308eecc: ;   {static_stub}
  0x000000011308eecc: ffff ff48 | bb00 0000 | 0000 0000 

  0x000000011308eed8: ;   {runtime_call nmethod}
  0x000000011308eed8: 00e9 fbff 

  0x000000011308eedc: ;   {runtime_call handle_exception_from_callee Runtime1 stub}
  0x000000011308eedc: ffff e89d 

  0x000000011308eee0: ;   {external_word}
  0x000000011308eee0: 4a05 0748 | bf0d 4d05 | 0d01 0000 | 0048 83e4 

  0x000000011308eef0: ;   {runtime_call MacroAssembler::debug64(char*, long long, long long*)}
  0x000000011308eef0: f0e8 faf7 

  0x000000011308eef4: ;   {section_word}
  0x000000011308eef4: b6f9 f449 | baf7 ee08 | 1301 0000 

  0x000000011308ef00: ;   {runtime_call DeoptimizationBlob}
  0x000000011308ef00: 0041 52e9 | 9875 f906 
[/MachCode]


---------------  P R O C E S S  ---------------

Threads class SMR info:
_java_thread_list=0x00006000027f9ec0, length=16, elements={
0x00007f9fdb0d3000, 0x00007f9fdb0d5a00, 0x00007f9fdb0d6600, 0x00007f9fdb0d6e00,
0x00007f9fdb0d7600, 0x00007f9fdc016000, 0x00007f9fdc016800, 0x00007f9fdc017000,
0x00007f9fcc008200, 0x00007f9fdb0cae00, 0x00007f9fcb02cc00, 0x00007f9fdb28e400,
0x00007f9fdc0d8200, 0x00007f9fdb25f600, 0x00007f9fcc00a000, 0x00007f9fcb067600
}

Java Threads: ( => current thread )
  0x00007f9fdb0d3000 JavaThread "Reference Handler"          daemon [_thread_blocked, id=27659, stack(0x000000030a20b000,0x000000030a30b000) (1024K)]
  0x00007f9fdb0d5a00 JavaThread "Finalizer"                  daemon [_thread_blocked, id=25603, stack(0x000000030a30e000,0x000000030a40e000) (1024K)]
  0x00007f9fdb0d6600 JavaThread "Signal Dispatcher"          daemon [_thread_blocked, id=26883, stack(0x000000030a411000,0x000000030a511000) (1024K)]
  0x00007f9fdb0d6e00 JavaThread "Service Thread"             daemon [_thread_blocked, id=33283, stack(0x000000030a514000,0x000000030a614000) (1024K)]
  0x00007f9fdb0d7600 JavaThread "Monitor Deflation Thread"   daemon [_thread_blocked, id=43267, stack(0x000000030a617000,0x000000030a717000) (1024K)]
  0x00007f9fdc016000 JavaThread "C2 CompilerThread0"         daemon [_thread_blocked, id=33795, stack(0x000000030a71a000,0x000000030a81a000) (1024K)]
  0x00007f9fdc016800 JavaThread "C1 CompilerThread0"         daemon [_thread_blocked, id=42755, stack(0x000000030a81d000,0x000000030a91d000) (1024K)]
  0x00007f9fdc017000 JavaThread "Notification Thread"        daemon [_thread_blocked, id=34879, stack(0x000000030a920000,0x000000030aa20000) (1024K)]
  0x00007f9fcc008200 JavaThread "Common-Cleaner"             daemon [_thread_blocked, id=35219, stack(0x000000030aa23000,0x000000030ab23000) (1024K)]
=>0x00007f9fdb0cae00 JavaThread "AppKit Thread"              daemon [_thread_in_native, id=259, stack(0x0000000308fd8000,0x00000003097d8000) (8192K)]
  0x00007f9fcb02cc00 JavaThread "AWT-Shutdown"                      [_thread_blocked, id=48851, stack(0x000000030aba9000,0x000000030aca9000) (1024K)]
  0x00007f9fdb28e400 JavaThread "Java2D Queue Flusher"       daemon [_thread_blocked, id=90775, stack(0x000000030ad33000,0x000000030ae33000) (1024K)]
  0x00007f9fdc0d8200 JavaThread "Java2D Disposer"            daemon [_thread_blocked, id=128795, stack(0x000000030ae36000,0x000000030af36000) (1024K)]
  0x00007f9fdb25f600 JavaThread "TimerQueue"                 daemon [_thread_blocked, id=92411, stack(0x000000030af39000,0x000000030b039000) (1024K)]
  0x00007f9fcc00a000 JavaThread "AWT-EventQueue-0"                  [_thread_in_native, id=127259, stack(0x000000030b13f000,0x000000030b23f000) (1024K)]
  0x00007f9fcb067600 JavaThread "DestroyJavaVM"                     [_thread_blocked, id=10755, stack(0x000000030985b000,0x000000030995b000) (1024K)]
Total: 16

Other Threads:
  0x00007f9fdaf12820 VMThread "VM Thread"                           [id=32259, stack(0x0000000309f70000,0x000000030a070000) (1024K)]
  0x00007f9fdaf112a0 WatcherThread "VM Periodic Task Thread"        [id=19971, stack(0x0000000309e6d000,0x0000000309f6d000) (1024K)]
  0x00007f9fdaf0ba40 WorkerThread "GC Thread#0"                     [id=21507, stack(0x000000030995e000,0x0000000309a5e000) (1024K)]
  0x00007f9f9af74530 WorkerThread "GC Thread#1"                     [id=67947, stack(0x000000030b34b000,0x000000030b44b000) (1024K)]
  0x00007f9f9af89400 WorkerThread "GC Thread#2"                     [id=76299, stack(0x000000030b44e000,0x000000030b54e000) (1024K)]
  0x00007f9fdaf7e580 WorkerThread "GC Thread#3"                     [id=101203, stack(0x000000030b551000,0x000000030b651000) (1024K)]
  0x00007f9f9af86b40 WorkerThread "GC Thread#4"                     [id=102019, stack(0x000000030b654000,0x000000030b754000) (1024K)]
  0x00007f9f9af86ee0 WorkerThread "GC Thread#5"                     [id=118439, stack(0x000000030b757000,0x000000030b857000) (1024K)]
  0x00007f9fdaf0c1e0 ConcurrentGCThread "G1 Main Marker"            [id=16899, stack(0x0000000309a61000,0x0000000309b61000) (1024K)]
  0x00007f9fdaf0cb50 WorkerThread "G1 Conc#0"                       [id=20995, stack(0x0000000309b64000,0x0000000309c64000) (1024K)]
  0x00007f9fdb0c6200 ConcurrentGCThread "G1 Refine#0"               [id=17923, stack(0x0000000309c67000,0x0000000309d67000) (1024K)]
  0x00007f9fdaf0fa70 ConcurrentGCThread "G1 Service"                [id=20483, stack(0x0000000309d6a000,0x0000000309e6a000) (1024K)]
Total: 12

Threads with active compile tasks:
Total: 0

VM state: not at safepoint (normal execution)

VM Mutex/Monitor currently owned by a thread: None

Heap address: 0x0000000780000000, size: 2048 MB, Compressed Oops mode: Zero based, Oop shift amount: 3

CDS archive(s) mapped at: [0x0000000126000000-0x0000000126c8f000-0x0000000126c8f000), size 13168640, SharedBaseAddress: 0x0000000126000000, ArchiveRelocationMode: 1.
Compressed class space mapped at: 0x0000000127000000-0x0000000167000000, reserved size: 1073741824
Narrow klass base: 0x0000000126000000, Narrow klass shift: 0, Narrow klass range: 0x100000000

GC Precious Log:
 CardTable entry size: 512
 Card Set container configuration: InlinePtr #cards 5 size 8 Array Of Cards #cards 12 size 40 Howl #buckets 4 coarsen threshold 1843 Howl Bitmap #cards 512 size 80 coarsen threshold 460 Card regions per heap region 1 cards per card region 2048
 CPUs: 8 total, 8 available
 Memory: 8192M
 Large Page Support: Disabled
 NUMA Support: Disabled
 Compressed Oops: Enabled (Zero based)
 Heap Region Size: 1M
 Heap Min Capacity: 8M
 Heap Initial Capacity: 128M
 Heap Max Capacity: 2G
 Pre-touch: Disabled
 Parallel Workers: 8
 Concurrent Workers: 2
 Concurrent Refinement Workers: 8
 Periodic GC: Disabled

Heap:
 garbage-first heap   total 133120K, used 61705K [0x0000000780000000, 0x0000000800000000)
  region size 1024K, 61 young (62464K), 4 survivors (4096K)
 Metaspace       used 12273K, committed 12480K, reserved 1114112K
  class space    used 1406K, committed 1472K, reserved 1048576K

Heap Regions: E=young(eden), S=young(survivor), O=old, HS=humongous(starts), HC=humongous(continues), CS=collection set, F=free, TAMS=top-at-mark-start, PB=parsable bottom
|   0|0x0000000780000000, 0x0000000780005550, 0x0000000780100000|  2%| O|  |TAMS 0x0000000780000000| PB 0x0000000780000000| Untracked 
|   1|0x0000000780100000, 0x0000000780100000, 0x0000000780200000|  0%| F|  |TAMS 0x0000000780100000| PB 0x0000000780100000| Untracked 
|   2|0x0000000780200000, 0x0000000780200000, 0x0000000780300000|  0%| F|  |TAMS 0x0000000780200000| PB 0x0000000780200000| Untracked 
|   3|0x0000000780300000, 0x0000000780300000, 0x0000000780400000|  0%| F|  |TAMS 0x0000000780300000| PB 0x0000000780300000| Untracked 
|   4|0x0000000780400000, 0x0000000780400000, 0x0000000780500000|  0%| F|  |TAMS 0x0000000780400000| PB 0x0000000780400000| Untracked 
|   5|0x0000000780500000, 0x0000000780500000, 0x0000000780600000|  0%| F|  |TAMS 0x0000000780500000| PB 0x0000000780500000| Untracked 
|   6|0x0000000780600000, 0x0000000780600000, 0x0000000780700000|  0%| F|  |TAMS 0x0000000780600000| PB 0x0000000780600000| Untracked 
|   7|0x0000000780700000, 0x0000000780700000, 0x0000000780800000|  0%| F|  |TAMS 0x0000000780700000| PB 0x0000000780700000| Untracked 
|   8|0x0000000780800000, 0x0000000780800000, 0x0000000780900000|  0%| F|  |TAMS 0x0000000780800000| PB 0x0000000780800000| Untracked 
|   9|0x0000000780900000, 0x0000000780900000, 0x0000000780a00000|  0%| F|  |TAMS 0x0000000780900000| PB 0x0000000780900000| Untracked 
|  10|0x0000000780a00000, 0x0000000780a00000, 0x0000000780b00000|  0%| F|  |TAMS 0x0000000780a00000| PB 0x0000000780a00000| Untracked 
|  11|0x0000000780b00000, 0x0000000780b00000, 0x0000000780c00000|  0%| F|  |TAMS 0x0000000780b00000| PB 0x0000000780b00000| Untracked 
|  12|0x0000000780c00000, 0x0000000780c00000, 0x0000000780d00000|  0%| F|  |TAMS 0x0000000780c00000| PB 0x0000000780c00000| Untracked 
|  13|0x0000000780d00000, 0x0000000780d00000, 0x0000000780e00000|  0%| F|  |TAMS 0x0000000780d00000| PB 0x0000000780d00000| Untracked 
|  14|0x0000000780e00000, 0x0000000780e00000, 0x0000000780f00000|  0%| F|  |TAMS 0x0000000780e00000| PB 0x0000000780e00000| Untracked 
|  15|0x0000000780f00000, 0x0000000780f00000, 0x0000000781000000|  0%| F|  |TAMS 0x0000000780f00000| PB 0x0000000780f00000| Untracked 
|  16|0x0000000781000000, 0x0000000781000000, 0x0000000781100000|  0%| F|  |TAMS 0x0000000781000000| PB 0x0000000781000000| Untracked 
|  17|0x0000000781100000, 0x0000000781100000, 0x0000000781200000|  0%| F|  |TAMS 0x0000000781100000| PB 0x0000000781100000| Untracked 
|  18|0x0000000781200000, 0x0000000781200000, 0x0000000781300000|  0%| F|  |TAMS 0x0000000781200000| PB 0x0000000781200000| Untracked 
|  19|0x0000000781300000, 0x0000000781300000, 0x0000000781400000|  0%| F|  |TAMS 0x0000000781300000| PB 0x0000000781300000| Untracked 
|  20|0x0000000781400000, 0x0000000781400000, 0x0000000781500000|  0%| F|  |TAMS 0x0000000781400000| PB 0x0000000781400000| Untracked 
|  21|0x0000000781500000, 0x0000000781500000, 0x0000000781600000|  0%| F|  |TAMS 0x0000000781500000| PB 0x0000000781500000| Untracked 
|  22|0x0000000781600000, 0x0000000781600000, 0x0000000781700000|  0%| F|  |TAMS 0x0000000781600000| PB 0x0000000781600000| Untracked 
|  23|0x0000000781700000, 0x0000000781700000, 0x0000000781800000|  0%| F|  |TAMS 0x0000000781700000| PB 0x0000000781700000| Untracked 
|  24|0x0000000781800000, 0x0000000781800000, 0x0000000781900000|  0%| F|  |TAMS 0x0000000781800000| PB 0x0000000781800000| Untracked 
|  25|0x0000000781900000, 0x0000000781900000, 0x0000000781a00000|  0%| F|  |TAMS 0x0000000781900000| PB 0x0000000781900000| Untracked 
|  26|0x0000000781a00000, 0x0000000781a00000, 0x0000000781b00000|  0%| F|  |TAMS 0x0000000781a00000| PB 0x0000000781a00000| Untracked 
|  27|0x0000000781b00000, 0x0000000781b00000, 0x0000000781c00000|  0%| F|  |TAMS 0x0000000781b00000| PB 0x0000000781b00000| Untracked 
|  28|0x0000000781c00000, 0x0000000781c00000, 0x0000000781d00000|  0%| F|  |TAMS 0x0000000781c00000| PB 0x0000000781c00000| Untracked 
|  29|0x0000000781d00000, 0x0000000781d00000, 0x0000000781e00000|  0%| F|  |TAMS 0x0000000781d00000| PB 0x0000000781d00000| Untracked 
|  30|0x0000000781e00000, 0x0000000781e00000, 0x0000000781f00000|  0%| F|  |TAMS 0x0000000781e00000| PB 0x0000000781e00000| Untracked 
|  31|0x0000000781f00000, 0x0000000781f00000, 0x0000000782000000|  0%| F|  |TAMS 0x0000000781f00000| PB 0x0000000781f00000| Untracked 
|  32|0x0000000782000000, 0x0000000782000000, 0x0000000782100000|  0%| F|  |TAMS 0x0000000782000000| PB 0x0000000782000000| Untracked 
|  33|0x0000000782100000, 0x0000000782100000, 0x0000000782200000|  0%| F|  |TAMS 0x0000000782100000| PB 0x0000000782100000| Untracked 
|  34|0x0000000782200000, 0x0000000782200000, 0x0000000782300000|  0%| F|  |TAMS 0x0000000782200000| PB 0x0000000782200000| Untracked 
|  35|0x0000000782300000, 0x0000000782300000, 0x0000000782400000|  0%| F|  |TAMS 0x0000000782300000| PB 0x0000000782300000| Untracked 
|  36|0x0000000782400000, 0x0000000782400000, 0x0000000782500000|  0%| F|  |TAMS 0x0000000782400000| PB 0x0000000782400000| Untracked 
|  37|0x0000000782500000, 0x0000000782500000, 0x0000000782600000|  0%| F|  |TAMS 0x0000000782500000| PB 0x0000000782500000| Untracked 
|  38|0x0000000782600000, 0x0000000782600000, 0x0000000782700000|  0%| F|  |TAMS 0x0000000782600000| PB 0x0000000782600000| Untracked 
|  39|0x0000000782700000, 0x0000000782700000, 0x0000000782800000|  0%| F|  |TAMS 0x0000000782700000| PB 0x0000000782700000| Untracked 
|  40|0x0000000782800000, 0x0000000782800000, 0x0000000782900000|  0%| F|  |TAMS 0x0000000782800000| PB 0x0000000782800000| Untracked 
|  41|0x0000000782900000, 0x0000000782900000, 0x0000000782a00000|  0%| F|  |TAMS 0x0000000782900000| PB 0x0000000782900000| Untracked 
|  42|0x0000000782a00000, 0x0000000782a00000, 0x0000000782b00000|  0%| F|  |TAMS 0x0000000782a00000| PB 0x0000000782a00000| Untracked 
|  43|0x0000000782b00000, 0x0000000782b00000, 0x0000000782c00000|  0%| F|  |TAMS 0x0000000782b00000| PB 0x0000000782b00000| Untracked 
|  44|0x0000000782c00000, 0x0000000782c00000, 0x0000000782d00000|  0%| F|  |TAMS 0x0000000782c00000| PB 0x0000000782c00000| Untracked 
|  45|0x0000000782d00000, 0x0000000782d00000, 0x0000000782e00000|  0%| F|  |TAMS 0x0000000782d00000| PB 0x0000000782d00000| Untracked 
|  46|0x0000000782e00000, 0x0000000782e00000, 0x0000000782f00000|  0%| F|  |TAMS 0x0000000782e00000| PB 0x0000000782e00000| Untracked 
|  47|0x0000000782f00000, 0x0000000782f00000, 0x0000000783000000|  0%| F|  |TAMS 0x0000000782f00000| PB 0x0000000782f00000| Untracked 
|  48|0x0000000783000000, 0x0000000783000000, 0x0000000783100000|  0%| F|  |TAMS 0x0000000783000000| PB 0x0000000783000000| Untracked 
|  49|0x0000000783100000, 0x0000000783100000, 0x0000000783200000|  0%| F|  |TAMS 0x0000000783100000| PB 0x0000000783100000| Untracked 
|  50|0x0000000783200000, 0x0000000783200000, 0x0000000783300000|  0%| F|  |TAMS 0x0000000783200000| PB 0x0000000783200000| Untracked 
|  51|0x0000000783300000, 0x0000000783300000, 0x0000000783400000|  0%| F|  |TAMS 0x0000000783300000| PB 0x0000000783300000| Untracked 
|  52|0x0000000783400000, 0x0000000783437040, 0x0000000783500000| 21%| S|CS|TAMS 0x0000000783400000| PB 0x0000000783400000| Complete 
|  53|0x0000000783500000, 0x0000000783600000, 0x0000000783600000|100%| S|CS|TAMS 0x0000000783500000| PB 0x0000000783500000| Complete 
|  54|0x0000000783600000, 0x0000000783700000, 0x0000000783700000|100%| S|CS|TAMS 0x0000000783600000| PB 0x0000000783600000| Complete 
|  55|0x0000000783700000, 0x0000000783800000, 0x0000000783800000|100%| S|CS|TAMS 0x0000000783700000| PB 0x0000000783700000| Complete 
|  56|0x0000000783800000, 0x0000000783800000, 0x0000000783900000|  0%| F|  |TAMS 0x0000000783800000| PB 0x0000000783800000| Untracked 
|  57|0x0000000783900000, 0x0000000783900000, 0x0000000783a00000|  0%| F|  |TAMS 0x0000000783900000| PB 0x0000000783900000| Untracked 
|  58|0x0000000783a00000, 0x0000000783a00000, 0x0000000783b00000|  0%| F|  |TAMS 0x0000000783a00000| PB 0x0000000783a00000| Untracked 
|  59|0x0000000783b00000, 0x0000000783b00000, 0x0000000783c00000|  0%| F|  |TAMS 0x0000000783b00000| PB 0x0000000783b00000| Untracked 
|  60|0x0000000783c00000, 0x0000000783c00000, 0x0000000783d00000|  0%| F|  |TAMS 0x0000000783c00000| PB 0x0000000783c00000| Untracked 
|  61|0x0000000783d00000, 0x0000000783d00000, 0x0000000783e00000|  0%| F|  |TAMS 0x0000000783d00000| PB 0x0000000783d00000| Untracked 
|  62|0x0000000783e00000, 0x0000000783e00000, 0x0000000783f00000|  0%| F|  |TAMS 0x0000000783e00000| PB 0x0000000783e00000| Untracked 
|  63|0x0000000783f00000, 0x0000000783f00000, 0x0000000784000000|  0%| F|  |TAMS 0x0000000783f00000| PB 0x0000000783f00000| Untracked 
|  64|0x0000000784000000, 0x0000000784000000, 0x0000000784100000|  0%| F|  |TAMS 0x0000000784000000| PB 0x0000000784000000| Untracked 
|  65|0x0000000784100000, 0x0000000784100000, 0x0000000784200000|  0%| F|  |TAMS 0x0000000784100000| PB 0x0000000784100000| Untracked 
|  66|0x0000000784200000, 0x0000000784200000, 0x0000000784300000|  0%| F|  |TAMS 0x0000000784200000| PB 0x0000000784200000| Untracked 
|  67|0x0000000784300000, 0x0000000784300000, 0x0000000784400000|  0%| F|  |TAMS 0x0000000784300000| PB 0x0000000784300000| Untracked 
|  68|0x0000000784400000, 0x0000000784400000, 0x0000000784500000|  0%| F|  |TAMS 0x0000000784400000| PB 0x0000000784400000| Untracked 
|  69|0x0000000784500000, 0x0000000784500000, 0x0000000784600000|  0%| F|  |TAMS 0x0000000784500000| PB 0x0000000784500000| Untracked 
|  70|0x0000000784600000, 0x0000000784600000, 0x0000000784700000|  0%| F|  |TAMS 0x0000000784600000| PB 0x0000000784600000| Untracked 
|  71|0x0000000784700000, 0x0000000784800000, 0x0000000784800000|100%| E|  |TAMS 0x0000000784700000| PB 0x0000000784700000| Complete 
|  72|0x0000000784800000, 0x0000000784900000, 0x0000000784900000|100%| E|CS|TAMS 0x0000000784800000| PB 0x0000000784800000| Complete 
|  73|0x0000000784900000, 0x0000000784a00000, 0x0000000784a00000|100%| E|CS|TAMS 0x0000000784900000| PB 0x0000000784900000| Complete 
|  74|0x0000000784a00000, 0x0000000784b00000, 0x0000000784b00000|100%| E|CS|TAMS 0x0000000784a00000| PB 0x0000000784a00000| Complete 
|  75|0x0000000784b00000, 0x0000000784c00000, 0x0000000784c00000|100%| E|CS|TAMS 0x0000000784b00000| PB 0x0000000784b00000| Complete 
|  76|0x0000000784c00000, 0x0000000784d00000, 0x0000000784d00000|100%| E|CS|TAMS 0x0000000784c00000| PB 0x0000000784c00000| Complete 
|  77|0x0000000784d00000, 0x0000000784e00000, 0x0000000784e00000|100%| E|CS|TAMS 0x0000000784d00000| PB 0x0000000784d00000| Complete 
|  78|0x0000000784e00000, 0x0000000784f00000, 0x0000000784f00000|100%| E|CS|TAMS 0x0000000784e00000| PB 0x0000000784e00000| Complete 
|  79|0x0000000784f00000, 0x0000000785000000, 0x0000000785000000|100%| E|CS|TAMS 0x0000000784f00000| PB 0x0000000784f00000| Complete 
|  80|0x0000000785000000, 0x0000000785100000, 0x0000000785100000|100%| E|CS|TAMS 0x0000000785000000| PB 0x0000000785000000| Complete 
|  81|0x0000000785100000, 0x0000000785200000, 0x0000000785200000|100%| E|CS|TAMS 0x0000000785100000| PB 0x0000000785100000| Complete 
|  82|0x0000000785200000, 0x0000000785300000, 0x0000000785300000|100%| E|CS|TAMS 0x0000000785200000| PB 0x0000000785200000| Complete 
|  83|0x0000000785300000, 0x0000000785400000, 0x0000000785400000|100%| E|CS|TAMS 0x0000000785300000| PB 0x0000000785300000| Complete 
|  84|0x0000000785400000, 0x0000000785500000, 0x0000000785500000|100%| E|CS|TAMS 0x0000000785400000| PB 0x0000000785400000| Complete 
|  85|0x0000000785500000, 0x0000000785600000, 0x0000000785600000|100%| E|CS|TAMS 0x0000000785500000| PB 0x0000000785500000| Complete 
|  86|0x0000000785600000, 0x0000000785700000, 0x0000000785700000|100%| E|CS|TAMS 0x0000000785600000| PB 0x0000000785600000| Complete 
|  87|0x0000000785700000, 0x0000000785800000, 0x0000000785800000|100%| E|CS|TAMS 0x0000000785700000| PB 0x0000000785700000| Complete 
|  88|0x0000000785800000, 0x0000000785900000, 0x0000000785900000|100%| E|CS|TAMS 0x0000000785800000| PB 0x0000000785800000| Complete 
|  89|0x0000000785900000, 0x0000000785a00000, 0x0000000785a00000|100%| E|CS|TAMS 0x0000000785900000| PB 0x0000000785900000| Complete 
|  90|0x0000000785a00000, 0x0000000785b00000, 0x0000000785b00000|100%| E|CS|TAMS 0x0000000785a00000| PB 0x0000000785a00000| Complete 
|  91|0x0000000785b00000, 0x0000000785c00000, 0x0000000785c00000|100%| E|CS|TAMS 0x0000000785b00000| PB 0x0000000785b00000| Complete 
|  92|0x0000000785c00000, 0x0000000785d00000, 0x0000000785d00000|100%| E|CS|TAMS 0x0000000785c00000| PB 0x0000000785c00000| Complete 
|  93|0x0000000785d00000, 0x0000000785e00000, 0x0000000785e00000|100%| E|CS|TAMS 0x0000000785d00000| PB 0x0000000785d00000| Complete 
|  94|0x0000000785e00000, 0x0000000785f00000, 0x0000000785f00000|100%| E|CS|TAMS 0x0000000785e00000| PB 0x0000000785e00000| Complete 
|  95|0x0000000785f00000, 0x0000000786000000, 0x0000000786000000|100%| E|CS|TAMS 0x0000000785f00000| PB 0x0000000785f00000| Complete 
|  96|0x0000000786000000, 0x0000000786100000, 0x0000000786100000|100%| E|CS|TAMS 0x0000000786000000| PB 0x0000000786000000| Complete 
|  97|0x0000000786100000, 0x0000000786200000, 0x0000000786200000|100%| E|CS|TAMS 0x0000000786100000| PB 0x0000000786100000| Complete 
|  98|0x0000000786200000, 0x0000000786300000, 0x0000000786300000|100%| E|CS|TAMS 0x0000000786200000| PB 0x0000000786200000| Complete 
|  99|0x0000000786300000, 0x0000000786400000, 0x0000000786400000|100%| E|CS|TAMS 0x0000000786300000| PB 0x0000000786300000| Complete 
| 100|0x0000000786400000, 0x0000000786500000, 0x0000000786500000|100%| E|CS|TAMS 0x0000000786400000| PB 0x0000000786400000| Complete 
| 101|0x0000000786500000, 0x0000000786600000, 0x0000000786600000|100%| E|CS|TAMS 0x0000000786500000| PB 0x0000000786500000| Complete 
| 102|0x0000000786600000, 0x0000000786700000, 0x0000000786700000|100%| E|CS|TAMS 0x0000000786600000| PB 0x0000000786600000| Complete 
| 103|0x0000000786700000, 0x0000000786800000, 0x0000000786800000|100%| E|CS|TAMS 0x0000000786700000| PB 0x0000000786700000| Complete 
| 104|0x0000000786800000, 0x0000000786900000, 0x0000000786900000|100%| E|CS|TAMS 0x0000000786800000| PB 0x0000000786800000| Complete 
| 105|0x0000000786900000, 0x0000000786a00000, 0x0000000786a00000|100%| E|CS|TAMS 0x0000000786900000| PB 0x0000000786900000| Complete 
| 106|0x0000000786a00000, 0x0000000786b00000, 0x0000000786b00000|100%| E|CS|TAMS 0x0000000786a00000| PB 0x0000000786a00000| Complete 
| 107|0x0000000786b00000, 0x0000000786c00000, 0x0000000786c00000|100%| E|CS|TAMS 0x0000000786b00000| PB 0x0000000786b00000| Complete 
| 108|0x0000000786c00000, 0x0000000786d00000, 0x0000000786d00000|100%| E|CS|TAMS 0x0000000786c00000| PB 0x0000000786c00000| Complete 
| 109|0x0000000786d00000, 0x0000000786e00000, 0x0000000786e00000|100%| E|CS|TAMS 0x0000000786d00000| PB 0x0000000786d00000| Complete 
| 110|0x0000000786e00000, 0x0000000786f00000, 0x0000000786f00000|100%| E|CS|TAMS 0x0000000786e00000| PB 0x0000000786e00000| Complete 
| 111|0x0000000786f00000, 0x0000000787000000, 0x0000000787000000|100%| E|CS|TAMS 0x0000000786f00000| PB 0x0000000786f00000| Complete 
| 112|0x0000000787000000, 0x0000000787100000, 0x0000000787100000|100%| E|CS|TAMS 0x0000000787000000| PB 0x0000000787000000| Complete 
| 113|0x0000000787100000, 0x0000000787200000, 0x0000000787200000|100%| E|CS|TAMS 0x0000000787100000| PB 0x0000000787100000| Complete 
| 114|0x0000000787200000, 0x0000000787300000, 0x0000000787300000|100%| E|CS|TAMS 0x0000000787200000| PB 0x0000000787200000| Complete 
| 115|0x0000000787300000, 0x0000000787400000, 0x0000000787400000|100%| E|CS|TAMS 0x0000000787300000| PB 0x0000000787300000| Complete 
| 116|0x0000000787400000, 0x0000000787500000, 0x0000000787500000|100%| E|CS|TAMS 0x0000000787400000| PB 0x0000000787400000| Complete 
| 117|0x0000000787500000, 0x0000000787600000, 0x0000000787600000|100%| E|CS|TAMS 0x0000000787500000| PB 0x0000000787500000| Complete 
| 118|0x0000000787600000, 0x0000000787700000, 0x0000000787700000|100%| E|CS|TAMS 0x0000000787600000| PB 0x0000000787600000| Complete 
| 119|0x0000000787700000, 0x0000000787800000, 0x0000000787800000|100%| E|CS|TAMS 0x0000000787700000| PB 0x0000000787700000| Complete 
| 120|0x0000000787800000, 0x0000000787900000, 0x0000000787900000|100%| E|CS|TAMS 0x0000000787800000| PB 0x0000000787800000| Complete 
| 121|0x0000000787900000, 0x0000000787a00000, 0x0000000787a00000|100%| E|CS|TAMS 0x0000000787900000| PB 0x0000000787900000| Complete 
| 122|0x0000000787a00000, 0x0000000787b00000, 0x0000000787b00000|100%| E|CS|TAMS 0x0000000787a00000| PB 0x0000000787a00000| Complete 
| 123|0x0000000787b00000, 0x0000000787c00000, 0x0000000787c00000|100%| E|CS|TAMS 0x0000000787b00000| PB 0x0000000787b00000| Complete 
| 124|0x0000000787c00000, 0x0000000787d00000, 0x0000000787d00000|100%| E|CS|TAMS 0x0000000787c00000| PB 0x0000000787c00000| Complete 
| 125|0x0000000787d00000, 0x0000000787e00000, 0x0000000787e00000|100%| E|CS|TAMS 0x0000000787d00000| PB 0x0000000787d00000| Complete 
| 126|0x0000000787e00000, 0x0000000787f00000, 0x0000000787f00000|100%| E|CS|TAMS 0x0000000787e00000| PB 0x0000000787e00000| Complete 
| 127|0x0000000787f00000, 0x0000000788000000, 0x0000000788000000|100%| E|CS|TAMS 0x0000000787f00000| PB 0x0000000787f00000| Complete 
|2046|0x00000007ffe00000, 0x00000007fff00000, 0x00000007fff00000|100%| O|  |TAMS 0x00000007ffe00000| PB 0x00000007ffe00000| Untracked 
|2047|0x00000007fff00000, 0x00000007fff05f30, 0x0000000800000000|  2%| O|  |TAMS 0x00000007fff00000| PB 0x00000007fff00000| Untracked 

Card table byte_map: [0x000000010b7f6000,0x000000010bbf6000] _byte_map_base: 0x0000000107bf6000

Marking Bits: (CMBitMap*) 0x00007f9fdb045a10
 Bits: [0x0000000121a9b000, 0x0000000123a9b000)

Polling page: 0x000000010b0ba000

Metaspace:

Usage:
  Non-class:     10.61 MB used.
      Class:      1.37 MB used.
       Both:     11.99 MB used.

Virtual space:
  Non-class space:       64.00 MB reserved,      10.75 MB ( 17%) committed,  1 nodes.
      Class space:        1.00 GB reserved,       1.44 MB ( <1%) committed,  1 nodes.
             Both:        1.06 GB reserved,      12.19 MB (  1%) committed. 

Chunk freelists:
   Non-Class:  4.97 MB
       Class:  14.56 MB
        Both:  19.53 MB

MaxMetaspaceSize: unlimited
CompressedClassSpaceSize: 1.00 GB
Initial GC threshold: 21.00 MB
Current GC threshold: 21.00 MB
CDS: on
 - commit_granule_bytes: 65536.
 - commit_granule_words: 8192.
 - virtual_space_node_default_size: 8388608.
 - enlarge_chunks_in_place: 1.
 - use_allocation_guard: 0.


Internal statistics:

num_allocs_failed_limit: 0.
num_arena_births: 222.
num_arena_deaths: 0.
num_vsnodes_births: 2.
num_vsnodes_deaths: 0.
num_space_committed: 195.
num_space_uncommitted: 0.
num_chunks_returned_to_freelist: 0.
num_chunks_taken_from_freelist: 300.
num_chunk_merges: 0.
num_chunk_splits: 187.
num_chunks_enlarged: 91.
num_inconsistent_stats: 0.

CodeHeap 'non-profiled nmethods': size=120028Kb used=3113Kb max_used=3113Kb free=116914Kb
 bounds [0x000000011a564000, 0x000000011a874000, 0x0000000121a9b000]
CodeHeap 'profiled nmethods': size=120028Kb used=6171Kb max_used=6171Kb free=113857Kb
 bounds [0x0000000112a9b000, 0x00000001130ab000, 0x0000000119fd2000]
CodeHeap 'non-nmethods': size=5704Kb used=1661Kb max_used=1717Kb free=4042Kb
 bounds [0x0000000119fd2000, 0x000000011a242000, 0x000000011a564000]
 total_blobs=3823 nmethods=3096 adapters=633
 compilation: enabled
              stopped_count=0, restarted_count=0
 full_count=0

Compilation events (20 events):
Event: 21.139 Thread 0x00007f9fdc016800 3087       3       com.apple.laf.AquaButtonUI$AquaButtonListener::focusLost (24 bytes)
Event: 21.139 Thread 0x00007f9fdc016800 nmethod 3087 0x0000000113093110 code [0x00000001130932e0, 0x0000000113093778]
Event: 21.141 Thread 0x00007f9fdc016800 3088       3       java.awt.Component::requestFocusHelper (360 bytes)
Event: 21.143 Thread 0x00007f9fdc016800 nmethod 3088 0x0000000113093910 code [0x0000000113094140, 0x0000000113098b30]
Event: 21.144 Thread 0x00007f9fdc016800 3089       3       java.awt.AWTEventMulticaster::focusLost (27 bytes)
Event: 21.144 Thread 0x00007f9fdc016800 nmethod 3089 0x000000011309a210 code [0x000000011309a3e0, 0x000000011309a8b8]
Event: 21.144 Thread 0x00007f9fdc016800 3090       3       java.awt.DefaultKeyboardFocusManager::hasMarker (42 bytes)
Event: 21.145 Thread 0x00007f9fdc016800 nmethod 3090 0x000000011309aa10 code [0x000000011309ac60, 0x000000011309b5d8]
Event: 21.145 Thread 0x00007f9fdc016800 3091   !   3       sun.awt.im.InputContext::focusGained (234 bytes)
Event: 21.145 Thread 0x00007f9fdc016800 nmethod 3091 0x000000011309b910 code [0x000000011309bd00, 0x000000011309dd10]
Event: 21.147 Thread 0x00007f9fdc016800 3092   !   3       javax.swing.JComponent$2::acceptRequestFocus (148 bytes)
Event: 21.147 Thread 0x00007f9fdc016800 nmethod 3092 0x000000011309e890 code [0x000000011309eba0, 0x000000011309fb38]
Event: 21.147 Thread 0x00007f9fdc016800 3093       3       javax.swing.JComponent::getInputVerifier (11 bytes)
Event: 21.147 Thread 0x00007f9fdc016800 nmethod 3093 0x00000001130a0110 code [0x00000001130a02c0, 0x00000001130a0540]
Event: 21.153 Thread 0x00007f9fdc016800 3094   !   3       java.awt.AWTEvent::setSource (88 bytes)
Event: 21.153 Thread 0x00007f9fdc016800 nmethod 3094 0x00000001130a0610 code [0x00000001130a0800, 0x00000001130a0f90]
Event: 21.153 Thread 0x00007f9fdc016800 3095       3       sun.lwawt.macosx.CAccessibility::getFocusOwner (15 bytes)
Event: 21.154 Thread 0x00007f9fdc016800 nmethod 3095 0x00000001130a1190 code [0x00000001130a1360, 0x00000001130a1700]
Event: 21.154 Thread 0x00007f9fdc016800 3096       3       sun.lwawt.macosx.CAccessibility$32::<init> (5 bytes)
Event: 21.154 Thread 0x00007f9fdc016800 nmethod 3096 0x00000001130a1890 code [0x00000001130a1a20, 0x00000001130a1b80]

GC Heap History (12 events):
Event: 9.535 GC heap before
{Heap before GC invocations=0 (full 0):
 garbage-first heap   total 133120K, used 24599K [0x0000000780000000, 0x0000000800000000)
  region size 1024K, 23 young (23552K), 0 survivors (0K)
 Metaspace       used 11468K, committed 11648K, reserved 1114112K
  class space    used 1310K, committed 1408K, reserved 1048576K
}
Event: 9.563 GC heap after
{Heap after GC invocations=1 (full 0):
 garbage-first heap   total 133120K, used 4141K [0x0000000780000000, 0x0000000800000000)
  region size 1024K, 3 young (3072K), 3 survivors (3072K)
 Metaspace       used 11468K, committed 11648K, reserved 1114112K
  class space    used 1310K, committed 1408K, reserved 1048576K
}
Event: 10.755 GC heap before
{Heap before GC invocations=1 (full 0):
 garbage-first heap   total 133120K, used 46125K [0x0000000780000000, 0x0000000800000000)
  region size 1024K, 44 young (45056K), 3 survivors (3072K)
 Metaspace       used 11583K, committed 11840K, reserved 1114112K
  class space    used 1310K, committed 1408K, reserved 1048576K
}
Event: 10.766 GC heap after
{Heap after GC invocations=2 (full 0):
 garbage-first heap   total 133120K, used 4341K [0x0000000780000000, 0x0000000800000000)
  region size 1024K, 4 young (4096K), 4 survivors (4096K)
 Metaspace       used 11583K, committed 11840K, reserved 1114112K
  class space    used 1310K, committed 1408K, reserved 1048576K
}
Event: 12.209 GC heap before
{Heap before GC invocations=2 (full 0):
 garbage-first heap   total 133120K, used 78069K [0x0000000780000000, 0x0000000800000000)
  region size 1024K, 76 young (77824K), 4 survivors (4096K)
 Metaspace       used 11587K, committed 11840K, reserved 1114112K
  class space    used 1310K, committed 1408K, reserved 1048576K
}
Event: 12.214 GC heap after
{Heap after GC invocations=3 (full 0):
 garbage-first heap   total 133120K, used 4369K [0x0000000780000000, 0x0000000800000000)
  region size 1024K, 4 young (4096K), 4 survivors (4096K)
 Metaspace       used 11587K, committed 11840K, reserved 1114112K
  class space    used 1310K, committed 1408K, reserved 1048576K
}
Event: 13.402 GC heap before
{Heap before GC invocations=3 (full 0):
 garbage-first heap   total 133120K, used 78097K [0x0000000780000000, 0x0000000800000000)
  region size 1024K, 76 young (77824K), 4 survivors (4096K)
 Metaspace       used 11619K, committed 11904K, reserved 1114112K
  class space    used 1313K, committed 1408K, reserved 1048576K
}
Event: 13.406 GC heap after
{Heap after GC invocations=4 (full 0):
 garbage-first heap   total 133120K, used 4413K [0x0000000780000000, 0x0000000800000000)
  region size 1024K, 4 young (4096K), 4 survivors (4096K)
 Metaspace       used 11619K, committed 11904K, reserved 1114112K
  class space    used 1313K, committed 1408K, reserved 1048576K
}
Event: 14.545 GC heap before
{Heap before GC invocations=4 (full 0):
 garbage-first heap   total 133120K, used 78141K [0x0000000780000000, 0x0000000800000000)
  region size 1024K, 76 young (77824K), 4 survivors (4096K)
 Metaspace       used 11619K, committed 11904K, reserved 1114112K
  class space    used 1313K, committed 1408K, reserved 1048576K
}
Event: 14.547 GC heap after
{Heap after GC invocations=5 (full 0):
 garbage-first heap   total 133120K, used 4369K [0x0000000780000000, 0x0000000800000000)
  region size 1024K, 4 young (4096K), 4 survivors (4096K)
 Metaspace       used 11619K, committed 11904K, reserved 1114112K
  class space    used 1313K, committed 1408K, reserved 1048576K
}
Event: 18.634 GC heap before
{Heap before GC invocations=5 (full 0):
 garbage-first heap   total 133120K, used 78097K [0x0000000780000000, 0x0000000800000000)
  region size 1024K, 76 young (77824K), 4 survivors (4096K)
 Metaspace       used 11619K, committed 11904K, reserved 1114112K
  class space    used 1313K, committed 1408K, reserved 1048576K
}
Event: 18.643 GC heap after
{Heap after GC invocations=6 (full 0):
 garbage-first heap   total 133120K, used 4361K [0x0000000780000000, 0x0000000800000000)
  region size 1024K, 4 young (4096K), 4 survivors (4096K)
 Metaspace       used 11619K, committed 11904K, reserved 1114112K
  class space    used 1313K, committed 1408K, reserved 1048576K
}

Dll operation events (9 events):
Event: 0.029 Loaded shared library /Users/nenesaurio/.p2/pool/plugins/org.eclipse.justj.openjdk.hotspot.jre.full.macosx.x86_64_21.0.7.v20250502-0916/jre/lib/libjava.dylib
Event: 0.342 Loaded shared library /Users/nenesaurio/.p2/pool/plugins/org.eclipse.justj.openjdk.hotspot.jre.full.macosx.x86_64_21.0.7.v20250502-0916/jre/lib/libzip.dylib
Event: 0.401 Loaded shared library /Users/nenesaurio/.p2/pool/plugins/org.eclipse.justj.openjdk.hotspot.jre.full.macosx.x86_64_21.0.7.v20250502-0916/jre/lib/libnio.dylib
Event: 0.405 Loaded shared library /Users/nenesaurio/.p2/pool/plugins/org.eclipse.justj.openjdk.hotspot.jre.full.macosx.x86_64_21.0.7.v20250502-0916/jre/lib/libjimage.dylib
Event: 0.455 Loaded shared library /Users/nenesaurio/.p2/pool/plugins/org.eclipse.justj.openjdk.hotspot.jre.full.macosx.x86_64_21.0.7.v20250502-0916/jre/lib/libawt.dylib
Event: 0.531 Loaded shared library /Users/nenesaurio/.p2/pool/plugins/org.eclipse.justj.openjdk.hotspot.jre.full.macosx.x86_64_21.0.7.v20250502-0916/jre/lib/libawt_lwawt.dylib
Event: 0.649 Loaded shared library /Users/nenesaurio/.p2/pool/plugins/org.eclipse.justj.openjdk.hotspot.jre.full.macosx.x86_64_21.0.7.v20250502-0916/jre/lib/libfontmanager.dylib
Event: 2.050 Loaded shared library /Users/nenesaurio/.p2/pool/plugins/org.eclipse.justj.openjdk.hotspot.jre.full.macosx.x86_64_21.0.7.v20250502-0916/jre/lib/libosxui.dylib
Event: 2.454 Loaded shared library /Users/nenesaurio/.p2/pool/plugins/org.eclipse.justj.openjdk.hotspot.jre.full.macosx.x86_64_21.0.7.v20250502-0916/jre/lib/libzip.dylib

Deoptimization events (20 events):
Event: 20.133 Thread 0x00007f9fcc00a000 Uncommon trap: trap_request=0xffffffc6 fr.pc=0x000000011a7e8638 relative=0x0000000000000258
Event: 20.133 Thread 0x00007f9fcc00a000 Uncommon trap: reason=bimorphic_or_optimized_type_check action=maybe_recompile pc=0x000000011a7e8638 method=java.awt.Component.processEvent(Ljava/awt/AWTEvent;)V @ 12 c2
Event: 20.134 Thread 0x00007f9fcc00a000 DEOPT PACKING pc=0x000000011a7e8638 sp=0x000000030b23de80
Event: 20.134 Thread 0x00007f9fcc00a000 DEOPT UNPACKING pc=0x000000011a025f93 sp=0x000000030b23ddc0 mode 2
Event: 20.134 Thread 0x00007f9fcc00a000 Uncommon trap: trap_request=0xffffffc6 fr.pc=0x000000011a7e8638 relative=0x0000000000000258
Event: 20.134 Thread 0x00007f9fcc00a000 Uncommon trap: reason=bimorphic_or_optimized_type_check action=maybe_recompile pc=0x000000011a7e8638 method=java.awt.Component.processEvent(Ljava/awt/AWTEvent;)V @ 12 c2
Event: 20.134 Thread 0x00007f9fcc00a000 DEOPT PACKING pc=0x000000011a7e8638 sp=0x000000030b23de70
Event: 20.134 Thread 0x00007f9fcc00a000 DEOPT UNPACKING pc=0x000000011a025f93 sp=0x000000030b23ddb0 mode 2
Event: 20.139 Thread 0x00007f9fcc00a000 Uncommon trap: trap_request=0xffffffc6 fr.pc=0x000000011a7e906c relative=0x000000000000022c
Event: 20.140 Thread 0x00007f9fcc00a000 Uncommon trap: reason=bimorphic_or_optimized_type_check action=maybe_recompile pc=0x000000011a7e906c method=java.awt.Component.processEvent(Ljava/awt/AWTEvent;)V @ 12 c2
Event: 20.140 Thread 0x00007f9fcc00a000 DEOPT PACKING pc=0x000000011a7e906c sp=0x000000030b23de00
Event: 20.140 Thread 0x00007f9fcc00a000 DEOPT UNPACKING pc=0x000000011a025f93 sp=0x000000030b23ddb8 mode 2
Event: 20.686 Thread 0x00007f9fcc00a000 Uncommon trap: trap_request=0xffffff6e fr.pc=0x000000011a82e028 relative=0x00000000000015e8
Event: 20.686 Thread 0x00007f9fcc00a000 Uncommon trap: reason=loop_limit_check action=maybe_recompile pc=0x000000011a82e028 method=javax.swing.LayoutComparator.compare(Ljava/awt/Component;Ljava/awt/Component;)I @ 145 c2
Event: 20.686 Thread 0x00007f9fcc00a000 DEOPT PACKING pc=0x000000011a82e028 sp=0x000000030b23ceb0
Event: 20.686 Thread 0x00007f9fcc00a000 DEOPT UNPACKING pc=0x000000011a025f93 sp=0x000000030b23cea0 mode 2
Event: 21.109 Thread 0x00007f9fcc00a000 Uncommon trap: trap_request=0xffffff6e fr.pc=0x000000011a85c0e0 relative=0x0000000000000320
Event: 21.109 Thread 0x00007f9fcc00a000 Uncommon trap: reason=loop_limit_check action=maybe_recompile pc=0x000000011a85c0e0 method=java.awt.EventDispatchThread.filterAndCheckEvent(Ljava/awt/AWTEvent;)Z @ 22 c2
Event: 21.109 Thread 0x00007f9fcc00a000 DEOPT PACKING pc=0x000000011a85c0e0 sp=0x000000030b23e860
Event: 21.109 Thread 0x00007f9fcc00a000 DEOPT UNPACKING pc=0x000000011a025f93 sp=0x000000030b23e7f0 mode 2

Classes loaded (20 events):
Event: 19.974 Loading class javax/accessibility/AccessibleState
Event: 19.974 Loading class javax/accessibility/AccessibleState done
Event: 19.975 Loading class javax/swing/JButton$AccessibleJButton
Event: 19.975 Loading class javax/swing/AbstractButton$AccessibleAbstractButton
Event: 19.975 Loading class javax/accessibility/AccessibleAction
Event: 19.975 Loading class javax/accessibility/AccessibleAction done
Event: 19.975 Loading class javax/accessibility/AccessibleValue
Event: 19.975 Loading class javax/accessibility/AccessibleValue done
Event: 19.975 Loading class javax/accessibility/AccessibleText
Event: 19.975 Loading class javax/accessibility/AccessibleText done
Event: 19.975 Loading class javax/swing/AbstractButton$AccessibleAbstractButton done
Event: 19.975 Loading class javax/swing/JButton$AccessibleJButton done
Event: 20.014 Loading class java/lang/Throwable$WrappedPrintStream
Event: 20.015 Loading class java/lang/Throwable$PrintStreamOrWriter
Event: 20.015 Loading class java/lang/Throwable$PrintStreamOrWriter done
Event: 20.015 Loading class java/lang/Throwable$WrappedPrintStream done
Event: 20.016 Loading class java/lang/StackTraceElement$HashedModules
Event: 20.017 Loading class java/lang/StackTraceElement$HashedModules done
Event: 20.024 Loading class javax/swing/JPanel$AccessibleJPanel
Event: 20.025 Loading class javax/swing/JPanel$AccessibleJPanel done

Classes unloaded (0 events):
No events

Classes redefined (0 events):
No events

Internal exceptions (20 events):
Event: 2.680 Thread 0x00007f9fdb0cae00 Exception <a 'java/lang/NoSuchMethodError'{0x0000000787df2858}: 'void java.lang.invoke.DirectMethodHandle$Holder.invokeStatic(java.lang.Object, java.lang.Object, long)'> (0x0000000787df2858) 
thrown [src/hotspot/share/interpreter/linkResolver.cpp, line 773]
Event: 2.778 Thread 0x00007f9fdb0cae00 Exception <a 'java/lang/NoSuchMethodError'{0x000000078782e018}: 'void java.lang.invoke.DirectMethodHandle$Holder.invokeSpecial(java.lang.Object, java.lang.Object, long)'> (0x000000078782e018) 
thrown [src/hotspot/share/interpreter/linkResolver.cpp, line 773]
Event: 2.819 Thread 0x00007f9fdb0cae00 Exception <a 'java/lang/NoSuchMethodError'{0x000000078783b170}: 'void java.lang.invoke.DirectMethodHandle$Holder.invokeStatic(java.lang.Object, long)'> (0x000000078783b170) 
thrown [src/hotspot/share/interpreter/linkResolver.cpp, line 773]
Event: 2.839 Thread 0x00007f9fdb279c00 Exception <a 'java/lang/NoSuchMethodError'{0x00000007879206e8}: 'void java.lang.invoke.DirectMethodHandle$Holder.invokeStatic(java.lang.Object, java.lang.Object, java.lang.Object)'> (0x00000007879206e8) 
thrown [src/hotspot/share/interpreter/linkResolver.cpp, line 773]
Event: 2.938 Thread 0x00007f9fdb010a00 Exception <a 'java/lang/NoSuchMethodError'{0x0000000787877238}: 'void java.lang.invoke.DirectMethodHandle$Holder.invokeStatic(java.lang.Object, long, long)'> (0x0000000787877238) 
thrown [src/hotspot/share/interpreter/linkResolver.cpp, line 773]
Event: 2.939 Thread 0x00007f9fdb010a00 Exception <a 'java/lang/NoSuchMethodError'{0x000000078787c0b8}: 'java.lang.Object java.lang.invoke.DirectMethodHandle$Holder.newInvokeSpecial(java.lang.Object, long)'> (0x000000078787c0b8) 
thrown [src/hotspot/share/interpreter/linkResolver.cpp, line 773]
Event: 2.940 Thread 0x00007f9fdb010a00 Exception <a 'java/lang/NoSuchMethodError'{0x0000000787885770}: 'java.lang.Object java.lang.invoke.DirectMethodHandle$Holder.newInvokeSpecial(java.lang.Object, java.lang.Object, int)'> (0x0000000787885770) 
thrown [src/hotspot/share/interpreter/linkResolver.cpp, line 773]
Event: 7.501 Thread 0x00007f9fcc00a000 Exception <a 'java/lang/NoSuchMethodError'{0x000000078738e460}: 'java.lang.Object java.lang.invoke.DirectMethodHandle$Holder.newInvokeSpecial(java.lang.Object, java.lang.Object, int, java.lang.Object, java.lang.Object)'> (0x000000078738e460) 
thrown [src/hotspot/share/interpreter/linkResolver.cpp, line 773]
Event: 7.501 Thread 0x00007f9fcc00a000 Exception <a 'java/lang/NoSuchMethodError'{0x0000000787395910}: 'java.lang.Object java.lang.invoke.Invokers$Holder.linkToTargetMethod(java.lang.Object, int, java.lang.Object, java.lang.Object, java.lang.Object)'> (0x0000000787395910) 
thrown [src/hotspot/share/interpreter/linkResolver.cpp, line 773]
Event: 7.534 Thread 0x00007f9fcb2ecc00 Exception <a 'java/lang/NoSuchMethodError'{0x000000078725e368}: 'java.lang.Object java.lang.invoke.DirectMethodHandle$Holder.newInvokeSpecial(java.lang.Object, int, java.lang.Object)'> (0x000000078725e368) 
thrown [src/hotspot/share/interpreter/linkResolver.cpp, line 773]
Event: 8.346 Thread 0x00007f9fcc00a000 Exception <a 'java/lang/NoSuchMethodError'{0x00000007873e1aa0}: 'void java.lang.invoke.DirectMethodHandle$Holder.invokeSpecial(java.lang.Object, java.lang.Object, java.lang.Object, java.lang.Object, java.lang.Object)'> (0x00000007873e1aa0) 
thrown [src/hotspot/share/interpreter/linkResolver.cpp, line 773]
Event: 9.042 Thread 0x00007f9fcc2a8a00 Exception <a 'java/lang/NoSuchMethodError'{0x0000000786fc2c68}: 'java.lang.Object java.lang.invoke.DirectMethodHandle$Holder.newInvokeSpecial(java.lang.Object, java.lang.Object, java.lang.Object, java.lang.Object, int, java.lang.Object)'> (0x0000000786fc2c68) 
thrown [src/hotspot/share/interpreter/linkResolver.cpp, line 773]
Event: 9.043 Thread 0x00007f9fcc2a8a00 Exception <a 'java/lang/NoSuchMethodError'{0x0000000786fca1a8}: 'java.lang.Object java.lang.invoke.Invokers$Holder.linkToTargetMethod(java.lang.Object, java.lang.Object, java.lang.Object, int, java.lang.Object, java.lang.Object)'> (0x0000000786fca1a8) 
thrown [src/hotspot/share/interpreter/linkResolver.cpp, line 773]
Event: 9.073 Thread 0x00007f9fcc00a000 Implicit null exception at 0x000000011a5b1161 to 0x000000011a5b13d8
Event: 18.647 Thread 0x00007f9fcc00a000 Implicit null exception at 0x000000011a5c9e06 to 0x000000011a5cbc60
Event: 19.059 Thread 0x00007f9fcc00a000 Implicit null exception at 0x000000011a74e0ad to 0x000000011a74e5b8
Event: 19.059 Thread 0x00007f9fcc00a000 Implicit null exception at 0x000000011a747b8c to 0x000000011a74ab3c
Event: 19.064 Thread 0x00007f9fcc00a000 Implicit null exception at 0x000000011a746ba3 to 0x000000011a746f80
Event: 19.254 Thread 0x00007f9fcc00a000 Exception <a 'java/lang/NoSuchMethodError'{0x0000000787494338}: 'java.lang.Object java.lang.invoke.DirectMethodHandle$Holder.newInvokeSpecial(java.lang.Object, float)'> (0x0000000787494338) 
thrown [src/hotspot/share/interpreter/linkResolver.cpp, line 773]
Event: 19.676 Thread 0x00007f9fcc00a000 Implicit null exception at 0x000000011a647184 to 0x000000011a647384

ZGC Phase Switch (0 events):
No events

VM Operations (20 events):
Event: 13.402 Executing VM operation: G1CollectForAllocation (G1 Evacuation Pause)
Event: 13.406 Executing VM operation: G1CollectForAllocation (G1 Evacuation Pause) done
Event: 14.411 Executing VM operation: Cleanup
Event: 14.411 Executing VM operation: Cleanup done
Event: 14.545 Executing VM operation: G1CollectForAllocation (G1 Evacuation Pause)
Event: 14.547 Executing VM operation: G1CollectForAllocation (G1 Evacuation Pause) done
Event: 18.561 Executing VM operation: Cleanup
Event: 18.561 Executing VM operation: Cleanup done
Event: 18.634 Executing VM operation: G1CollectForAllocation (G1 Evacuation Pause)
Event: 18.643 Executing VM operation: G1CollectForAllocation (G1 Evacuation Pause) done
Event: 19.079 Executing VM operation: HandshakeAllThreads (Deoptimize)
Event: 19.079 Executing VM operation: HandshakeAllThreads (Deoptimize) done
Event: 19.080 Executing VM operation: HandshakeAllThreads (Deoptimize)
Event: 19.080 Executing VM operation: HandshakeAllThreads (Deoptimize) done
Event: 19.572 Executing VM operation: HandshakeAllThreads (Deoptimize)
Event: 19.572 Executing VM operation: HandshakeAllThreads (Deoptimize) done
Event: 19.954 Executing VM operation: ICBufferFull
Event: 19.955 Executing VM operation: ICBufferFull done
Event: 20.959 Executing VM operation: Cleanup
Event: 20.961 Executing VM operation: Cleanup done

Memory protections (20 events):
Event: 0.673 Protecting memory [0x0000000308fd8000,0x0000000308fdc000] with protection modes 0
Event: 1.044 Protecting memory [0x000000030aba9000,0x000000030abad000] with protection modes 0
Event: 2.366 Protecting memory [0x000000030ad33000,0x000000030ad37000] with protection modes 0
Event: 2.386 Protecting memory [0x000000030ae36000,0x000000030ae3a000] with protection modes 0
Event: 2.511 Protecting memory [0x000000030af39000,0x000000030af3d000] with protection modes 0
Event: 2.517 Protecting memory [0x000000030b03c000,0x000000030b040000] with protection modes 0
Event: 2.534 Protecting memory [0x000000030b13f000,0x000000030b143000] with protection modes 0
Event: 2.841 Protecting memory [0x000000030b03c000,0x000000030b040000] with protection modes 3
Event: 2.969 Protecting memory [0x000000030985b000,0x000000030985f000] with protection modes 3
Event: 2.970 Protecting memory [0x000000030985b000,0x000000030985f000] with protection modes 0
Event: 4.208 Protecting memory [0x000000030b34b000,0x000000030b34f000] with protection modes 0
Event: 4.269 Protecting memory [0x000000030b34b000,0x000000030b34f000] with protection modes 3
Event: 6.478 Protecting memory [0x000000030b34b000,0x000000030b34f000] with protection modes 0
Event: 6.509 Protecting memory [0x000000030b34b000,0x000000030b34f000] with protection modes 3
Event: 7.502 Protecting memory [0x000000030b34b000,0x000000030b34f000] with protection modes 0
Event: 7.546 Protecting memory [0x000000030b34b000,0x000000030b34f000] with protection modes 3
Event: 8.348 Protecting memory [0x000000030b34b000,0x000000030b34f000] with protection modes 0
Event: 8.362 Protecting memory [0x000000030b34b000,0x000000030b34f000] with protection modes 3
Event: 8.890 Protecting memory [0x000000030b34b000,0x000000030b34f000] with protection modes 0
Event: 9.050 Protecting memory [0x000000030b34b000,0x000000030b34f000] with protection modes 3

Nmethod flushes (0 events):
No events

Events (20 events):
Event: 0.673 Thread 0x00007f9fdb0cae00 Thread added: 0x00007f9fdb0cae00
Event: 1.044 Thread 0x00007f9fdb0cae00 Thread added: 0x00007f9fcb02cc00
Event: 2.366 Thread 0x00007f9fdb010a00 Thread added: 0x00007f9fdb28e400
Event: 2.386 Thread 0x00007f9fdb010a00 Thread added: 0x00007f9fdc0d8200
Event: 2.511 Thread 0x00007f9fdb010a00 Thread added: 0x00007f9fdb25f600
Event: 2.517 Thread 0x00007f9fdb010a00 Thread added: 0x00007f9fdb279c00
Event: 2.534 Thread 0x00007f9fdb279c00 Thread added: 0x00007f9fcc00a000
Event: 2.841 Thread 0x00007f9fdb279c00 Thread exited: 0x00007f9fdb279c00
Event: 2.969 Thread 0x00007f9fdb010a00 Thread exited: 0x00007f9fdb010a00
Event: 2.970 Thread 0x00007f9fcb067600 Thread added: 0x00007f9fcb067600
Event: 4.208 Thread 0x00007f9fcc00a000 Thread added: 0x00007f9fcb0db000
Event: 4.270 Thread 0x00007f9fcb0db000 Thread exited: 0x00007f9fcb0db000
Event: 6.478 Thread 0x00007f9fcc00a000 Thread added: 0x00007f9fdb246c00
Event: 6.509 Thread 0x00007f9fdb246c00 Thread exited: 0x00007f9fdb246c00
Event: 7.502 Thread 0x00007f9fcc00a000 Thread added: 0x00007f9fcb2ecc00
Event: 7.546 Thread 0x00007f9fcb2ecc00 Thread exited: 0x00007f9fcb2ecc00
Event: 8.348 Thread 0x00007f9fcc00a000 Thread added: 0x00007f9fdc274a00
Event: 8.362 Thread 0x00007f9fdc274a00 Thread exited: 0x00007f9fdc274a00
Event: 8.890 Thread 0x00007f9fcc00a000 Thread added: 0x00007f9fcc2a8a00
Event: 9.050 Thread 0x00007f9fcc2a8a00 Thread exited: 0x00007f9fcc2a8a00


Dynamic libraries:
0x000000010b062000 	/Users/nenesaurio/.p2/pool/plugins/org.eclipse.justj.openjdk.hotspot.jre.full.macosx.x86_64_21.0.7.v20250502-0916/jre/lib/libjli.dylib
0x00007ff90cc20000 	/System/Library/Frameworks/Cocoa.framework/Versions/A/Cocoa
0x00007ff813436000 	/System/Library/Frameworks/AppKit.framework/Versions/C/AppKit
0x00007ff816ccc000 	/System/Library/Frameworks/CoreData.framework/Versions/A/CoreData
0x00007ff810856000 	/System/Library/Frameworks/Foundation.framework/Versions/C/Foundation
0x00007ff81f6b4000 	/usr/lib/libSystem.B.dylib
0x00007ff814bfe000 	/System/Library/PrivateFrameworks/UIFoundation.framework/Versions/A/UIFoundation
0x00007ffb26907000 	/System/Library/PrivateFrameworks/CollectionViewCore.framework/Versions/A/CollectionViewCore
0x00007ff81c5fb000 	/System/Library/PrivateFrameworks/XCTTargetBootstrap.framework/Versions/A/XCTTargetBootstrap
0x00007ff8224ad000 	/System/Library/PrivateFrameworks/InternationalSupport.framework/Versions/A/InternationalSupport
0x00007ff8227ff000 	/System/Library/PrivateFrameworks/UserActivity.framework/Versions/A/UserActivity
0x00007ff8173f6000 	/System/Library/PrivateFrameworks/BaseBoard.framework/Versions/A/BaseBoard
0x00007ffc0e54d000 	/System/Library/PrivateFrameworks/FrontBoard.framework/Versions/A/FrontBoard
0x00007ff82a210000 	/System/Library/PrivateFrameworks/FrontBoardServices.framework/Versions/A/FrontBoardServices
0x00007ffd25816000 	/usr/lib/libRosetta.dylib
0x00007ffd19819000 	/System/Library/PrivateFrameworks/UIIntelligenceSupport.framework/Versions/A/UIIntelligenceSupport
0x00007ffb1c80a000 	/System/Library/Frameworks/SwiftUICore.framework/Versions/A/SwiftUICore
0x00007ffd1f475000 	/System/Library/PrivateFrameworks/WritingTools.framework/Versions/A/WritingTools
0x00007ffd1e461000 	/System/Library/PrivateFrameworks/WindowManagement.framework/Versions/A/WindowManagement
0x00007ff8104e1000 	/System/Library/Frameworks/SystemConfiguration.framework/Versions/A/SystemConfiguration
0x00007ff8216fb000 	/usr/lib/libspindump.dylib
0x00007ff814de3000 	/System/Library/Frameworks/UniformTypeIdentifiers.framework/Versions/A/UniformTypeIdentifiers
0x00007ff81e856000 	/usr/lib/libbsm.0.dylib
0x00007ff819f17000 	/usr/lib/libapp_launch_measurement.dylib
0x00007ff818ac7000 	/System/Library/PrivateFrameworks/CoreAnalytics.framework/Versions/A/CoreAnalytics
0x00007ff819f1a000 	/System/Library/PrivateFrameworks/CoreAutoLayout.framework/Versions/A/CoreAutoLayout
0x00007ff81bb8d000 	/System/Library/Frameworks/Metal.framework/Versions/A/Metal
0x00007ff81cfa0000 	/usr/lib/liblangid.dylib
0x00007ff81c600000 	/System/Library/PrivateFrameworks/CoreSVG.framework/Versions/A/CoreSVG
0x00007ff815847000 	/System/Library/PrivateFrameworks/SkyLight.framework/Versions/A/SkyLight
0x00007ffc0e2b3000 	/System/Library/PrivateFrameworks/FocusEngine.framework/Versions/A/FocusEngine
0x00007ff815d80000 	/System/Library/Frameworks/CoreGraphics.framework/Versions/A/CoreGraphics
0x00007ffb2c4a8000 	/System/Library/PrivateFrameworks/DesignLibrary.framework/Versions/A/DesignLibrary
0x00007ff82829a000 	/System/Library/Frameworks/Accelerate.framework/Versions/A/Accelerate
0x00007ff8214fe000 	/System/Library/PrivateFrameworks/IconServices.framework/Versions/A/IconServices
0x00007ff81bb69000 	/System/Library/Frameworks/IOSurface.framework/Versions/A/IOSurface
0x00007ff818af5000 	/usr/lib/libDiagnosticMessagesClient.dylib
0x00007ff81f5c0000 	/usr/lib/libz.1.dylib
0x00007ff82c741000 	/System/Library/Frameworks/ApplicationServices.framework/Versions/A/ApplicationServices
0x00007ff81c5e8000 	/System/Library/PrivateFrameworks/DFRFoundation.framework/Versions/A/DFRFoundation
0x00007ff812cd8000 	/usr/lib/libicucore.A.dylib
0x00007ff823990000 	/System/Library/Frameworks/AudioToolbox.framework/Versions/A/AudioToolbox
0x00007ff8227b6000 	/System/Library/PrivateFrameworks/DataDetectorsCore.framework/Versions/A/DataDetectorsCore
0x00007ffd1a1ef000 	/System/Library/PrivateFrameworks/UpdateCycle.framework/Versions/A/UpdateCycle
0x00007ff91dfca000 	/System/Library/PrivateFrameworks/TextInput.framework/Versions/A/TextInput
0x00007ff815793000 	/usr/lib/libMobileGestalt.dylib
0x00007ff81c30a000 	/System/Library/Frameworks/Carbon.framework/Versions/A/Frameworks/HIToolbox.framework/Versions/A/HIToolbox
0x00007ff8197b5000 	/System/Library/Frameworks/QuartzCore.framework/Versions/A/QuartzCore
0x00007ff8128d6000 	/System/Library/Frameworks/Security.framework/Versions/A/Security
0x00007ff827c13000 	/System/Library/Frameworks/Carbon.framework/Versions/A/Frameworks/SpeechRecognition.framework/Versions/A/SpeechRecognition
0x00007ff819be9000 	/System/Library/PrivateFrameworks/CoreUI.framework/Versions/A/CoreUI
0x00007ff81212c000 	/System/Library/Frameworks/CoreAudio.framework/Versions/A/CoreAudio
0x00007ff818be2000 	/System/Library/Frameworks/DiskArbitration.framework/Versions/A/DiskArbitration
0x00007ff821b80000 	/System/Library/PrivateFrameworks/MultitouchSupport.framework/Versions/A/MultitouchSupport
0x00007ff815792000 	/usr/lib/libenergytrace.dylib
0x00007ff9119df000 	/System/Library/PrivateFrameworks/RenderBox.framework/Versions/A/RenderBox
0x00007ff8132fe000 	/System/Library/Frameworks/IOKit.framework/Versions/A/IOKit
0x00007ff828029000 	/System/Library/Frameworks/CoreServices.framework/Versions/A/CoreServices
0x00007ff819eaf000 	/System/Library/PrivateFrameworks/PerformanceAnalysis.framework/Versions/A/PerformanceAnalysis
0x00007ffb14c6a000 	/System/Library/Frameworks/OpenGL.framework/Versions/A/OpenGL
0x00007ff819f64000 	/usr/lib/libxml2.2.dylib
0x00007ff81e740000 	/System/Library/PrivateFrameworks/MobileKeyBag.framework/Versions/A/MobileKeyBag
0x00007ff80f1de000 	/usr/lib/libobjc.A.dylib
0x00007ff80f53f000 	/usr/lib/libc++.1.dylib
0x00007ff827fa1000 	/System/Library/Frameworks/Accessibility.framework/Versions/A/Accessibility
0x00007ff81669d000 	/System/Library/Frameworks/ColorSync.framework/Versions/A/ColorSync
0x00007ff80f666000 	/System/Library/Frameworks/CoreFoundation.framework/Versions/A/CoreFoundation
0x00007ff81c979000 	/System/Library/Frameworks/CoreImage.framework/Versions/A/CoreImage
0x00007ff811ee8000 	/System/Library/Frameworks/CoreText.framework/Versions/A/CoreText
0x00007ffb172cc000 	/System/Library/Frameworks/CoreTransferable.framework/Versions/A/CoreTransferable
0x00007ffb17723000 	/System/Library/Frameworks/DataDetection.framework/Versions/A/DataDetection
0x00007ffb17735000 	/System/Library/Frameworks/DeveloperToolsSupport.framework/Versions/A/DeveloperToolsSupport
0x00007ff81c63b000 	/System/Library/Frameworks/ImageIO.framework/Versions/A/ImageIO
0x00007ffb1d6b1000 	/System/Library/Frameworks/Symbols.framework/Versions/A/Symbols
0x00007ff922da0000 	/System/Library/PrivateFrameworks/AttributeGraph.framework/Versions/A/AttributeGraph
0x00007ff82a2f0000 	/System/Library/PrivateFrameworks/BoardServices.framework/Versions/A/BoardServices
0x00007ffa26f63000 	/System/Library/PrivateFrameworks/FeatureFlags.framework/Versions/A/FeatureFlags
0x00007ffc16e1d000 	/System/Library/PrivateFrameworks/Gestures.framework/Versions/A/Gestures
0x00007ff81f6b9000 	/System/Library/PrivateFrameworks/SoftLinking.framework/Versions/A/SoftLinking
0x00007ffa11f25000 	/usr/lib/swift/libswiftAccelerate.dylib
0x00007ff8233a4000 	/usr/lib/swift/libswiftCore.dylib
0x00007ff91a178000 	/usr/lib/swift/libswiftCoreFoundation.dylib
0x00007ff91a1c4000 	/usr/lib/swift/libswiftCoreImage.dylib
0x00007ff829fa9000 	/usr/lib/swift/libswiftDispatch.dylib
0x00007ff91a1c5000 	/usr/lib/swift/libswiftIOKit.dylib
0x00007ff927f2a000 	/usr/lib/swift/libswiftMetal.dylib
0x00007ffa1751a000 	/usr/lib/swift/libswiftOSLog.dylib
0x00007ff82ccb9000 	/usr/lib/swift/libswiftObjectiveC.dylib
0x00007ffd26b22000 	/usr/lib/swift/libswiftObservation.dylib
0x00007ffa0d66e000 	/usr/lib/swift/libswiftQuartzCore.dylib
0x00007ffd26c87000 	/usr/lib/swift/libswiftSynchronization.dylib
0x00007ffa11f16000 	/usr/lib/swift/libswiftUniformTypeIdentifiers.dylib
0x00007ff91a188000 	/usr/lib/swift/libswiftXPC.dylib
0x00007ffd26cbd000 	/usr/lib/swift/libswift_Builtin_float.dylib
0x00007ffd26cc0000 	/usr/lib/swift/libswift_Concurrency.dylib
0x00007ff82ccbd000 	/usr/lib/swift/libswiftos.dylib
0x00007ff91dda1000 	/usr/lib/swift/libswiftsimd.dylib
0x00007ff81f8ae000 	/usr/lib/libcompression.dylib
0x00007ff8223ef000 	/System/Library/PrivateFrameworks/TextureIO.framework/Versions/A/TextureIO
0x00007ff816857000 	/System/Library/Frameworks/ApplicationServices.framework/Versions/A/Frameworks/HIServices.framework/Versions/A/HIServices
0x00007ff8210e2000 	/usr/lib/libate.dylib
0x00007ff81f6ae000 	/usr/lib/system/libcache.dylib
0x00007ff81f667000 	/usr/lib/system/libcommonCrypto.dylib
0x00007ff81f691000 	/usr/lib/system/libcompiler_rt.dylib
0x00007ff81f685000 	/usr/lib/system/libcopyfile.dylib
0x00007ff80f35e000 	/usr/lib/system/libcorecrypto.dylib
0x00007ff80f46a000 	/usr/lib/system/libdispatch.dylib
0x00007ff80f223000 	/usr/lib/system/libdyld.dylib
0x00007ff81f6a4000 	/usr/lib/system/libkeymgr.dylib
0x00007ff81f64c000 	/usr/lib/system/libmacho.dylib
0x00007ff81e831000 	/usr/lib/system/libquarantine.dylib
0x00007ff81f6a1000 	/usr/lib/system/libremovefile.dylib
0x00007ff81580e000 	/usr/lib/system/libsystem_asl.dylib
0x00007ff80f2f1000 	/usr/lib/system/libsystem_blocks.dylib
0x00007ff80f4b5000 	/usr/lib/system/libsystem_c.dylib
0x00007ff81f699000 	/usr/lib/system/libsystem_collections.dylib
0x00007ff81cf8f000 	/usr/lib/system/libsystem_configuration.dylib
0x00007ff81bb34000 	/usr/lib/system/libsystem_containermanager.dylib
0x00007ff81f12d000 	/usr/lib/system/libsystem_coreservices.dylib
0x00007ff812f83000 	/usr/lib/system/libsystem_darwin.dylib
0x00007ffd26ff9000 	/usr/lib/system/libsystem_darwindirectory.dylib
0x00007ff81f6a5000 	/usr/lib/system/libsystem_dnssd.dylib
0x00007ffd26ffe000 	/usr/lib/system/libsystem_eligibility.dylib
0x00007ff80f4b2000 	/usr/lib/system/libsystem_featureflags.dylib
0x00007ff80f637000 	/usr/lib/system/libsystem_info.dylib
0x00007ff81f5d4000 	/usr/lib/system/libsystem_m.dylib
0x00007ff80f41d000 	/usr/lib/system/libsystem_malloc.dylib
0x00007ff815778000 	/usr/lib/system/libsystem_networkextension.dylib
0x00007ff8133ca000 	/usr/lib/system/libsystem_notify.dylib
0x00007ff81cf93000 	/usr/lib/system/libsystem_sandbox.dylib
0x00007ffd27006000 	/usr/lib/system/libsystem_sanitizers.dylib
0x00007ff81f69e000 	/usr/lib/system/libsystem_secinit.dylib
0x00007ff80f5e2000 	/usr/lib/system/libsystem_kernel.dylib
0x00007ff80f62d000 	/usr/lib/system/libsystem_platform.dylib
0x00007ff80f620000 	/usr/lib/system/libsystem_pthread.dylib
0x00007ff8175d2000 	/usr/lib/system/libsystem_symptoms.dylib
0x00007ff80f33e000 	/usr/lib/system/libsystem_trace.dylib
0x00007ffd2700f000 	/usr/lib/system/libsystem_trial.dylib
0x00007ff81f674000 	/usr/lib/system/libunwind.dylib
0x00007ff80f2f5000 	/usr/lib/system/libxpc.dylib
0x00007ff80f5ca000 	/usr/lib/libc++abi.dylib
0x00007ffd268a9000 	/usr/lib/libswiftPrespecialized.dylib
0x00007ff81f6b6000 	/usr/lib/libfakelink.dylib
0x00007ff8153e4000 	/System/Library/Frameworks/CFNetwork.framework/Versions/A/CFNetwork
0x00007ff81f707000 	/usr/lib/libarchive.2.dylib
0x00007ff825b0b000 	/System/Library/Frameworks/Combine.framework/Versions/A/Combine
0x00007ffb2692e000 	/System/Library/PrivateFrameworks/CollectionsInternal.framework/Versions/A/CollectionsInternal
0x00007ffc2a452000 	/System/Library/PrivateFrameworks/ReflectionInternal.framework/Versions/A/ReflectionInternal
0x00007ffc2b159000 	/System/Library/PrivateFrameworks/RuntimeInternal.framework/Versions/A/RuntimeInternal
0x00007ff9173a4000 	/usr/lib/swift/libswiftDarwin.dylib
0x00007ffd26c8f000 	/usr/lib/swift/libswiftSystem.dylib
0x00007ffd26d2e000 	/usr/lib/swift/libswift_DarwinFoundation1.dylib
0x00007ffd26e14000 	/usr/lib/swift/libswift_StringProcessing.dylib
0x00007ff81327d000 	/System/Library/PrivateFrameworks/CoreServicesInternal.framework/Versions/A/CoreServicesInternal
0x00007ff81f67d000 	/usr/lib/liboah.dylib
0x00007ff82c204000 	/System/Library/PrivateFrameworks/DiskImages.framework/Versions/A/DiskImages
0x00007ff916e6d000 	/System/Library/Frameworks/NetFS.framework/Versions/A/NetFS
0x00007ff819ee2000 	/System/Library/Frameworks/CoreServices.framework/Versions/A/Frameworks/FSEvents.framework/Versions/A/FSEvents
0x00007ff812f8e000 	/System/Library/Frameworks/CoreServices.framework/Versions/A/Frameworks/CarbonCore.framework/Versions/A/CarbonCore
0x00007ff818b59000 	/System/Library/Frameworks/CoreServices.framework/Versions/A/Frameworks/Metadata.framework/Versions/A/Metadata
0x00007ff81f134000 	/System/Library/Frameworks/CoreServices.framework/Versions/A/Frameworks/OSServices.framework/Versions/A/OSServices
0x00007ff81f7e2000 	/System/Library/Frameworks/CoreServices.framework/Versions/A/Frameworks/SearchKit.framework/Versions/A/SearchKit
0x00007ff817550000 	/System/Library/Frameworks/CoreServices.framework/Versions/A/Frameworks/AE.framework/Versions/A/AE
0x00007ff80fb26000 	/System/Library/Frameworks/CoreServices.framework/Versions/A/Frameworks/LaunchServices.framework/Versions/A/LaunchServices
0x00007ff820e19000 	/System/Library/Frameworks/CoreServices.framework/Versions/A/Frameworks/DictionaryServices.framework/Versions/A/DictionaryServices
0x00007ff819ef0000 	/System/Library/Frameworks/CoreServices.framework/Versions/A/Frameworks/SharedFileList.framework/Versions/A/SharedFileList
0x00007ff81f864000 	/usr/lib/libapple_nghttp2.dylib
0x00007ff81716e000 	/usr/lib/libsqlite3.dylib
0x00007ff817355000 	/System/Library/Frameworks/Accounts.framework/Versions/A/Accounts
0x00007ff82c43b000 	/System/Library/PrivateFrameworks/AppSupport.framework/Versions/A/AppSupport
0x00007ff824000000 	/System/Library/Frameworks/GSS.framework/Versions/A/GSS
0x00007ff8174e8000 	/System/Library/PrivateFrameworks/RunningBoardServices.framework/Versions/A/RunningBoardServices
0x00007ff82cc46000 	/System/Library/PrivateFrameworks/StreamingZip.framework/Versions/A/StreamingZip
0x00007ff8175da000 	/System/Library/Frameworks/Network.framework/Versions/A/Network
0x00007ff81f650000 	/usr/lib/system/libkxld.dylib
0x00007ffb22821000 	/System/Library/PrivateFrameworks/AppleKeyStore.framework/Versions/A/AppleKeyStore
0x00007ffd25570000 	/usr/lib/libCoreEntitlements.dylib
0x00007ffc21235000 	/System/Library/PrivateFrameworks/MessageSecurity.framework/Versions/A/MessageSecurity
0x00007ff817152000 	/System/Library/PrivateFrameworks/ProtocolBuffer.framework/Versions/A/ProtocolBuffer
0x00007ff9126b0000 	/System/Library/PrivateFrameworks/CloudServices.framework/Versions/A/CloudServices
0x00007ff82908e000 	/System/Library/PrivateFrameworks/SymptomDiagnosticReporter.framework/Versions/A/SymptomDiagnosticReporter
0x00007ff821219000 	/System/Library/PrivateFrameworks/CrashReporterSupport.framework/Versions/A/CrashReporterSupport
0x00007ff81f113000 	/System/Library/PrivateFrameworks/AppleFSCompression.framework/Versions/A/AppleFSCompression
0x00007ff81e83e000 	/usr/lib/libcoretls.dylib
0x00007ff820e88000 	/usr/lib/libcoretls_cfhelpers.dylib
0x00007ff81f8a8000 	/usr/lib/libpam.2.dylib
0x00007ff820f01000 	/usr/lib/libxar.1.dylib
0x00007ff820e8a000 	/System/Library/PrivateFrameworks/APFS.framework/Versions/A/APFS
0x00007ffd1473c000 	/System/Library/PrivateFrameworks/SwiftASN1Internal.framework/Versions/A/SwiftASN1Internal
0x00007ff820f0f000 	/usr/lib/libutil.dylib
0x00007ff81cf9b000 	/System/Library/PrivateFrameworks/AppleSystemInfo.framework/Versions/A/AppleSystemInfo
0x00007ff81e53a000 	/System/Library/PrivateFrameworks/IOMobileFramebuffer.framework/Versions/A/IOMobileFramebuffer
0x00007ff91a045000 	/System/Library/PrivateFrameworks/LoggingSupport.framework/Versions/A/LoggingSupport
0x00007ff824058000 	/System/Library/PrivateFrameworks/MobileAsset.framework/Versions/A/MobileAsset
0x00007ff82909d000 	/System/Library/PrivateFrameworks/PowerLog.framework/Versions/A/PowerLog
0x00007ffb1c6bd000 	/System/Library/Frameworks/SwiftData.framework/Versions/A/SwiftData
0x00007ff81a0f7000 	/System/Library/PrivateFrameworks/UserManagement.framework/Versions/A/UserManagement
0x00007ff815308000 	/usr/lib/libboringssl.dylib
0x00007ff8175c1000 	/usr/lib/libdns_services.dylib
0x00007ff9190f5000 	/usr/lib/libquic.dylib
0x00007ff82332e000 	/usr/lib/libusrtcp.dylib
0x00007ffb23523000 	/System/Library/PrivateFrameworks/AtomicsInternal.framework/Versions/A/AtomicsInternal
0x00007ffa1f999000 	/System/Library/PrivateFrameworks/InternalSwiftProtobuf.framework/Versions/A/InternalSwiftProtobuf
0x00007ffd26afc000 	/usr/lib/swift/libswiftDistributed.dylib
0x00007ff81cf9a000 	/System/Library/PrivateFrameworks/AggregateDictionary.framework/Versions/A/AggregateDictionary
0x00007ffb23b8e000 	/System/Library/PrivateFrameworks/BiomeLibrary.framework/Versions/A/BiomeLibrary
0x00007ff928e46000 	/System/Library/PrivateFrameworks/BiomeStreams.framework/Versions/A/BiomeStreams
0x00007ff924e86000 	/System/Library/PrivateFrameworks/BiomeFoundation.framework/Versions/A/BiomeFoundation
0x00007ffa0f465000 	/System/Library/PrivateFrameworks/BiomePubSub.framework/Versions/A/BiomePubSub
0x00007ff82dd3c000 	/System/Library/PrivateFrameworks/ProactiveSupport.framework/Versions/A/ProactiveSupport
0x00007ff820e68000 	/usr/lib/liblzma.5.dylib
0x00007ff82c742000 	/System/Library/PrivateFrameworks/InternationalTextSearch.framework/Versions/A/InternationalTextSearch
0x00007ff9216ab000 	/System/Library/PrivateFrameworks/SoftwareUpdateCoreSupport.framework/Versions/A/SoftwareUpdateCoreSupport
0x00007ff9297a2000 	/System/Library/PrivateFrameworks/SoftwareUpdateCoreConnect.framework/Versions/A/SoftwareUpdateCoreConnect
0x00007ff82c2ed000 	/System/Library/PrivateFrameworks/RemoteServiceDiscovery.framework/Versions/A/RemoteServiceDiscovery
0x00007ff921291000 	/System/Library/PrivateFrameworks/MSUDataAccessor.framework/Versions/A/MSUDataAccessor
0x00007ff91c354000 	/usr/lib/libbootpolicy.dylib
0x00007ff82c302000 	/System/Library/PrivateFrameworks/RemoteXPC.framework/Versions/A/RemoteXPC
0x00007ff928cf7000 	/usr/lib/libFDR.dylib
0x00007ffa0f0cd000 	/usr/lib/libamsupport.dylib
0x00007ffb220fa000 	/System/Library/PrivateFrameworks/AppleDeviceQuerySupport.framework/Versions/A/AppleDeviceQuerySupport
0x00007ffa12118000 	/usr/lib/libpartition2_dynamic.dylib
0x00007ff81f842000 	/System/Library/PrivateFrameworks/AppleSauce.framework/Versions/A/AppleSauce
0x00007ffd253f2000 	/usr/lib/libAppleArchive.dylib
0x00007ff81f11e000 	/usr/lib/libbz2.1.0.dylib
0x00007ff818bea000 	/System/Library/Frameworks/Accelerate.framework/Versions/A/Frameworks/vImage.framework/Versions/A/vImage
0x00007ff827fff000 	/System/Library/Frameworks/Accelerate.framework/Versions/A/Frameworks/vecLib.framework/Versions/A/vecLib
0x00007ff820f44000 	/System/Library/Frameworks/Accelerate.framework/Versions/A/Frameworks/vecLib.framework/Versions/A/libvMisc.dylib
0x00007ff81002d000 	/System/Library/Frameworks/Accelerate.framework/Versions/A/Frameworks/vecLib.framework/Versions/A/libBLAS.dylib
0x00007ff81a045000 	/System/Library/Frameworks/CoreVideo.framework/Versions/A/CoreVideo
0x00007ff823c13000 	/System/Library/Frameworks/ApplicationServices.framework/Versions/A/Frameworks/ATS.framework/Versions/A/ATS
0x00007ff82237c000 	/System/Library/Frameworks/ApplicationServices.framework/Versions/A/Frameworks/PrintCore.framework/Versions/A/PrintCore
0x00007ff823fca000 	/System/Library/Frameworks/ApplicationServices.framework/Versions/A/Frameworks/QD.framework/Versions/A/QD
0x00007ff823fc6000 	/System/Library/Frameworks/ApplicationServices.framework/Versions/A/Frameworks/ColorSyncLegacy.framework/Versions/A/ColorSyncLegacy
0x00007ff823be9000 	/System/Library/Frameworks/ApplicationServices.framework/Versions/A/Frameworks/SpeechSynthesis.framework/Versions/A/SpeechSynthesis
0x00007ff81c04b000 	/System/Library/PrivateFrameworks/FontServices.framework/libFontParser.dylib
0x00007ff82c024000 	/System/Library/PrivateFrameworks/BackBoardServices.framework/Versions/A/BackBoardServices
0x00007ffb23ab7000 	/System/Library/PrivateFrameworks/BackBoardHIDEventFoundation.framework/Versions/A/BackBoardHIDEventFoundation
0x00007ff8119e6000 	/System/Library/Frameworks/CoreDisplay.framework/Versions/A/CoreDisplay
0x00007ff821bc4000 	/System/Library/Frameworks/VideoToolbox.framework/Versions/A/VideoToolbox
0x00007ff81f8a6000 	/System/Library/Frameworks/MetalPerformanceShaders.framework/Versions/A/MetalPerformanceShaders
0x00007ffc297e9000 	/System/Library/PrivateFrameworks/ProDisplayLibrary.framework/Versions/A/ProDisplayLibrary
0x00007ff90d51d000 	/System/Library/PrivateFrameworks/IOSurfaceAccelerator.framework/Versions/A/IOSurfaceAccelerator
0x00007ff81bb84000 	/System/Library/PrivateFrameworks/IOAccelerator.framework/Versions/A/IOAccelerator
0x00007ff81bea8000 	/System/Library/Frameworks/CoreMedia.framework/Versions/A/CoreMedia
0x00007ff815826000 	/System/Library/PrivateFrameworks/TCC.framework/Versions/A/TCC
0x00007ff821b7e000 	/System/Library/PrivateFrameworks/WatchdogClient.framework/Versions/A/WatchdogClient
0x00007ffa0f4c6000 	/System/Library/PrivateFrameworks/BiomeStorage.framework/Versions/A/BiomeStorage
0x00007ffc1c2e9000 	/System/Library/PrivateFrameworks/IntelligencePlatformLibrary.framework/Versions/A/IntelligencePlatformLibrary
0x00007ffc28c85000 	/System/Library/PrivateFrameworks/PoirotSchematizer.framework/Versions/A/PoirotSchematizer
0x00007ffb244c7000 	/System/Library/PrivateFrameworks/BiomeSync.framework/Versions/A/BiomeSync
0x00007ffb23b75000 	/System/Library/PrivateFrameworks/BiomeDSL.framework/Versions/A/BiomeDSL
0x00007ffc28cf2000 	/System/Library/PrivateFrameworks/PoirotUDFs.framework/Versions/A/PoirotUDFs
0x00007ffc28c5a000 	/System/Library/PrivateFrameworks/PoirotSQLite.framework/Versions/A/PoirotSQLite
0x00007ff82a826000 	/System/Library/PrivateFrameworks/CoreTime.framework/Versions/A/CoreTime
0x00007ff81f6ef000 	/usr/lib/libiconv.2.dylib
0x00007ff81f64b000 	/usr/lib/libcharset.1.dylib
0x00007ffd26d69000 	/usr/lib/swift/libswift_RegexParser.dylib
0x00007ffb2589f000 	/System/Library/PrivateFrameworks/CascadeSets.framework/Versions/A/CascadeSets
0x00007ff8241c1000 	/System/Library/PrivateFrameworks/CorePhoneNumbers.framework/Versions/A/CorePhoneNumbers
0x00007ff821a4b000 	/System/Library/PrivateFrameworks/AppleJPEG.framework/Versions/A/AppleJPEG
0x00007ff82147a000 	/usr/lib/libexpat.1.dylib
0x00007ff822243000 	/System/Library/Frameworks/ImageIO.framework/Versions/A/Resources/libPng.dylib
0x00007ff822272000 	/System/Library/Frameworks/ImageIO.framework/Versions/A/Resources/libTIFF.dylib
0x00007ff822365000 	/System/Library/Frameworks/ImageIO.framework/Versions/A/Resources/libGIF.dylib
0x00007ff821a97000 	/System/Library/Frameworks/ImageIO.framework/Versions/A/Resources/libJP2.dylib
0x00007ff822305000 	/System/Library/Frameworks/ImageIO.framework/Versions/A/Resources/libJPEG.dylib
0x00007ff8222fc000 	/System/Library/Frameworks/ImageIO.framework/Versions/A/Resources/libRadiance.dylib
0x00007ffc13de9000 	/System/Library/PrivateFrameworks/GPUCompiler.framework/Versions/32023/Libraries/libllvm-flatbuffers.dylib
0x00007ffc0e540000 	/System/Library/PrivateFrameworks/FramePacing.framework/Versions/A/FramePacing
0x00007ffb14c5e000 	/System/Library/Frameworks/OpenGL.framework/Versions/A/Libraries/libCoreFSCache.dylib
0x00007ffc0f4b4000 	/System/Library/PrivateFrameworks/GPUCompiler.framework/Versions/32023/Libraries/libGPUCompilerUtils.dylib
0x00007ff82a3bc000 	/System/Library/PrivateFrameworks/GraphicsServices.framework/Versions/A/GraphicsServices
0x00007ffa1b215000 	/System/Library/PrivateFrameworks/Symbolication.framework/Versions/A/Symbolication
0x00007ffc28886000 	/System/Library/PrivateFrameworks/PhotosensitivityProcessing.framework/Versions/A/PhotosensitivityProcessing
0x00007ffb15929000 	/System/Library/Frameworks/OpenCL.framework/Versions/A/OpenCL
0x00007ff821694000 	/System/Library/PrivateFrameworks/GraphVisualizer.framework/Versions/A/GraphVisualizer
0x00007ffb14cbc000 	/System/Library/Frameworks/OpenGL.framework/Versions/A/Libraries/libGLU.dylib
0x00007ffb14c7d000 	/System/Library/Frameworks/OpenGL.framework/Versions/A/Libraries/libGFXShared.dylib
0x00007ffb14e7c000 	/System/Library/Frameworks/OpenGL.framework/Versions/A/Libraries/libGL.dylib
0x00007ffb14c86000 	/System/Library/Frameworks/OpenGL.framework/Versions/A/Libraries/libGLImage.dylib
0x00007ffb14c7a000 	/System/Library/Frameworks/OpenGL.framework/Versions/A/Libraries/libCVMSPluginSupport.dylib
0x00007ffb14c65000 	/System/Library/Frameworks/OpenGL.framework/Versions/A/Libraries/libCoreVMClient.dylib
0x00007ffc0e44e000 	/System/Library/PrivateFrameworks/FontServices.framework/Versions/A/FontServices
0x00007ff8216a7000 	/System/Library/PrivateFrameworks/OTSVG.framework/Versions/A/OTSVG
0x00007ff819b9c000 	/System/Library/Frameworks/ApplicationServices.framework/Versions/A/Frameworks/ATS.framework/Versions/A/Resources/libFontRegistry.dylib
0x00007ffd25e64000 	/usr/lib/libhvf.dylib
0x00007ffc25d29000 	/System/Library/PrivateFrameworks/ParsingInternal.framework/Versions/A/ParsingInternal
0x00007ffd26b3f000 	/usr/lib/swift/libswiftRegexBuilder.dylib
0x00007ffc0e44f000 	/System/Library/PrivateFrameworks/FontServices.framework/libXTFontStaticRegistryData.dylib
0x00007ff81ced3000 	/System/Library/Frameworks/MetalPerformanceShaders.framework/Versions/A/Frameworks/MPSCore.framework/Versions/A/MPSCore
0x00007ff81f06e000 	/System/Library/Frameworks/MetalPerformanceShaders.framework/Versions/A/Frameworks/MPSImage.framework/Versions/A/MPSImage
0x00007ff81e8da000 	/System/Library/Frameworks/MetalPerformanceShaders.framework/Versions/A/Frameworks/MPSNeuralNetwork.framework/Versions/A/MPSNeuralNetwork
0x00007ff81ee38000 	/System/Library/Frameworks/MetalPerformanceShaders.framework/Versions/A/Frameworks/MPSMatrix.framework/Versions/A/MPSMatrix
0x00007ff81ebee000 	/System/Library/Frameworks/MetalPerformanceShaders.framework/Versions/A/Frameworks/MPSRayIntersector.framework/Versions/A/MPSRayIntersector
0x00007ff81ee77000 	/System/Library/Frameworks/MetalPerformanceShaders.framework/Versions/A/Frameworks/MPSNDArray.framework/Versions/A/MPSNDArray
0x00007ffb197b9000 	/System/Library/Frameworks/MetalPerformanceShaders.framework/Versions/A/Frameworks/MPSFunctions.framework/Versions/A/MPSFunctions
0x00007ffb19799000 	/System/Library/Frameworks/MetalPerformanceShaders.framework/Versions/A/Frameworks/MPSBenchmarkLoop.framework/Versions/A/MPSBenchmarkLoop
0x00007ff80fe3b000 	/System/Library/PrivateFrameworks/MetalTools.framework/Versions/A/MetalTools
0x00007ff91f568000 	/System/Library/PrivateFrameworks/IOAccelMemoryInfo.framework/Versions/A/IOAccelMemoryInfo
0x00007ffa0da78000 	/System/Library/PrivateFrameworks/kperf.framework/Versions/A/kperf
0x00007ff91a15a000 	/System/Library/PrivateFrameworks/GPURawCounter.framework/Versions/A/GPURawCounter
0x00007ff82a708000 	/System/Library/PrivateFrameworks/CoreSymbolication.framework/Versions/A/CoreSymbolication
0x00007ff91a0d7000 	/System/Library/PrivateFrameworks/MallocStackLogging.framework/Versions/A/MallocStackLogging
0x00007ff82a6e9000 	/System/Library/PrivateFrameworks/DebugSymbols.framework/Versions/A/DebugSymbols
0x00007ff92bd3e000 	/System/Library/PrivateFrameworks/OSAnalytics.framework/Versions/A/OSAnalytics
0x00007ffb2c85c000 	/System/Library/PrivateFrameworks/DeviceRecovery.framework/Versions/A/DeviceRecovery
0x00007ffb17849000 	/System/Library/Frameworks/ExtensionFoundation.framework/Versions/A/ExtensionFoundation
0x00007ff8216ed000 	/System/Library/PrivateFrameworks/AppServerSupport.framework/Versions/A/AppServerSupport
0x00007ff82136a000 	/System/Library/PrivateFrameworks/PlugInKit.framework/Versions/A/PlugInKit
0x00007ff81e75c000 	/System/Library/PrivateFrameworks/AssertionServices.framework/Versions/A/AssertionServices
0x00007ff82149f000 	/System/Library/PrivateFrameworks/IconFoundation.framework/Versions/A/IconFoundation
0x00007ffc198f7000 	/System/Library/PrivateFrameworks/IconRendering.framework/Versions/A/IconRendering
0x00007ffc2b2d5000 	/System/Library/PrivateFrameworks/SFSymbols.framework/Versions/A/SFSymbols
0x00007ff811b14000 	/System/Library/PrivateFrameworks/AudioToolboxCore.framework/Versions/A/AudioToolboxCore
0x00007ff823b58000 	/System/Library/PrivateFrameworks/AudioSession.framework/Versions/A/AudioSession
0x00007ff82f16c000 	/System/Library/Frameworks/CoreMIDI.framework/Versions/A/CoreMIDI
0x00007ff823bd1000 	/usr/lib/libAudioStatistics.dylib
0x00007ff81be83000 	/System/Library/PrivateFrameworks/caulk.framework/Versions/A/caulk
0x00007ff822221000 	/usr/lib/libAudioToolboxUtility.dylib
0x00007ff91a15e000 	/usr/lib/swift/libswiftCoreAudio.dylib
0x00007ff920b25000 	/usr/lib/swift/libswiftCoreMIDI.dylib
0x00007ff823fd4000 	/System/Library/PrivateFrameworks/perfdata.framework/Versions/A/perfdata
0x00007ff9191e3000 	/System/Library/PrivateFrameworks/SystemPolicy.framework/Versions/A/SystemPolicy
0x00007ff823e77000 	/usr/lib/libSMC.dylib
0x00007ff823fe2000 	/usr/lib/libperfcheck.dylib
0x00007ffb235d8000 	/System/Library/PrivateFrameworks/AudioAnalytics.framework/Versions/A/AudioAnalytics
0x00007ffd26d32000 	/usr/lib/swift/libswift_DarwinFoundation2.dylib
0x00007ffd26d33000 	/usr/lib/swift/libswift_DarwinFoundation3.dylib
0x00007ffa1f6ce000 	/System/Library/Frameworks/OSLog.framework/Versions/A/OSLog
0x00007ff91a107000 	/usr/lib/libmis.dylib
0x00007ff8215be000 	/System/Library/PrivateFrameworks/MediaExperience.framework/Versions/A/MediaExperience
0x00007ff823940000 	/System/Library/PrivateFrameworks/AudioSession.framework/libSessionUtility.dylib
0x00007ff82236b000 	/System/Library/PrivateFrameworks/CMCaptureCore.framework/Versions/A/CMCaptureCore
0x00007ff828f77000 	/System/Library/Frameworks/CoreBluetooth.framework/Versions/A/CoreBluetooth
0x00007ff81e5c9000 	/System/Library/PrivateFrameworks/CoreUtils.framework/Versions/A/CoreUtils
0x00007ff9126ec000 	/System/Library/PrivateFrameworks/HID.framework/Versions/A/HID
0x00007ffb2be7c000 	/System/Library/PrivateFrameworks/CoreUtilsExtras.framework/Versions/A/CoreUtilsExtras
0x00007ffc19854000 	/System/Library/PrivateFrameworks/IO80211.framework/Versions/A/IO80211
0x00007ff81f160000 	/System/Library/PrivateFrameworks/AuthKit.framework/Versions/A/AuthKit
0x00007ff825878000 	/System/Library/Frameworks/IOBluetooth.framework/Versions/A/IOBluetooth
0x00007ff821210000 	/usr/lib/libIOReport.dylib
0x00007ff81e769000 	/System/Library/Frameworks/SecurityFoundation.framework/Versions/A/SecurityFoundation
0x00007ff810201000 	/System/Library/PrivateFrameworks/Lexicon.framework/Versions/A/Lexicon
0x00007ff81e8c1000 	/usr/lib/libgermantok.dylib
0x00007ff81d0b2000 	/System/Library/PrivateFrameworks/LinguisticData.framework/Versions/A/LinguisticData
0x00007ff823c86000 	/System/Library/PrivateFrameworks/MultiverseSupport.framework/Versions/A/MultiverseSupport
0x00007ff8291b3000 	/System/Library/PrivateFrameworks/DiskManagement.framework/Versions/A/DiskManagement
0x00007ff8290cd000 	/System/Library/PrivateFrameworks/AppleIDAuthSupport.framework/Versions/A/AppleIDAuthSupport
0x00007ffb1ea8a000 	/System/Library/PrivateFrameworks/AAAFoundation.framework/Versions/A/AAAFoundation
0x00007ff82417f000 	/System/Library/PrivateFrameworks/KeychainCircle.framework/Versions/A/KeychainCircle
0x00007ff913530000 	/System/Library/PrivateFrameworks/URLFormatting.framework/Versions/A/URLFormatting
0x00007ff82c3a6000 	/usr/lib/libcsfde.dylib
0x00007ff8213b5000 	/usr/lib/libCoreStorage.dylib
0x00007ff829180000 	/System/Library/PrivateFrameworks/MediaKit.framework/Versions/A/MediaKit
0x00007ff8290da000 	/System/Library/Frameworks/DiscRecording.framework/Versions/A/DiscRecording
0x00007ff82594c000 	/System/Library/PrivateFrameworks/ProtectedCloudStorage.framework/Versions/A/ProtectedCloudStorage
0x00007ff82c3a2000 	/System/Library/PrivateFrameworks/EFILogin.framework/Versions/A/EFILogin
0x00007ff821496000 	/usr/lib/libheimdal-asn1.dylib
0x00007ff82988d000 	/System/Library/PrivateFrameworks/OctagonTrust.framework/Versions/A/OctagonTrust
0x00007ff82cc21000 	/System/Library/Frameworks/AudioUnit.framework/Versions/A/AudioUnit
0x00007ff819eba000 	/System/Library/Frameworks/OpenDirectory.framework/Versions/A/OpenDirectory
0x00007ff819ec6000 	/System/Library/Frameworks/OpenDirectory.framework/Versions/A/Frameworks/CFOpenDirectory.framework/Versions/A/CFOpenDirectory
0x00007ffb16070000 	/System/Library/Frameworks/AVFAudio.framework/Versions/A/AVFAudio
0x00007ff91361a000 	/usr/lib/libAccessibility.dylib
0x00007ffc1cdad000 	/System/Library/PrivateFrameworks/IsolatedCoreAudioClient.framework/Versions/A/IsolatedCoreAudioClient
0x00007ffa15cff000 	/usr/lib/swift/libswiftCoreMedia.dylib
0x00007ffd17bc7000 	/System/Library/PrivateFrameworks/Tightbeam.framework/Versions/A/Tightbeam
0x00007ffb27f25000 	/System/Library/PrivateFrameworks/CoreAudioOrchestration.framework/Versions/A/CoreAudioOrchestration
0x00007ffa125cc000 	/System/Library/PrivateFrameworks/AFKUser.framework/Versions/A/AFKUser
0x00007ff8282e7000 	/System/Library/Frameworks/MediaAccessibility.framework/Versions/A/MediaAccessibility
0x00007ffd1b890000 	/System/Library/PrivateFrameworks/VideoToolboxParavirtualizationSupport.framework/Versions/A/VideoToolboxParavirtualizationSupport
0x00007ff82142c000 	/System/Library/PrivateFrameworks/AppleVA.framework/Versions/A/AppleVA
0x00007ff8222f5000 	/System/Library/PrivateFrameworks/GPUWrangler.framework/Versions/A/GPUWrangler
0x00007ff8222d9000 	/System/Library/PrivateFrameworks/IOPresentment.framework/Versions/A/IOPresentment
0x00007ff8222ff000 	/System/Library/PrivateFrameworks/DSExternalDisplay.framework/Versions/A/DSExternalDisplay
0x00007ffb23268000 	/System/Library/PrivateFrameworks/ArgumentParserInternal.framework/Versions/A/ArgumentParserInternal
0x00007ffb230cb000 	/System/Library/PrivateFrameworks/AppleMobileFileIntegrity.framework/Versions/A/AppleMobileFileIntegrity
0x00007ffd25879000 	/usr/lib/libTLE.dylib
0x00007ffb102ce000 	/System/Library/PrivateFrameworks/ConfigProfileHelper.framework/Versions/A/ConfigProfileHelper
0x00007ffa250b4000 	/usr/lib/libedit.3.dylib
0x00007ffc1dfc6000 	/System/Library/PrivateFrameworks/MIL.framework/Versions/A/MIL
0x00007ff91f52d000 	/usr/lib/libncurses.5.4.dylib
0x00007ff81e505000 	/System/Library/PrivateFrameworks/CoreEmoji.framework/Versions/A/CoreEmoji
0x00007ff810567000 	/usr/lib/libCRFSuite.dylib
0x00007ff81cfa2000 	/System/Library/PrivateFrameworks/CoreNLP.framework/Versions/A/CoreNLP
0x00007ff81e866000 	/usr/lib/libmecab.dylib
0x00007ff81f83a000 	/usr/lib/libThaiTokenizer.dylib
0x00007ffa1fb71000 	/System/Library/PrivateFrameworks/HIDDisplay.framework/Versions/A/HIDDisplay
0x00007ff822336000 	/System/Library/Frameworks/ApplicationServices.framework/Versions/A/Frameworks/ATSUI.framework/Versions/A/ATSUI
0x00007ff823f58000 	/usr/lib/libcups.2.dylib
0x00007ff823ff1000 	/System/Library/Frameworks/Kerberos.framework/Versions/A/Kerberos
0x00007ff823c56000 	/usr/lib/libresolv.9.dylib
0x00007ff821702000 	/System/Library/PrivateFrameworks/Heimdal.framework/Versions/A/Heimdal
0x00007ff82cc20000 	/System/Library/Frameworks/Kerberos.framework/Versions/A/Libraries/libHeimdalProxy.dylib
0x00007ff824049000 	/System/Library/PrivateFrameworks/CommonAuth.framework/Versions/A/CommonAuth
0x00007ff913539000 	/System/Library/PrivateFrameworks/AXCoreUtilities.framework/Versions/A/AXCoreUtilities
0x00007ffd2530f000 	/usr/lib/libAXSafeCategoryBundle.dylib
0x00007ff81e30e000 	/System/Library/Frameworks/Accelerate.framework/Versions/A/Frameworks/vecLib.framework/Versions/A/libvDSP.dylib
0x00007ff81f993000 	/System/Library/Frameworks/Accelerate.framework/Versions/A/Frameworks/vecLib.framework/Versions/A/libLAPACK.dylib
0x00007ff81e8c4000 	/System/Library/Frameworks/Accelerate.framework/Versions/A/Frameworks/vecLib.framework/Versions/A/libLinearAlgebra.dylib
0x00007ff81f87d000 	/System/Library/Frameworks/Accelerate.framework/Versions/A/Frameworks/vecLib.framework/Versions/A/libSparseBLAS.dylib
0x00007ff81f98d000 	/System/Library/Frameworks/Accelerate.framework/Versions/A/Frameworks/vecLib.framework/Versions/A/libQuadrature.dylib
0x00007ff81d0b9000 	/System/Library/Frameworks/Accelerate.framework/Versions/A/Frameworks/vecLib.framework/Versions/A/libBNNS.dylib
0x00007ff81030a000 	/System/Library/Frameworks/Accelerate.framework/Versions/A/Frameworks/vecLib.framework/Versions/A/libSparse.dylib
0x00007ff823fbb000 	/System/Library/PrivateFrameworks/NetAuth.framework/Versions/A/NetAuth
0x00007ff81a0ba000 	/System/Library/PrivateFrameworks/login.framework/Versions/A/Frameworks/loginsupport.framework/Versions/A/loginsupport
0x00007ff81e834000 	/usr/lib/libCheckFix.dylib
0x00007ff818af7000 	/System/Library/PrivateFrameworks/MetadataUtilities.framework/Versions/A/MetadataUtilities
0x00007ffc1a15f000 	/System/Library/PrivateFrameworks/InstalledContentLibrary.framework/Versions/A/InstalledContentLibrary
0x00007ff8132bf000 	/System/Library/PrivateFrameworks/CoreServicesStore.framework/Versions/A/CoreServicesStore
0x00007ffa0db75000 	/System/Library/PrivateFrameworks/MobileSystemServices.framework/Versions/A/MobileSystemServices
0x00007ff820f13000 	/usr/lib/libxslt.1.dylib
0x00007ff81e7f8000 	/System/Library/PrivateFrameworks/BackgroundTaskManagement.framework/Versions/A/BackgroundTaskManagement
0x00007ff82c3b1000 	/usr/lib/libcurl.4.dylib
0x00007ffd25c11000 	/usr/lib/libcrypto.46.dylib
0x00007ffd26836000 	/usr/lib/libssl.48.dylib
0x00007ff82c094000 	/System/Library/Frameworks/LDAP.framework/Versions/A/LDAP
0x00007ff82c0cf000 	/System/Library/PrivateFrameworks/TrustEvaluationAgent.framework/Versions/A/TrustEvaluationAgent
0x00007ff823c73000 	/usr/lib/libsasl2.2.dylib
0x00007ff9173a3000 	/usr/lib/swift/libswiftCoreGraphics.dylib
0x00007ff8289a1000 	/usr/lib/swift/libswiftFoundation.dylib
0x00007ffb0fcb7000 	/usr/lib/swift/libswiftSwiftOnoneSupport.dylib
0x00007ffd26e9c000 	/usr/lib/swift/libswiftsys_time.dylib
0x00007ffa1b91d000 	/System/Library/PrivateFrameworks/CoreMaterial.framework/Versions/A/CoreMaterial
0x00007ffd26bdd000 	/usr/lib/swift/libswiftSpatial.dylib
0x00007ffd25878000 	/usr/lib/libSpatial.dylib
0x00007ffd25226000 	/System/Library/SubFrameworks/UIUtilities.framework/Versions/A/UIUtilities
0x000000010c3f1000 	/Users/nenesaurio/.p2/pool/plugins/org.eclipse.justj.openjdk.hotspot.jre.full.macosx.x86_64_21.0.7.v20250502-0916/jre/lib/server/libjvm.dylib
0x000000010b135000 	/Users/nenesaurio/.p2/pool/plugins/org.eclipse.justj.openjdk.hotspot.jre.full.macosx.x86_64_21.0.7.v20250502-0916/jre/lib/libjimage.dylib
0x000000010b1c4000 	/Users/nenesaurio/.p2/pool/plugins/org.eclipse.justj.openjdk.hotspot.jre.full.macosx.x86_64_21.0.7.v20250502-0916/jre/lib/libjava.dylib
0x000000010bd95000 	/Users/nenesaurio/.p2/pool/plugins/org.eclipse.justj.openjdk.hotspot.jre.full.macosx.x86_64_21.0.7.v20250502-0916/jre/lib/libzip.dylib
0x000000010bea9000 	/Users/nenesaurio/.p2/pool/plugins/org.eclipse.justj.openjdk.hotspot.jre.full.macosx.x86_64_21.0.7.v20250502-0916/jre/lib/libnio.dylib
0x000000010bee4000 	/Users/nenesaurio/.p2/pool/plugins/org.eclipse.justj.openjdk.hotspot.jre.full.macosx.x86_64_21.0.7.v20250502-0916/jre/lib/libnet.dylib
0x000000010bfd7000 	/Users/nenesaurio/.p2/pool/plugins/org.eclipse.justj.openjdk.hotspot.jre.full.macosx.x86_64_21.0.7.v20250502-0916/jre/lib/libawt.dylib
0x000000010c20c000 	/Users/nenesaurio/.p2/pool/plugins/org.eclipse.justj.openjdk.hotspot.jre.full.macosx.x86_64_21.0.7.v20250502-0916/jre/lib/libmlib_image.dylib
0x00007ffb18911000 	/System/Library/Frameworks/JavaRuntimeSupport.framework/Versions/A/JavaRuntimeSupport
0x00007ff918be4000 	/System/Library/Frameworks/Carbon.framework/Versions/A/Carbon
0x00007ff90eff8000 	/System/Library/Frameworks/Carbon.framework/Versions/A/Frameworks/CommonPanels.framework/Versions/A/CommonPanels
0x00007ff82c39e000 	/System/Library/Frameworks/Carbon.framework/Versions/A/Frameworks/Help.framework/Versions/A/Help
0x00007ff90effc000 	/System/Library/Frameworks/Carbon.framework/Versions/A/Frameworks/ImageCapture.framework/Versions/A/ImageCapture
0x00007ff90efd9000 	/System/Library/Frameworks/Carbon.framework/Versions/A/Frameworks/OpenScripting.framework/Versions/A/OpenScripting
0x00007ff90eff7000 	/System/Library/Frameworks/Carbon.framework/Versions/A/Frameworks/Ink.framework/Versions/A/Ink
0x00007ff90eff4000 	/System/Library/Frameworks/Carbon.framework/Versions/A/Frameworks/SecurityHI.framework/Versions/A/SecurityHI
0x0000000125bcb000 	/Users/nenesaurio/.p2/pool/plugins/org.eclipse.justj.openjdk.hotspot.jre.full.macosx.x86_64_21.0.7.v20250502-0916/jre/lib/libawt_lwawt.dylib
0x000000010bf64000 	/Users/nenesaurio/.p2/pool/plugins/org.eclipse.justj.openjdk.hotspot.jre.full.macosx.x86_64_21.0.7.v20250502-0916/jre/lib/libosxapp.dylib
0x00007ff917407000 	/System/Library/Frameworks/ExceptionHandling.framework/Versions/A/ExceptionHandling
0x000000016d087000 	/Users/nenesaurio/.p2/pool/plugins/org.eclipse.justj.openjdk.hotspot.jre.full.macosx.x86_64_21.0.7.v20250502-0916/jre/lib/libfontmanager.dylib
0x0000000125ea6000 	/Users/nenesaurio/.p2/pool/plugins/org.eclipse.justj.openjdk.hotspot.jre.full.macosx.x86_64_21.0.7.v20250502-0916/jre/lib/libfreetype.dylib
0x00007ffb162f8000 	/System/Library/Frameworks/AppIntents.framework/Versions/A/AppIntents
0x00007ffb1bf9c000 	/System/Library/Frameworks/RelevanceKit.framework/Versions/A/RelevanceKit
0x00007ff81f463000 	/System/Library/Frameworks/CoreSpotlight.framework/Versions/A/CoreSpotlight
0x00007ffc1db42000 	/System/Library/PrivateFrameworks/LinkServices.framework/Versions/A/LinkServices
0x00007ffc0cbd9000 	/System/Library/PrivateFrameworks/DoNotDisturb.framework/Versions/A/DoNotDisturb
0x00007ffc1d9c5000 	/System/Library/PrivateFrameworks/LinkMetadata.framework/Versions/A/LinkMetadata
0x00007ff91a17e000 	/usr/lib/swift/libswiftIntents.dylib
0x00007ff91f683000 	/System/Library/PrivateFrameworks/IntentsCore.framework/Versions/A/IntentsCore
0x00007ffb2399f000 	/System/Library/PrivateFrameworks/AvailabilityKit.framework/Versions/A/AvailabilityKit
0x00007ffb20f27000 	/System/Library/PrivateFrameworks/AppIntentSchemas.framework/Versions/A/AppIntentSchemas
0x00007ffc14396000 	/System/Library/PrivateFrameworks/GRDBInternal.framework/Versions/A/GRDBInternal
0x00007ffd13fd5000 	/System/Library/PrivateFrameworks/StatusKit.framework/Versions/A/StatusKit
0x00007ff829863000 	/System/Library/PrivateFrameworks/GenerationalStorage.framework/Versions/A/GenerationalStorage
0x00007ff829689000 	/System/Library/Frameworks/FileProvider.framework/Versions/A/FileProvider
0x00007ff814df9000 	/System/Library/PrivateFrameworks/DesktopServicesPriv.framework/Versions/A/DesktopServicesPriv
0x00007ff919c2d000 	/System/Library/PrivateFrameworks/FTServices.framework/Versions/A/FTServices
0x00007ff82bca8000 	/System/Library/PrivateFrameworks/CoreWiFi.framework/Versions/A/CoreWiFi
0x00007ff81b88e000 	/System/Library/Frameworks/CoreLocation.framework/Versions/A/CoreLocation
0x00007ff82b5d6000 	/System/Library/Frameworks/Intents.framework/Versions/A/Intents
0x00007ffb1e419000 	/System/Library/Frameworks/_LocationEssentials.framework/Versions/A/_LocationEssentials
0x00007ff81f415000 	/System/Library/Frameworks/UserNotifications.framework/Versions/A/UserNotifications
0x00007ff825515000 	/System/Library/PrivateFrameworks/Sharing.framework/Versions/A/Sharing
0x00007ff82bca7000 	/System/Library/PrivateFrameworks/Apple80211.framework/Versions/A/Apple80211
0x00007ff81e54b000 	/System/Library/Frameworks/CoreWLAN.framework/Versions/A/CoreWLAN
0x00007ff920b0a000 	/usr/lib/swift/libswiftCoreLocation.dylib
0x00007ffa26fe0000 	/System/Library/PrivateFrameworks/WiFiPeerToPeer.framework/Versions/A/WiFiPeerToPeer
0x00007ffd2634f000 	/usr/lib/libmrc.dylib
0x00007ffc198c5000 	/System/Library/PrivateFrameworks/IPConfiguration.framework/Versions/A/IPConfiguration
0x00007ffa1b8e2000 	/System/Library/PrivateFrameworks/Netrb.framework/Versions/A/Netrb
0x00007ff825bc9000 	/System/Library/PrivateFrameworks/GeoServices.framework/Versions/A/GeoServices
0x00007ff823909000 	/System/Library/PrivateFrameworks/LocationSupport.framework/Versions/A/LocationSupport
0x00007ffc16c4e000 	/System/Library/PrivateFrameworks/GeoServicesCore.framework/Versions/A/GeoServicesCore
0x00007ff91352f000 	/System/Library/PrivateFrameworks/PhoneNumbers.framework/Versions/A/PhoneNumbers
0x00007ffc1dec6000 	/System/Library/PrivateFrameworks/LocationLogEncryption.framework/Versions/A/LocationLogEncryption
0x00007ff824ec5000 	/System/Library/PrivateFrameworks/IDS.framework/Versions/A/IDS
0x00007ffa22343000 	/System/Library/Frameworks/CryptoKit.framework/Versions/A/CryptoKit
0x00007ff82cc1c000 	/System/Library/PrivateFrameworks/CryptoKitCBridging.framework/Versions/A/CryptoKitCBridging
0x00007ff82a3cc000 	/System/Library/Frameworks/CryptoTokenKit.framework/Versions/A/CryptoTokenKit
0x00007ff82a448000 	/System/Library/Frameworks/LocalAuthentication.framework/Versions/A/LocalAuthentication
0x00007ffc1dd25000 	/System/Library/PrivateFrameworks/LocalAuthenticationCore.framework/Versions/A/LocalAuthenticationCore
0x00007ffc1de7c000 	/System/Library/PrivateFrameworks/LocalAuthenticationCredentialServices.framework/Versions/A/LocalAuthenticationCredentialServices
0x00007ff82a4ab000 	/System/Library/Frameworks/LocalAuthentication.framework/Support/SharedUtils.framework/Versions/A/SharedUtils
0x00007ff823896000 	/System/Library/PrivateFrameworks/IMFoundation.framework/Versions/A/IMFoundation
0x00007ff9129f0000 	/System/Library/PrivateFrameworks/Marco.framework/Versions/A/Marco
0x00007ff8250a7000 	/System/Library/PrivateFrameworks/IDSFoundation.framework/Versions/A/IDSFoundation
0x00007ff8173e1000 	/System/Library/PrivateFrameworks/CommonUtilities.framework/Versions/A/CommonUtilities
0x00007ff90efc2000 	/System/Library/PrivateFrameworks/Engram.framework/Versions/A/Engram
0x00007ff927f37000 	/usr/lib/swift/libswiftCompression.dylib
0x00007ff90ef64000 	/usr/lib/libtidy.A.dylib
0x00007ff8219d3000 	/System/Library/PrivateFrameworks/Bom.framework/Versions/A/Bom
0x00007ff823c93000 	/usr/lib/libParallelCompression.dylib
0x00007ff928853000 	/System/Library/PrivateFrameworks/FTAWD.framework/Versions/A/FTAWD
0x00007ff8133dc000 	/usr/lib/libsandbox.1.dylib
0x00007ff8213ad000 	/usr/lib/libMatch.1.dylib
0x00007ff82ccd9000 	/System/Library/PrivateFrameworks/IntentsFoundation.framework/Versions/A/IntentsFoundation
0x00007ff819d89000 	/System/Library/PrivateFrameworks/ViewBridge.framework/Versions/A/ViewBridge
0x0000000125aeb000 	/usr/lib/libobjc-trampolines.dylib
0x00007ff923d61000 	/System/Library/CoreServices/RawCamera.bundle/Contents/MacOS/RawCamera
0x00007ff82286e000 	/System/Library/Frameworks/MediaToolbox.framework/Versions/A/MediaToolbox
0x00007ff82965d000 	/System/Library/PrivateFrameworks/CoreAVCHD.framework/Versions/A/CoreAVCHD
0x00007ff829659000 	/System/Library/PrivateFrameworks/Mangrove.framework/Versions/A/Mangrove
0x00007ffb2508d000 	/System/Library/PrivateFrameworks/CMPhoto.framework/Versions/A/CMPhoto
0x00007ff829dd5000 	/System/Library/Frameworks/CoreTelephony.framework/Versions/A/CoreTelephony
0x00007ff82a5ba000 	/System/Library/PrivateFrameworks/AppleVPA.framework/Versions/A/AppleVPA
0x00007ff82929e000 	/System/Library/PrivateFrameworks/CoreAUC.framework/Versions/A/CoreAUC
0x00007ffb224ef000 	/System/Library/PrivateFrameworks/AppleJPEGXL.framework/Versions/A/AppleJPEGXL
0x00007ff8241d0000 	/usr/lib/libTelephonyUtilDynamic.dylib
0x00007ff920aed000 	/System/Library/Frameworks/Accelerate.framework/Versions/A/Frameworks/vImage.framework/Versions/A/Libraries/libCGInterfaces.dylib
0x00007ffb1e357000 	/System/Library/Frameworks/_AppIntents_AppKit.framework/Versions/A/_AppIntents_AppKit
0x00007ffd25313000 	/usr/lib/libAccessibilityBaseImplementations.dylib
0x00007ffd1f47a000 	/System/Library/PrivateFrameworks/WritingToolsUI.framework/Versions/A/WritingToolsUI
0x00007ffc16720000 	/System/Library/PrivateFrameworks/GenerativeAssistantSettings.framework/Versions/A/GenerativeAssistantSettings
0x00007ffd15ae3000 	/System/Library/PrivateFrameworks/TextComposer.framework/Versions/A/TextComposer
0x00007ffc166fd000 	/System/Library/PrivateFrameworks/GenerativeAssistantCommon.framework/Versions/A/GenerativeAssistantCommon
0x00007ff921b3d000 	/System/Library/Frameworks/SwiftUI.framework/Versions/A/SwiftUI
0x00007ffb1e386000 	/System/Library/Frameworks/_AuthenticationServices_SwiftUI.framework/Versions/A/_AuthenticationServices_SwiftUI
0x00007ffb20ce7000 	/System/Library/PrivateFrameworks/Anvil.framework/Versions/A/Anvil
0x00007ff921106000 	/System/Library/PrivateFrameworks/AppStoreDaemon.framework/Versions/A/AppStoreDaemon
0x00007ff90cc6c000 	/System/Library/PrivateFrameworks/AppleMediaServices.framework/Versions/A/AppleMediaServices
0x00007ffc16aed000 	/System/Library/PrivateFrameworks/GenerativePartnerServiceUI.framework/Versions/A/GenerativePartnerServiceUI
0x00007ffb0f34d000 	/System/Library/PrivateFrameworks/JetEngine.framework/Versions/A/JetEngine
0x00007ffd159d5000 	/System/Library/PrivateFrameworks/TextAnimationSupport.framework/Versions/A/TextAnimationSupport
0x00007ffc2a3cb000 	/System/Library/PrivateFrameworks/RecapPerformanceTesting.framework/Versions/A/RecapPerformanceTesting
0x00007ff91ab2c000 	/System/Library/PrivateFrameworks/SignpostCollection.framework/Versions/A/SignpostCollection
0x00007ffb2387a000 	/System/Library/PrivateFrameworks/AuthenticationServicesCore.framework/Versions/A/AuthenticationServicesCore
0x00007ff92420d000 	/System/Library/Frameworks/AuthenticationServices.framework/Versions/A/AuthenticationServices
0x00007ff821346000 	/System/Library/PrivateFrameworks/SharedWebCredentials.framework/Versions/A/SharedWebCredentials
0x00007ff91babc000 	/System/Library/PrivateFrameworks/SafariCore.framework/Versions/A/SafariCore
0x00007ff923d15000 	/System/Library/PrivateFrameworks/SafariFoundation.framework/Versions/A/SafariFoundation
0x00007ff828c39000 	/System/Library/Frameworks/Contacts.framework/Versions/A/Contacts
0x00007ffb24b43000 	/System/Library/PrivateFrameworks/CBORLibrary.framework/Versions/A/CBORLibrary
0x00007ffb25933000 	/System/Library/PrivateFrameworks/Chirp.framework/Versions/A/Chirp
0x00007ffb2632f000 	/System/Library/PrivateFrameworks/CloudSubscriptionFeatures.framework/Versions/A/CloudSubscriptionFeatures
0x00007ff8289a2000 	/System/Library/PrivateFrameworks/ContactsFoundation.framework/Versions/A/ContactsFoundation
0x00007ffb10606000 	/System/Library/PrivateFrameworks/RemoteManagement.framework/Versions/A/RemoteManagement
0x00007ffc2a6d7000 	/System/Library/PrivateFrameworks/RemoteManagementModel.framework/Versions/A/RemoteManagementModel
0x00007ffc2a767000 	/System/Library/PrivateFrameworks/RemoteManagementStore.framework/Versions/A/RemoteManagementStore
0x00007ff825a58000 	/usr/lib/libxcselect.dylib
0x00007ff923c81000 	/System/Library/PrivateFrameworks/DifferentialPrivacy.framework/Versions/A/DifferentialPrivacy
0x00007ffc2011b000 	/System/Library/PrivateFrameworks/ManagedSettingsObjC.framework/Versions/A/ManagedSettingsObjC
0x00007ffc1deca000 	/System/Library/PrivateFrameworks/LockdownMode.framework/Versions/A/LockdownMode
0x00007ffd1a49b000 	/System/Library/PrivateFrameworks/VDAF.framework/Versions/A/VDAF
0x00007ff828a66000 	/System/Library/PrivateFrameworks/ContactsPersistence.framework/Versions/A/ContactsPersistence
0x00007ff827c17000 	/System/Library/PrivateFrameworks/AppleLDAP.framework/Versions/A/AppleLDAP
0x00007ff82c745000 	/System/Library/Frameworks/ClassKit.framework/Versions/A/ClassKit
0x00007ff82ea49000 	/System/Library/PrivateFrameworks/CoreSuggestions.framework/Versions/A/CoreSuggestions
0x00007ff82a382000 	/System/Library/PrivateFrameworks/vCard.framework/Versions/A/vCard
0x00007ffb26dae000 	/System/Library/PrivateFrameworks/ContactsMetrics.framework/Versions/A/ContactsMetrics
0x00007ff8217ae000 	/System/Library/PrivateFrameworks/login.framework/Versions/A/login
0x00007ffc20116000 	/System/Library/PrivateFrameworks/ManagedOrganizationContacts.framework/Versions/A/ManagedOrganizationContacts
0x00007ff81a51f000 	/System/Library/PrivateFrameworks/CloudDocs.framework/Versions/A/CloudDocs
0x00007ff912efb000 	/System/Library/PrivateFrameworks/ProactiveEventTracker.framework/Versions/A/ProactiveEventTracker
0x00007ff823d37000 	/System/Library/PrivateFrameworks/CoreFollowUp.framework/Versions/A/CoreFollowUp
0x00007ff82deb9000 	/System/Library/PrivateFrameworks/ConfigurationProfiles.framework/Versions/A/ConfigurationProfiles
0x00007ffb2c0c7000 	/System/Library/PrivateFrameworks/DMCUtilities.framework/Versions/A/DMCUtilities
0x00007ffc1df3f000 	/System/Library/PrivateFrameworks/MDMClientLibrary.framework/Versions/A/MDMClientLibrary
0x00007ffc2a75c000 	/System/Library/PrivateFrameworks/RemoteManagementProtocol.framework/Versions/A/RemoteManagementProtocol
0x00007ffd256fd000 	/usr/lib/libEndpointSecuritySystem.dylib
0x00007ff8282fc000 	/System/Library/PrivateFrameworks/SystemAdministration.framework/Versions/A/SystemAdministration
0x00007ff910ed0000 	/System/Library/PrivateFrameworks/PowerlogControl.framework/Versions/A/PowerlogControl
0x00007ff81e827000 	/System/Library/Frameworks/ServiceManagement.framework/Versions/A/ServiceManagement
0x00007ff910ed2000 	/usr/lib/libUniversalAccess.dylib
0x00007ff90d527000 	/System/Library/PrivateFrameworks/FamilyControls.framework/Versions/A/FamilyControls
0x00007ff827bf0000 	/System/Library/Frameworks/DirectoryService.framework/Versions/A/DirectoryService
0x00007ff82c435000 	/System/Library/PrivateFrameworks/LoginUIKit.framework/Versions/A/Frameworks/LoginUICore.framework/Versions/A/LoginUICore
0x00007ff8219d2000 	/usr/lib/libodfde.dylib
0x00007ff90d522000 	/System/Library/PrivateFrameworks/UniversalAccess.framework/Versions/A/Libraries/libUAPreferences.dylib
0x00007ff90d54a000 	/System/Library/PrivateFrameworks/CommerceKit.framework/Versions/A/Frameworks/CommerceCore.framework/Versions/A/CommerceCore
0x00007ffb2c03f000 	/System/Library/PrivateFrameworks/DEPClientLibrary.framework/Versions/A/DEPClientLibrary
0x00007ffb2c064000 	/System/Library/PrivateFrameworks/DMCEnrollmentLibrary.framework/Versions/A/DMCEnrollmentLibrary
0x00007ff910fb3000 	/System/Library/PrivateFrameworks/SetupAssistantFramework.framework/Versions/A/SetupAssistantFramework
0x00007ff82ca80000 	/System/Library/PrivateFrameworks/AuthKitUI.framework/Versions/A/AuthKitUI
0x00007ff82c47a000 	/System/Library/PrivateFrameworks/AppSSO.framework/Versions/A/AppSSO
0x00007ff920e75000 	/System/Library/PrivateFrameworks/LocalAuthenticationUI.framework/Versions/A/LocalAuthenticationUI
0x00007ffc288dc000 	/System/Library/PrivateFrameworks/PlatformSSO.framework/Versions/A/PlatformSSO
0x00007ff921912000 	/System/Library/PrivateFrameworks/AOSUI.framework/Versions/A/AOSUI
0x00007ff912ce2000 	/System/Library/Frameworks/ContactsUI.framework/Versions/A/ContactsUI
0x00007ff828ea7000 	/System/Library/PrivateFrameworks/FamilyCircle.framework/Versions/A/FamilyCircle
0x00007ffa0fbeb000 	/System/Library/Frameworks/LinkPresentation.framework/Versions/A/LinkPresentation
0x00007ffb18995000 	/System/Library/Frameworks/LocalAuthenticationEmbeddedUI.framework/Versions/A/LocalAuthenticationEmbeddedUI
0x00007ffc289db000 	/System/Library/PrivateFrameworks/PlatformSSOCore.framework/Versions/A/PlatformSSOCore
0x00007ff9128e9000 	/System/Library/PrivateFrameworks/IASUtilities.framework/Versions/A/IASUtilities
0x00007ffc197b6000 	/System/Library/PrivateFrameworks/IASUtilitiesCore.framework/Versions/A/IASUtilitiesCore
0x00007ff91ab3a000 	/System/Library/PrivateFrameworks/OnBoardingKit.framework/Versions/A/OnBoardingKit
0x00007ffc2a7cd000 	/System/Library/PrivateFrameworks/RemoteUI.framework/Versions/A/RemoteUI
0x00007ff91747b000 	/System/Library/Frameworks/WebKit.framework/Versions/A/WebKit
0x00007ff90effe000 	/System/Library/Frameworks/JavaScriptCore.framework/Versions/A/JavaScriptCore
0x00007ffc1d4a2000 	/System/Library/PrivateFrameworks/LiftUI.framework/Versions/A/LiftUI
0x00007ffc2c960000 	/System/Library/PrivateFrameworks/Settings.framework/Versions/A/Settings
0x00007ffd1fe3f000 	/System/Library/PrivateFrameworks/_IconServices_SwiftUI.framework/Versions/A/_IconServices_SwiftUI
0x00007ffb16cec000 	/System/Library/Frameworks/BrowserEngineCore.framework/Versions/A/BrowserEngineCore
0x00007ff82ed52000 	/System/Library/Frameworks/WebKit.framework/Versions/A/Frameworks/WebKitLegacy.framework/Versions/A/WebKitLegacy
0x00007ff82ca2a000 	/System/Library/PrivateFrameworks/CorePrediction.framework/Versions/A/CorePrediction
0x00007ff81abb0000 	/System/Library/Frameworks/WebKit.framework/Versions/A/Frameworks/WebCore.framework/Versions/A/Frameworks/libwebrtc.dylib
0x00007ff917409000 	/System/Library/PrivateFrameworks/SafariSafeBrowsing.framework/Versions/A/SafariSafeBrowsing
0x00007ff823cff000 	/System/Library/Frameworks/SecurityInterface.framework/Versions/A/SecurityInterface
0x00007ff91ab39000 	/System/Library/PrivateFrameworks/WebInspectorUI.framework/Versions/A/WebInspectorUI
0x00007ff913647000 	/System/Library/Frameworks/WebKit.framework/Versions/A/Frameworks/WebCore.framework/Versions/A/WebCore
0x00007ffb1df58000 	/System/Library/Frameworks/WebKit.framework/Versions/A/Frameworks/WebCore.framework/Versions/A/Frameworks/libANGLE-shared.dylib
0x00007ffd1df43000 	/System/Library/PrivateFrameworks/WebGPU.framework/Versions/A/WebGPU
0x00007ff91cac5000 	/System/Library/Frameworks/SceneKit.framework/Versions/A/SceneKit
0x00007ffa0e402000 	/System/Library/Frameworks/ModelIO.framework/Versions/A/ModelIO
0x00007ff825a3b000 	/System/Library/Frameworks/MetalKit.framework/Versions/A/MetalKit
0x00007ff827f25000 	/System/Library/Frameworks/GLKit.framework/Versions/A/GLKit
0x00007ffd2714e000 	/usr/lib/usd/libusd_ms.dylib
0x00007ffd19a7e000 	/System/Library/PrivateFrameworks/USDLib_FormatLoaderProxy.framework/Versions/A/USDLib_FormatLoaderProxy
0x00007ffd26e97000 	/usr/lib/swift/libswift_errno.dylib
0x00007ff919c0d000 	/System/Library/PrivateFrameworks/CoreOptimization.framework/Versions/A/CoreOptimization
0x00007ffb1795c000 	/System/Library/Frameworks/ExtensionKit.framework/Versions/A/ExtensionKit
0x00007ffb26289000 	/System/Library/PrivateFrameworks/CloudSettings.framework/Versions/A/CloudSettings
0x00007ff82eb17000 	/System/Library/Frameworks/EventKit.framework/Versions/A/EventKit
0x00007ff91ad43000 	/System/Library/PrivateFrameworks/SearchFoundation.framework/Versions/A/SearchFoundation
0x00007ffa11c93000 	/System/Library/PrivateFrameworks/Email.framework/Versions/A/Email
0x00007ff9197ea000 	/System/Library/PrivateFrameworks/CoreRoutine.framework/Versions/A/CoreRoutine
0x00007ffb0ffd3000 	/System/Library/PrivateFrameworks/VoiceShortcutClient.framework/Versions/A/VoiceShortcutClient
0x00007ff92937c000 	/System/Library/PrivateFrameworks/Categories.framework/Versions/A/Categories
0x00007ff9217da000 	/System/Library/PrivateFrameworks/ChronoServices.framework/Versions/A/ChronoServices
0x00007ffb25473000 	/System/Library/PrivateFrameworks/CalendarDatabase.framework/Versions/A/CalendarDatabase
0x00007ffb253be000 	/System/Library/PrivateFrameworks/CalendarDaemon.framework/Versions/A/CalendarDaemon
0x00007ff82de22000 	/System/Library/PrivateFrameworks/CalendarFoundation.framework/Versions/A/CalendarFoundation
0x00007ff82dddd000 	/System/Library/PrivateFrameworks/iCalendar.framework/Versions/A/iCalendar
0x00007ffb2c2b7000 	/System/Library/PrivateFrameworks/DataAccessExpress.framework/Versions/A/DataAccessExpress
0x00007ff912e2d000 	/System/Library/PrivateFrameworks/ContactsAutocomplete.framework/Versions/A/ContactsAutocomplete
0x00007ffd26ca6000 	/usr/lib/swift/libswiftVideoToolbox.dylib
0x00007ff921726000 	/System/Library/PrivateFrameworks/FTClientServices.framework/Versions/A/FTClientServices
0x00007ffd26af8000 	/usr/lib/swift/libswiftCoreMediaIO.dylib
0x00007ff912769000 	/System/Library/PrivateFrameworks/CoreDAV.framework/Versions/A/CoreDAV
0x00007ff82e9e8000 	/System/Library/PrivateFrameworks/CalDAV.framework/Versions/A/CalDAV
0x00007ff917117000 	/System/Library/PrivateFrameworks/TelephonyUtilities.framework/Versions/A/TelephonyUtilities
0x00007ffb1895b000 	/System/Library/Frameworks/LiveCommunicationKit.framework/Versions/A/LiveCommunicationKit
0x00007ffb26a60000 	/System/Library/PrivateFrameworks/CommunicationTrust.framework/Versions/A/CommunicationTrust
0x00007ff91b8d9000 	/System/Library/Frameworks/CallKit.framework/Versions/A/CallKit
0x00007ff828ea1000 	/System/Library/PrivateFrameworks/CommunicationsFilter.framework/Versions/A/CommunicationsFilter
0x00007ffa251ee000 	/System/Library/PrivateFrameworks/IMTransferServices.framework/Versions/A/IMTransferServices
0x00007ff919c27000 	/System/Library/PrivateFrameworks/IncomingCallFilter.framework/Versions/A/IncomingCallFilter
0x00007ffc23ba9000 	/System/Library/PrivateFrameworks/NeighborhoodActivityConduit.framework/Versions/A/NeighborhoodActivityConduit
0x00007ff91ddc1000 	/System/Library/PrivateFrameworks/CallHistory.framework/Versions/A/CallHistory
0x00007ffd2555d000 	/usr/lib/libBASupport.dylib
0x00007ffb2581d000 	/System/Library/PrivateFrameworks/CallsUtilities.framework/Versions/A/CallsUtilities
0x00007ffb25827000 	/System/Library/PrivateFrameworks/CallsXPC.framework/Versions/A/CallsXPC
0x00007ffb1073a000 	/usr/lib/swift/libswiftCallKit.dylib
0x00007ffb25812000 	/System/Library/PrivateFrameworks/CallsPersistence.framework/Versions/A/CallsPersistence
0x00007ffb1c256000 	/System/Library/Frameworks/SensitiveContentAnalysis.framework/Versions/A/SensitiveContentAnalysis
0x00007ff91eeff000 	/System/Library/PrivateFrameworks/PeopleSuggester.framework/Versions/A/PeopleSuggester
0x00007ff92822f000 	/System/Library/PrivateFrameworks/SpotlightReceiver.framework/Versions/A/SpotlightReceiver
0x00007ffd1fe0b000 	/System/Library/PrivateFrameworks/_AppIntentsServices_AppIntents.framework/Versions/A/_AppIntentsServices_AppIntents
0x00007ffb20f85000 	/System/Library/PrivateFrameworks/AppIntentsServices.framework/Versions/A/AppIntentsServices
0x00007ff82ddc7000 	/System/Library/PrivateFrameworks/CoreRecents.framework/Versions/A/CoreRecents
0x00007ffb17f83000 	/System/Library/Frameworks/GeoToolbox.framework/Versions/A/GeoToolbox
0x00007ffb1e3ee000 	/System/Library/Frameworks/_GeoToolbox_AppIntents.framework/Versions/A/_GeoToolbox_AppIntents
0x00007ffa1b3cd000 	/System/Library/PrivateFrameworks/DiagnosticRequest.framework/Versions/A/DiagnosticRequest
0x00007ffd1fd68000 	/System/Library/PrivateFrameworks/XPCDistributed.framework/Versions/A/XPCDistributed
0x00007ffc2a45a000 	/System/Library/PrivateFrameworks/RegulatoryDomain.framework/Versions/A/RegulatoryDomain
0x00007ff827ffd000 	/usr/lib/libCTGreenTeaLogger.dylib
0x00007ffc1dea4000 	/System/Library/PrivateFrameworks/LocalStatusKit.framework/Versions/A/LocalStatusKit
0x00007ff916ffd000 	/System/Library/PrivateFrameworks/CoreParsec.framework/Versions/A/CoreParsec
0x00007ffa11c87000 	/System/Library/PrivateFrameworks/EmailAddressing.framework/Versions/A/EmailAddressing
0x00007ffa0dc37000 	/System/Library/PrivateFrameworks/EmailCore.framework/Versions/A/EmailCore
0x00007ffa0ecda000 	/System/Library/PrivateFrameworks/EmailFoundation.framework/Versions/A/EmailFoundation
0x00007ffc2680c000 	/System/Library/PrivateFrameworks/PegasusAPI.framework/Versions/A/PegasusAPI
0x00007ffc2713e000 	/System/Library/PrivateFrameworks/PegasusConfiguration.framework/Versions/A/PegasusConfiguration
0x00007ffd18441000 	/System/Library/PrivateFrameworks/ToolKit.framework/Versions/A/ToolKit
0x00007ffc2aac4000 	/System/Library/PrivateFrameworks/ReplicatorEngine.framework/Versions/A/ReplicatorEngine
0x00007ffc2ac21000 	/System/Library/PrivateFrameworks/ReplicatorServices.framework/Versions/A/ReplicatorServices
0x00007ffd15328000 	/System/Library/PrivateFrameworks/SystemWake.framework/Versions/A/SystemWake
0x00007ff91baa3000 	/System/Library/PrivateFrameworks/ContextKit.framework/Versions/A/ContextKit
0x00007ffb26ef4000 	/System/Library/PrivateFrameworks/ContextKitCore.framework/Versions/A/ContextKitCore
0x00007ff919e9b000 	/System/Library/Frameworks/LocalAuthentication.framework/Support/DaemonUtils.framework/Versions/A/DaemonUtils
0x00007ffc1de41000 	/System/Library/PrivateFrameworks/LocalAuthenticationCoreUI.framework/Versions/A/LocalAuthenticationCoreUI
0x00007ff91d477000 	/System/Library/PrivateFrameworks/BridgeXPC.framework/Versions/A/BridgeXPC
0x00007ff91ac0a000 	/System/Library/PrivateFrameworks/CoreKDL.framework/Versions/A/CoreKDL
0x00007ff9191dc000 	/System/Library/PrivateFrameworks/EmbeddedOSSupportHost.framework/Versions/A/EmbeddedOSSupportHost
0x00007ff90dfa2000 	/System/Library/PrivateFrameworks/LoginUIKit.framework/Versions/A/LoginUIKit
0x00007ff9297b7000 	/System/Library/PrivateFrameworks/StorageKit.framework/Versions/A/StorageKit
0x00007ffb12012000 	/System/Library/Frameworks/DeviceCheck.framework/Versions/A/DeviceCheck
0x00007ff92982f000 	/System/Library/PrivateFrameworks/CoreWLANKit.framework/Versions/A/CoreWLANKit
0x00007ffd1d486000 	/System/Library/PrivateFrameworks/Wallpaper.framework/Versions/A/Wallpaper
0x00007ffd26b0f000 	/usr/lib/swift/libswiftGLKit.dylib
0x00007ffd26b1a000 	/usr/lib/swift/libswiftMetalKit.dylib
0x00007ffd26b1e000 	/usr/lib/swift/libswiftModelIO.dylib
0x00007ffd26bda000 	/usr/lib/swift/libswiftSceneKit.dylib
0x00007ffb17999000 	/System/Library/Frameworks/FSKit.framework/Versions/A/FSKit
0x00007ffb2ca1c000 	/System/Library/PrivateFrameworks/DiskImages2.framework/Versions/A/DiskImages2
0x00007ffc1dcb8000 	/System/Library/PrivateFrameworks/LiveFS.framework/Versions/A/LiveFS
0x00007ffa12af6000 	/System/Library/PrivateFrameworks/DynamicDesktop.framework/Versions/A/DynamicDesktop
0x00007ffd1d5cd000 	/System/Library/PrivateFrameworks/WallpaperFoundation.framework/Versions/A/WallpaperFoundation
0x00007ffd1d619000 	/System/Library/PrivateFrameworks/WallpaperTypes.framework/Versions/A/WallpaperTypes
0x00007ffa26d83000 	/System/Library/PrivateFrameworks/SystemDesktopAppearance.framework/Versions/A/SystemDesktopAppearance
0x00007ffd22d7d000 	/System/Library/PrivateFrameworks/icloudMCCKit.framework/Versions/A/icloudMCCKit
0x00007ffb21e34000 	/System/Library/PrivateFrameworks/AppleAccountUI.framework/Versions/A/AppleAccountUI
0x00007ffa1b8eb000 	/System/Library/PrivateFrameworks/PreferencePanesSupport.framework/Versions/A/PreferencePanesSupport
0x00007ff921ab8000 	/System/Library/PrivateFrameworks/FindMyDeviceUI.framework/Versions/A/FindMyDeviceUI
0x00007ffd20a03000 	/System/Library/PrivateFrameworks/iCloudQuotaUI.framework/Versions/A/iCloudQuotaUI
0x00007ffa1baab000 	/System/Library/PrivateFrameworks/CoreCDPUI.framework/Versions/A/CoreCDPUI
0x00007ff91b81a000 	/System/Library/PrivateFrameworks/CoreFollowUpUI.framework/Versions/A/CoreFollowUpUI
0x00007ff9284c1000 	/System/Library/PrivateFrameworks/IMCore.framework/Versions/A/IMCore
0x00007ff910f36000 	/System/Library/PrivateFrameworks/CoreCDP.framework/Versions/A/CoreCDP
0x00007ff90cc5e000 	/System/Library/PrivateFrameworks/AskPermission.framework/Versions/A/AskPermission
0x00007ff91f5f3000 	/System/Library/Frameworks/Quartz.framework/Versions/A/Quartz
0x00007ff92be7a000 	/System/Library/PrivateFrameworks/CloudPhotoServicesConfiguration.framework/Versions/A/CloudPhotoServicesConfiguration
0x00007ff91dbe0000 	/System/Library/PrivateFrameworks/CommerceKit.framework/Versions/A/CommerceKit
0x00007ffa0dcfa000 	/System/Library/PrivateFrameworks/FindMyMac.framework/Versions/A/FindMyMac
0x00007ffa0dbdd000 	/System/Library/Frameworks/PreferencePanes.framework/Versions/A/PreferencePanes
0x00007ff920f62000 	/System/Library/Frameworks/AddressBook.framework/Versions/A/AddressBook
0x00007ff82e1da000 	/System/Library/PrivateFrameworks/AOSAccounts.framework/Versions/A/AOSAccounts
0x00007ff8282f7000 	/System/Library/PrivateFrameworks/AppleSRP.framework/Versions/A/AppleSRP
0x00007ff919dc3000 	/System/Library/Frameworks/SafariServices.framework/Versions/A/SafariServices
0x00007ff82cc2e000 	/System/Library/PrivateFrameworks/NetFSServer.framework/Versions/A/NetFSServer
0x00007ff91c992000 	/System/Library/Frameworks/PDFKit.framework/Versions/A/PDFKit
0x00007ffb1d6cb000 	/System/Library/Frameworks/TabularData.framework/Versions/A/TabularData
0x00007ffd26b33000 	/usr/lib/swift/libswiftPassKit.dylib
0x00007ffa1fa7c000 	/System/Library/Frameworks/PassKit.framework/Versions/A/PassKit
0x00007ff90e0a6000 	/System/Library/PrivateFrameworks/PassKitCore.framework/Versions/A/PassKitCore
0x00007ffc262bd000 	/System/Library/PrivateFrameworks/PassKitMacHelperTemp.framework/Versions/A/PassKitMacHelperTemp
0x00007ffc253c3000 	/System/Library/PrivateFrameworks/OSEligibility.framework/Versions/A/OSEligibility
0x00007ffd25493000 	/usr/lib/libAppleSSE.dylib
0x00007ff919ece000 	/System/Library/PrivateFrameworks/BiometricKit.framework/Versions/A/BiometricKit
0x00007ffc2b1ea000 	/System/Library/PrivateFrameworks/SEService.framework/Versions/A/SEService
0x00007ffb17a52000 	/System/Library/Frameworks/FinanceKit.framework/Versions/A/FinanceKit
0x00007ff91f6a0000 	/System/Library/PrivateFrameworks/NearField.framework/Versions/A/NearField
0x00007ffd25835000 	/usr/lib/libSESShared.dylib
0x00007ffc2b3c9000 	/System/Library/PrivateFrameworks/STSXPCHelperClient.framework/Versions/A/STSXPCHelperClient
0x00007ff921348000 	/usr/lib/libnfshared.dylib
0x00007ffd150e1000 	/System/Library/PrivateFrameworks/Symptoms.framework/Versions/A/Frameworks/SymptomPresentationFeed.framework/Versions/A/SymptomPresentationFeed
0x00007ffb228c4000 	/System/Library/PrivateFrameworks/AppleMediaServicesKitInternal.framework/Versions/A/AppleMediaServicesKitInternal
0x00007ffd14e1c000 	/System/Library/PrivateFrameworks/SymptomShared.framework/Versions/A/SymptomShared
0x00007ffa2258e000 	/System/Library/PrivateFrameworks/PassKitUIFoundation.framework/Versions/A/PassKitUIFoundation
0x00007ff827c28000 	/System/Library/Frameworks/MapKit.framework/Versions/A/MapKit
0x00007ffc16b74000 	/System/Library/PrivateFrameworks/GeoAnalytics.framework/Versions/A/GeoAnalytics
0x00007ff921376000 	/System/Library/PrivateFrameworks/Navigation.framework/Versions/A/Navigation
0x00007ff92ad38000 	/System/Library/PrivateFrameworks/VectorKit.framework/Versions/A/VectorKit
0x00007ff91299f000 	/System/Library/PrivateFrameworks/VirtualGarage.framework/Versions/A/VirtualGarage
0x00007ff921567000 	/System/Library/Frameworks/ExternalAccessory.framework/ExternalAccessory
0x00007ff921581000 	/System/Library/PrivateFrameworks/IAP.framework/Versions/A/IAP
0x00007ff827eef000 	/System/Library/PrivateFrameworks/IOPlatformPluginFamily.framework/Versions/A/IOPlatformPluginFamily
0x00007ffb239a2000 	/System/Library/PrivateFrameworks/AvatarKit.framework/Versions/A/AvatarKit
0x00007ffb23a6c000 	/System/Library/PrivateFrameworks/AvatarPersistence.framework/Versions/A/AvatarPersistence
0x00007ffb1d9e8000 	/System/Library/Frameworks/TipKit.framework/Versions/A/TipKit
0x00007ff90dc0a000 	/System/Library/PrivateFrameworks/IMSharedUtilities.framework/Versions/A/IMSharedUtilities
0x00007ffd26adc000 	/usr/lib/swift/libswiftAppleArchive.dylib
0x00007ffd1a57d000 	/System/Library/PrivateFrameworks/VFX.framework/Versions/A/VFX
0x00007ffa1d96f000 	/System/Library/PrivateFrameworks/AppleCVA.framework/Versions/A/AppleCVA
0x00007ffb23a6b000 	/System/Library/PrivateFrameworks/AvatarKitContent.framework/Versions/A/AvatarKitContent
0x00007ffb19716000 	/System/Library/Frameworks/MetalFX.framework/Versions/A/MetalFX
0x00007ffb26ac0000 	/System/Library/PrivateFrameworks/CompositorNonUI.framework/Versions/A/CompositorNonUI
0x00007ffb1606f000 	/System/Library/Frameworks/ARKit.framework/Versions/A/ARKit
0x00007ffb1fb2c000 	/System/Library/PrivateFrameworks/ARKitCore.framework/Versions/A/ARKitCore
0x00007ffd2558a000 	/usr/lib/libDisplayWarpSupport.dylib
0x00007ffb28049000 	/System/Library/PrivateFrameworks/CoreComposite.framework/Versions/A/CoreComposite
0x00007ffd25908000 	/usr/lib/libchannel.dylib
0x00007ffd26749000 	/usr/lib/librealtime_safety.dylib
0x00007ffb1fbb8000 	/System/Library/PrivateFrameworks/ARKitFoundation.framework/Versions/A/ARKitFoundation
0x00007ffb21ebf000 	/System/Library/PrivateFrameworks/AppleDepth.framework/Versions/A/AppleDepth
0x00007ffb22082000 	/System/Library/PrivateFrameworks/AppleDepthCore.framework/Versions/A/AppleDepthCore
0x00007ff82802a000 	/System/Library/PrivateFrameworks/CoreAppleCVA.framework/Versions/A/CoreAppleCVA
0x00007ff912ae2000 	/System/Library/PrivateFrameworks/ContactsUICore.framework/Versions/A/ContactsUICore
0x00007ff919d2d000 	/System/Library/PrivateFrameworks/ContactsDonation.framework/Versions/A/ContactsDonation
0x00007ff9195bc000 	/System/Library/PrivateFrameworks/DataDetectors.framework/Versions/A/DataDetectors
0x00007ff82e9d6000 	/System/Library/Frameworks/MediaLibrary.framework/Versions/A/MediaLibrary
0x00007ff828e92000 	/System/Library/PrivateFrameworks/PersonaKit.framework/Versions/A/PersonaKit
0x00007ff912ad1000 	/System/Library/PrivateFrameworks/PersonaUI.framework/Versions/A/PersonaUI
0x00007ffa0d601000 	/System/Library/PrivateFrameworks/Transparency.framework/Versions/A/Transparency
0x00007ffc0e01d000 	/System/Library/PrivateFrameworks/FindMyLocate.framework/Versions/A/FindMyLocate
0x00007ff91b79a000 	/System/Library/PrivateFrameworks/IntlPreferences.framework/Versions/A/IntlPreferences
0x00007ffc0df1f000 	/System/Library/PrivateFrameworks/FindMyCommon.framework/Versions/A/FindMyCommon
0x00007ffc0dd72000 	/System/Library/PrivateFrameworks/FindMyBase.framework/Versions/A/FindMyBase
0x00007ffb1b040000 	/System/Library/Frameworks/NearbyInteraction.framework/Versions/A/NearbyInteraction
0x00007ff828adc000 	/System/Library/PrivateFrameworks/AddressBookCore.framework/Versions/A/AddressBookCore
0x00007ff9210e5000 	/System/Library/PrivateFrameworks/ToneKit.framework/Versions/A/ToneKit
0x00007ff91b7e0000 	/System/Library/PrivateFrameworks/ToneLibrary.framework/Versions/A/ToneLibrary
0x00007ffb26d85000 	/System/Library/PrivateFrameworks/ContactsAccounts.framework/Versions/A/ContactsAccounts
0x00007ff91f513000 	/System/Library/PrivateFrameworks/Lookup.framework/Versions/A/Lookup
0x00007ffb1b822000 	/System/Library/Frameworks/QuickLookUI.framework/Versions/A/QuickLookUI
0x00007ffb1c1d8000 	/System/Library/Frameworks/ScreenCaptureKit.framework/Versions/A/ScreenCaptureKit
0x00007ff91c4c4000 	/System/Library/Frameworks/Quartz.framework/Versions/A/Frameworks/QuartzComposer.framework/Versions/A/QuartzComposer
0x00007ff91b771000 	/System/Library/Frameworks/Quartz.framework/Versions/A/Frameworks/QuartzFilters.framework/Versions/A/QuartzFilters
0x00007ff91a6e2000 	/System/Library/Frameworks/Quartz.framework/Versions/A/Frameworks/ImageKit.framework/Versions/A/ImageKit
0x00007ff918be3000 	/System/Library/PrivateFrameworks/CorePDF.framework/Versions/A/CorePDF
0x00007ff8259d8000 	/System/Library/Frameworks/QuickLook.framework/Versions/A/QuickLook
0x00007ff90df9d000 	/System/Library/PrivateFrameworks/DisplayServices.framework/Versions/A/DisplayServices
0x00007ff91b6d3000 	/System/Library/Frameworks/ImageCaptureCore.framework/Versions/A/ImageCaptureCore
0x00007ffd1c45d000 	/System/Library/PrivateFrameworks/VisionKitCore.framework/Versions/A/VisionKitCore
0x00007ff916fce000 	/System/Library/PrivateFrameworks/QuickLookSupport.framework/Versions/A/QuickLookSupport
0x00007ffc20a33000 	/System/Library/PrivateFrameworks/MediaAnalysisServices.framework/Versions/A/MediaAnalysisServices
0x00007ff91e481000 	/System/Library/PrivateFrameworks/PhotoLibraryServices.framework/Versions/A/PhotoLibraryServices
0x00007ff91b2c0000 	/System/Library/Frameworks/Photos.framework/Versions/A/Photos
0x00007ffa0ffe1000 	/System/Library/PrivateFrameworks/PhotosFormats.framework/Versions/A/PhotosFormats
0x00007ff92bea3000 	/System/Library/PrivateFrameworks/CloudPhotoLibrary.framework/Versions/A/CloudPhotoLibrary
0x00007ffa156f2000 	/System/Library/PrivateFrameworks/CloudPhotoServices.framework/Versions/A/CloudPhotoServices
0x00007ffa11deb000 	/System/Library/PrivateFrameworks/CoreMediaStream.framework/Versions/A/CoreMediaStream
0x00007ff8298bd000 	/System/Library/PrivateFrameworks/CPAnalytics.framework/Versions/A/CPAnalytics
0x00007ffa0e336000 	/System/Library/PrivateFrameworks/MediaConversionService.framework/Versions/A/MediaConversionService
0x00007ff90dbf8000 	/System/Library/PrivateFrameworks/PhotoFoundation.framework/Versions/A/PhotoFoundation
0x00007ffc276b9000 	/System/Library/PrivateFrameworks/PhotoLibraryServicesCore.framework/Versions/A/PhotoLibraryServicesCore
0x00007ff927c39000 	/System/Library/PrivateFrameworks/MMCS.framework/Versions/A/MMCS
0x00007ff82e813000 	/System/Library/PrivateFrameworks/ChunkingLibrary.framework/Versions/A/ChunkingLibrary
0x00007ff8282c7000 	/System/Library/PrivateFrameworks/AssetCacheServices.framework/Versions/A/AssetCacheServices
0x00007ff82a4bc000 	/System/Library/PrivateFrameworks/AVFoundationCF.framework/Versions/A/AVFoundationCF
0x00007ffa250e8000 	/usr/lib/swift/libswiftDemangle.dylib
0x00007ff91987c000 	/System/Library/PrivateFrameworks/MediaStream.framework/Versions/A/MediaStream
0x00007ffa0e822000 	/System/Library/PrivateFrameworks/NeutrinoCore.framework/Versions/A/NeutrinoCore
0x00007ff816bd9000 	/System/Library/PrivateFrameworks/NLP.framework/Versions/A/NLP
0x00007ffa1447d000 	/System/Library/PrivateFrameworks/PhotoImaging.framework/Versions/A/PhotoImaging
0x00007ffa156b2000 	/System/Library/PrivateFrameworks/PhotosImagingFoundation.framework/Versions/A/PhotosImagingFoundation
0x00007ffc28252000 	/System/Library/PrivateFrameworks/PhotosIntelligenceCore.framework/Versions/A/PhotosIntelligenceCore
0x00007ff82a90c000 	/System/Library/PrivateFrameworks/EmbeddedAcousticRecognition.framework/Versions/A/EmbeddedAcousticRecognition
0x00007ff922de2000 	/System/Library/PrivateFrameworks/EmojiFoundation.framework/Versions/A/EmojiFoundation
0x00007ff92c128000 	/System/Library/PrivateFrameworks/SDAPI.framework/Versions/A/SDAPI
0x00007ffa15700000 	/System/Library/PrivateFrameworks/AutoLoop.framework/Versions/A/AutoLoop
0x00007ffc28d16000 	/System/Library/PrivateFrameworks/Portrait.framework/Versions/A/Portrait
0x00007ffc0e619000 	/System/Library/PrivateFrameworks/FusionTracker.framework/Versions/A/FusionTracker
0x00007ff91bf58000 	/System/Library/PrivateFrameworks/iTunesCloud.framework/Versions/A/iTunesCloud
0x00007ff924ede000 	/System/Library/PrivateFrameworks/DAAPKit.framework/Versions/A/DAAPKit
0x00007ff917343000 	/System/Library/PrivateFrameworks/DeviceManagement.framework/Versions/A/DeviceManagement
0x00007ffa1b321000 	/System/Library/PrivateFrameworks/ScreenTimeUI.framework/Versions/A/ScreenTimeUI
0x00007ff9195b6000 	/System/Library/PrivateFrameworks/QuickLookNonBaseSystem.framework/Versions/A/QuickLookNonBaseSystem
0x00007ff919e01000 	/System/Library/PrivateFrameworks/Catalyst.framework/Versions/A/Catalyst
0x00007ff91b97b000 	/System/Library/PrivateFrameworks/ScreenTimeCore.framework/Versions/A/ScreenTimeCore
0x00007ffa0f45e000 	/System/Library/PrivateFrameworks/ScreenTimeServiceUI.framework/Versions/A/ScreenTimeServiceUI
0x00007ff927dd6000 	/System/Library/PrivateFrameworks/ConfigurationEngineModel.framework/Versions/A/ConfigurationEngineModel
0x00007ff92aceb000 	/System/Library/PrivateFrameworks/UsageTracking.framework/Versions/A/UsageTracking
0x00007ffb17748000 	/System/Library/Frameworks/DeviceActivity.framework/Versions/A/DeviceActivity
0x00007ff92acbd000 	/System/Library/PrivateFrameworks/KnowledgeMonitor.framework/Versions/A/KnowledgeMonitor
0x00007ffa22535000 	/System/Library/PrivateFrameworks/BluetoothManager.framework/Versions/A/BluetoothManager
0x00007ffb18a5a000 	/System/Library/Frameworks/ManagedSettings.framework/Versions/A/ManagedSettings
0x00007ffc2015b000 	/System/Library/PrivateFrameworks/ManagedSettingsSupport.framework/Versions/A/ManagedSettingsSupport
0x00007ffa1fb7d000 	/System/Library/Frameworks/ReplayKit.framework/Versions/A/ReplayKit
0x00007ff90ef96000 	/System/Library/PrivateFrameworks/MarkupUI.framework/Versions/A/MarkupUI
0x00007ff919590000 	/System/Library/PrivateFrameworks/SidecarCore.framework/Versions/A/SidecarCore
0x00007ff91c366000 	/System/Library/PrivateFrameworks/AnnotationKit.framework/Versions/A/AnnotationKit
0x00007ff91a941000 	/System/Library/Frameworks/PencilKit.framework/Versions/A/PencilKit
0x00007ff91ab19000 	/System/Library/PrivateFrameworks/SidecarUI.framework/Versions/A/SidecarUI
0x00007ff91a1c6000 	/System/Library/PrivateFrameworks/CoreHandwriting.framework/Versions/A/CoreHandwriting
0x00007ff81059e000 	/usr/lib/libmecabra.dylib
0x00007ff913034000 	/System/Library/PrivateFrameworks/Calculate.framework/Versions/A/Calculate
0x00007ff820f3d000 	/usr/lib/libChineseTokenizer.dylib
0x00007ffb10531000 	/System/Library/PrivateFrameworks/ScreenReaderCore.framework/Versions/A/ScreenReaderCore
0x00007ffd144b9000 	/System/Library/PrivateFrameworks/StocksKit.framework/Versions/A/StocksKit
0x00007ff9120d7000 	/System/Library/PrivateFrameworks/OAuth.framework/Versions/A/OAuth
0x00007ffd14209000 	/System/Library/PrivateFrameworks/StocksCore.framework/Versions/A/StocksCore
0x00007ffd15700000 	/System/Library/PrivateFrameworks/TeaFoundation.framework/Versions/A/TeaFoundation
0x00007ffd1587f000 	/System/Library/PrivateFrameworks/TeaSettings.framework/Versions/A/TeaSettings
0x00007ffa265fc000 	/System/Library/PrivateFrameworks/NewsCore.framework/Versions/A/NewsCore
0x00007ffd156aa000 	/System/Library/PrivateFrameworks/TeaDB.framework/Versions/A/TeaDB
0x00007ffa236b2000 	/System/Library/PrivateFrameworks/RemoteConfiguration.framework/Versions/A/RemoteConfiguration
0x00007ffa261a2000 	/System/Library/PrivateFrameworks/NewsTransport.framework/Versions/A/NewsTransport
0x00007ffa265ee000 	/System/Library/PrivateFrameworks/NewsFoundation.framework/Versions/A/NewsFoundation
0x00007ffc2413e000 	/System/Library/PrivateFrameworks/NewsURLBucket.framework/Versions/A/NewsURLBucket
0x00007ffb2349b000 	/System/Library/PrivateFrameworks/AsyncAlgorithmsInternal.framework/Versions/A/AsyncAlgorithmsInternal
0x00007ff91df95000 	/System/Library/PrivateFrameworks/MobileInstallation.framework/Versions/A/MobileInstallation
0x00007ffb1db33000 	/System/Library/Frameworks/Translation.framework/Versions/A/Translation
0x00007ffa16fd0000 	/System/Library/PrivateFrameworks/RevealCore.framework/Versions/A/RevealCore
0x00007ffa16fc5000 	/System/Library/PrivateFrameworks/Reveal.framework/Versions/A/Reveal
0x00007ffa0f16e000 	/System/Library/Frameworks/Speech.framework/Versions/A/Speech
0x00007ffb1eb9a000 	/System/Library/PrivateFrameworks/AIMLExperimentationAnalytics.framework/Versions/A/AIMLExperimentationAnalytics
0x00007ffb20be9000 	/System/Library/PrivateFrameworks/AlgorithmsInternal.framework/Versions/A/AlgorithmsInternal
0x00007ffd18b15000 	/System/Library/PrivateFrameworks/TranslationUIServices.framework/Versions/A/TranslationUIServices
0x00007ffd17cff000 	/System/Library/PrivateFrameworks/TipKitCore.framework/Versions/A/TipKitCore
0x00007ff922e62000 	/System/Library/PrivateFrameworks/CoreCDPInternal.framework/Versions/A/CoreCDPInternal
0x00007ffc19faf000 	/System/Library/PrivateFrameworks/InputAnalytics.framework/Versions/A/InputAnalytics
0x00007ff928ce7000 	/System/Library/Frameworks/InstantMessage.framework/Versions/A/InstantMessage
0x00007ff920e6f000 	/System/Library/PrivateFrameworks/IDSKVStore.framework/Versions/A/IDSKVStore
0x00007ff920b67000 	/System/Library/PrivateFrameworks/IMDPersistence.framework/Versions/A/IMDPersistence
0x00007ffd1a48f000 	/System/Library/PrivateFrameworks/UserSafety.framework/Versions/A/UserSafety
0x00007ffa2194b000 	/System/Library/PrivateFrameworks/BlastDoor.framework/Versions/A/BlastDoor
0x00007ffc1db13000 	/System/Library/PrivateFrameworks/LinkPresentationStyleSheetParsing.framework/Versions/A/LinkPresentationStyleSheetParsing
0x00007ffc28ebd000 	/System/Library/PrivateFrameworks/PosterFoundation.framework/Versions/A/PosterFoundation
0x00007ffc28f46000 	/System/Library/PrivateFrameworks/PosterModel.framework/Versions/A/PosterModel
0x00007ffc28f24000 	/System/Library/PrivateFrameworks/PosterFuturesKit.framework/Versions/A/PosterFuturesKit
0x00007ffc0dbc3000 	/System/Library/PrivateFrameworks/FeedbackService.framework/Versions/A/FeedbackService
0x00007ff919c87000 	/System/Library/PrivateFrameworks/CoreSDB.framework/Versions/A/CoreSDB
0x00007ffb232f4000 	/System/Library/PrivateFrameworks/AskToCore.framework/Versions/A/AskToCore
0x00007ffa1baa8000 	/System/Library/PrivateFrameworks/MachineSettings.framework/Versions/A/MachineSettings
0x00007ffa0db63000 	/System/Library/PrivateFrameworks/BezelServices.framework/Versions/A/BezelServices
0x00007ff924f6e000 	/System/Library/PrivateFrameworks/SPOwner.framework/Versions/A/SPOwner
0x00007ff91dc42000 	/System/Library/PrivateFrameworks/FMCore.framework/Versions/A/FMCore
0x00007ff91d4ac000 	/System/Library/PrivateFrameworks/AppleMediaServicesUI.framework/Versions/A/AppleMediaServicesUI
0x00007ffd20965000 	/System/Library/PrivateFrameworks/iCloudQuota.framework/Versions/A/iCloudQuota
0x00007ff912a3c000 	/System/Library/PrivateFrameworks/CoreRecognition.framework/Versions/A/CoreRecognition
0x00007ffa0dc13000 	/System/Library/PrivateFrameworks/InAppMessages.framework/Versions/A/InAppMessages
0x00007ffb0f270000 	/System/Library/PrivateFrameworks/JetUI.framework/Versions/A/JetUI
0x00007ffc1d095000 	/System/Library/PrivateFrameworks/JetPack.framework/Versions/A/JetPack
0x00007ffa0dc0b000 	/System/Library/PrivateFrameworks/InAppMessagesCore.framework/Versions/A/InAppMessagesCore
0x00007ffd1fe4c000 	/System/Library/PrivateFrameworks/_JetEngine_SwiftUI.framework/Versions/A/_JetEngine_SwiftUI
0x00007ffd15109000 	/System/Library/PrivateFrameworks/Synapse.framework/Versions/A/Synapse
0x00007ffb25258000 	/System/Library/PrivateFrameworks/CSExattrCrypto.framework/Versions/A/CSExattrCrypto
0x00007ff91f20d000 	/System/Library/PrivateFrameworks/StoreFoundation.framework/Versions/A/StoreFoundation
0x00007ff91dc3c000 	/System/Library/PrivateFrameworks/ServerInformation.framework/Versions/A/ServerInformation
0x00007ff91d682000 	/System/Library/PrivateFrameworks/Install.framework/Frameworks/DistributionKit.framework/Versions/A/DistributionKit
0x00007ff916d93000 	/System/Library/PrivateFrameworks/PackageKit.framework/Versions/A/PackageKit
0x00007ff91d6a3000 	/System/Library/PrivateFrameworks/OSPersonalization.framework/Versions/A/OSPersonalization
0x00007ff91f77b000 	/System/Library/PrivateFrameworks/BridgeOSSoftwareUpdate.framework/Versions/A/BridgeOSSoftwareUpdate
0x00007ff91a0e7000 	/System/Library/PrivateFrameworks/StorageManagement.framework/Versions/A/StorageManagement
0x00007ffa0eff9000 	/usr/lib/libauthinstall.dylib
0x00007ff91f783000 	/System/Library/PrivateFrameworks/InstallerDiagnostics.framework/Versions/A/InstallerDiagnostics
0x00007ffa0f62a000 	/usr/lib/libcrypto.42.dylib
0x00007ff91f76b000 	/System/Library/PrivateFrameworks/GPUInfo.framework/Versions/A/GPUInfo
0x00007ffa0dd00000 	/System/Library/PrivateFrameworks/MobileActivationMacOS.framework/Versions/A/MobileActivationMacOS
0x00007ff91201a000 	/System/Library/PrivateFrameworks/AccountsDaemon.framework/Versions/A/AccountsDaemon
0x00007ff82412e000 	/System/Library/PrivateFrameworks/CacheDelete.framework/Versions/A/CacheDelete
0x00007ff82cd4a000 	/System/Library/Frameworks/QuickLookThumbnailing.framework/Versions/A/QuickLookThumbnailing
0x00007ff91f7cb000 	/System/Library/PrivateFrameworks/AOSKit.framework/Versions/A/AOSKit
0x00007ff82122c000 	/System/Library/PrivateFrameworks/AppSSOCore.framework/Versions/A/AppSSOCore
0x00007ff918fc6000 	/System/Library/Frameworks/AVFoundation.framework/Versions/A/AVFoundation
0x00007ffb23b02000 	/System/Library/PrivateFrameworks/BackgroundSystemTasks.framework/Versions/A/BackgroundSystemTasks
0x00007ff82cc66000 	/System/Library/PrivateFrameworks/DuetActivityScheduler.framework/Versions/A/DuetActivityScheduler
0x00007ff92bdd6000 	/System/Library/PrivateFrameworks/NetworkServiceProxy.framework/Versions/A/NetworkServiceProxy
0x00007ff827f5f000 	/usr/lib/libnetworkextension.dylib
0x00007ff82a830000 	/System/Library/PrivateFrameworks/Rapport.framework/Versions/A/Rapport
0x00007ffd14e2b000 	/System/Library/PrivateFrameworks/Symptoms.framework/Versions/A/Frameworks/SymptomAnalytics.framework/Versions/A/SymptomAnalytics
0x00007ff824bd2000 	/System/Library/Frameworks/NetworkExtension.framework/Versions/A/NetworkExtension
0x00007ff82b581000 	/System/Library/PrivateFrameworks/CoreDuetContext.framework/Versions/A/CoreDuetContext
0x00007ff8150ad000 	/System/Library/PrivateFrameworks/CoreDuet.framework/Versions/A/CoreDuet
0x00007ff90d96f000 	/System/Library/PrivateFrameworks/AssistantServices.framework/Versions/A/AssistantServices
0x00007ff82a628000 	/System/Library/PrivateFrameworks/SAObjects.framework/Versions/A/SAObjects
0x00007ff90d555000 	/System/Library/PrivateFrameworks/MediaRemote.framework/Versions/A/MediaRemote
0x00007ff91fb84000 	/System/Library/PrivateFrameworks/SiriInstrumentation.framework/Versions/A/SiriInstrumentation
0x00007ffd0cf34000 	/System/Library/PrivateFrameworks/SiriAnalytics.framework/Versions/A/SiriAnalytics
0x00007ffd121ef000 	/System/Library/PrivateFrameworks/SiriTTSService.framework/Versions/A/SiriTTSService
0x00007ffd0d726000 	/System/Library/PrivateFrameworks/SiriCrossDeviceArbitration.framework/Versions/A/SiriCrossDeviceArbitration
0x00007ff91d481000 	/System/Library/PrivateFrameworks/FeedbackLogger.framework/Versions/A/FeedbackLogger
0x00007ffc0d824000 	/System/Library/PrivateFrameworks/FaceTimeNameUtility.framework/Versions/A/FaceTimeNameUtility
0x00007ffd0d775000 	/System/Library/PrivateFrameworks/SiriCrossDeviceArbitrationFeedback.framework/Versions/A/SiriCrossDeviceArbitrationFeedback
0x00007ffc169d7000 	/System/Library/PrivateFrameworks/GenerativeModels.framework/Versions/A/GenerativeModels
0x00007ffb161a6000 	/System/Library/Frameworks/AVRouting.framework/Versions/A/AVRouting
0x00007ff91285e000 	/System/Library/PrivateFrameworks/MediaServices.framework/Versions/A/MediaServices
0x00007ff82166a000 	/System/Library/PrivateFrameworks/PersistentConnection.framework/Versions/A/PersistentConnection
0x00007ffd136f5000 	/System/Library/PrivateFrameworks/SonicFoundation.framework/Versions/A/SonicFoundation
0x00007ffb2c470000 	/System/Library/PrivateFrameworks/Dendrite.framework/Versions/A/Dendrite
0x00007ff921b08000 	/usr/lib/libtailspin.dylib
0x00007ffa15810000 	/System/Library/PrivateFrameworks/Osprey.framework/Versions/A/Osprey
0x00007ffd117fb000 	/System/Library/PrivateFrameworks/SiriTTS.framework/Versions/A/SiriTTS
0x00007ff919d47000 	/System/Library/Frameworks/NaturalLanguage.framework/Versions/A/NaturalLanguage
0x00007ffd107f2000 	/System/Library/PrivateFrameworks/SiriPowerInstrumentation.framework/Versions/A/SiriPowerInstrumentation
0x00007ff91ac98000 	/System/Library/PrivateFrameworks/Trial.framework/Versions/A/Trial
0x00007ff91ac1b000 	/System/Library/PrivateFrameworks/TrialProto.framework/Versions/A/TrialProto
0x00007ffd19d40000 	/System/Library/PrivateFrameworks/UnifiedAssetFramework.framework/Versions/A/UnifiedAssetFramework
0x00007ffa177c5000 	/usr/lib/swift/libswiftAVFoundation.dylib
0x00007ffa26f70000 	/usr/lib/swift/libswiftNaturalLanguage.dylib
0x00007ffd156a8000 	/System/Library/PrivateFrameworks/TailspinSymbolication.framework/Versions/A/TailspinSymbolication
0x00007ffb2c17f000 	/System/Library/PrivateFrameworks/Darwinup.framework/Versions/A/Darwinup
0x00007ffa0e370000 	/System/Library/PrivateFrameworks/SignpostSupport.framework/Versions/A/SignpostSupport
0x00007ff919c12000 	/System/Library/PrivateFrameworks/FeatureFlagsSupport.framework/Versions/A/FeatureFlagsSupport
0x00007ffa0da7d000 	/System/Library/PrivateFrameworks/ktrace.framework/Versions/A/ktrace
0x00007ffa0e5c0000 	/System/Library/PrivateFrameworks/SampleAnalysis.framework/Versions/A/SampleAnalysis
0x00007ffa16f8b000 	/System/Library/PrivateFrameworks/kperfdata.framework/Versions/A/kperfdata
0x00007ff825b05000 	/usr/lib/libdscsym.dylib
0x00007ffa17508000 	/System/Library/PrivateFrameworks/BulkSymbolication.framework/Versions/A/BulkSymbolication
0x00007ff82cd92000 	/System/Library/PrivateFrameworks/Espresso.framework/Versions/A/Espresso
0x00007ff81a5fd000 	/System/Library/Frameworks/CoreML.framework/Versions/A/CoreML
0x00007ffb1089a000 	/System/Library/PrivateFrameworks/ANECompiler.framework/Versions/A/ANECompiler
0x00007ff82efb2000 	/System/Library/PrivateFrameworks/AppleNeuralEngine.framework/Versions/A/AppleNeuralEngine
0x00007ffb197ce000 	/System/Library/Frameworks/MetalPerformanceShadersGraph.framework/Versions/A/MetalPerformanceShadersGraph
0x00007ffc1e79c000 	/System/Library/PrivateFrameworks/MLCompilerServices.framework/Versions/A/MLCompilerServices
0x00007ff82dd0a000 	/System/Library/PrivateFrameworks/ANEServices.framework/Versions/A/ANEServices
0x00007ffc251de000 	/System/Library/PrivateFrameworks/ODIE.framework/Versions/A/ODIE
0x00007ffc1e741000 	/System/Library/PrivateFrameworks/MLCompilerRuntime.framework/Versions/A/MLCompilerRuntime
0x00007ff81ec51000 	/System/Library/Frameworks/MLCompute.framework/Versions/A/MLCompute
0x00007ffc1e6c7000 	/System/Library/PrivateFrameworks/MLAssetIO.framework/Versions/A/MLAssetIO
0x00007ffd26b13000 	/usr/lib/swift/libswiftMLCompute.dylib
0x00007ff829fbf000 	/System/Library/PrivateFrameworks/AVFCore.framework/Versions/A/AVFCore
0x00007ff910fc2000 	/System/Library/PrivateFrameworks/AVFCapture.framework/Versions/A/AVFCapture
0x00007ffb24f37000 	/System/Library/PrivateFrameworks/CMImaging.framework/Versions/A/CMImaging
0x00007ff911207000 	/System/Library/PrivateFrameworks/Quagga.framework/Versions/A/Quagga
0x00007ff911337000 	/System/Library/PrivateFrameworks/CMCapture.framework/Versions/A/CMCapture
0x00007ff823d69000 	/System/Library/Frameworks/CoreMediaIO.framework/Versions/A/CoreMediaIO
0x00007ffb24e70000 	/System/Library/PrivateFrameworks/CMCaptureDevice.framework/Versions/A/CMCaptureDevice
0x00007ff8217ce000 	/System/Library/PrivateFrameworks/CoreBrightness.framework/Versions/A/CoreBrightness
0x00007ffb25ccc000 	/System/Library/PrivateFrameworks/CinematicFraming.framework/Versions/A/CinematicFraming
0x00007ffd152b3000 	/System/Library/PrivateFrameworks/SystemStatus.framework/Versions/A/SystemStatus
0x00007ff918be5000 	/System/Library/Frameworks/CoreMotion.framework/Versions/A/CoreMotion
0x00007ff928dbe000 	/System/Library/PrivateFrameworks/TimeSync.framework/Versions/A/TimeSync
0x00007ffb2cc20000 	/System/Library/PrivateFrameworks/DistributedSensing.framework/Versions/A/DistributedSensing
0x00007ff9241cb000 	/System/Library/PrivateFrameworks/MobileBluetooth.framework/Versions/A/MobileBluetooth
0x00007ff92a95e000 	/System/Library/PrivateFrameworks/IOKitten.framework/Versions/A/IOKitten
0x00007ff811833000 	/System/Library/PrivateFrameworks/LanguageModeling.framework/Versions/A/LanguageModeling
0x00007ff8169a7000 	/System/Library/PrivateFrameworks/Montreal.framework/Versions/A/Montreal
0x00007ff81f6f6000 	/usr/lib/libcmph.dylib
0x00007ffc16a7b000 	/System/Library/PrivateFrameworks/GenerativeModelsFoundation.framework/Versions/A/GenerativeModelsFoundation
0x00007ffd17ff9000 	/System/Library/PrivateFrameworks/TokenGeneration.framework/Versions/A/TokenGeneration
0x00007ffc168a7000 	/System/Library/PrivateFrameworks/GenerativeFunctions.framework/Versions/A/GenerativeFunctions
0x00007ffc168e6000 	/System/Library/PrivateFrameworks/GenerativeFunctionsFoundation.framework/Versions/A/GenerativeFunctionsFoundation
0x00007ffc21d41000 	/System/Library/PrivateFrameworks/ModelCatalog.framework/Versions/A/ModelCatalog
0x00007ffc2c4c8000 	/System/Library/PrivateFrameworks/SensitiveContentAnalysisML.framework/Versions/A/SensitiveContentAnalysisML
0x00007ffc16987000 	/System/Library/PrivateFrameworks/GenerativeFunctionsInstrumentation.framework/Versions/A/GenerativeFunctionsInstrumentation
0x00007ffc29d60000 	/System/Library/PrivateFrameworks/PromptKit.framework/Versions/A/PromptKit
0x00007ffc29906000 	/System/Library/PrivateFrameworks/ProactiveDaemonSupport.framework/Versions/A/ProactiveDaemonSupport
0x00007ffc220fe000 	/System/Library/PrivateFrameworks/ModelManagerServices.framework/Versions/A/ModelManagerServices
0x00007ffd1817b000 	/System/Library/PrivateFrameworks/TokenGenerationCore.framework/Versions/A/TokenGenerationCore
0x00007ffb22464000 	/System/Library/PrivateFrameworks/AppleIntelligenceReporting.framework/Versions/A/AppleIntelligenceReporting
0x00007ffb22161000 	/System/Library/PrivateFrameworks/AppleFlatBuffers.framework/Versions/A/AppleFlatBuffers
0x00007ffc2c6c1000 	/System/Library/PrivateFrameworks/SentencePieceInternal.framework/Versions/A/SentencePieceInternal
0x00007ff828337000 	/System/Library/Frameworks/Vision.framework/Versions/A/Vision
0x00007ffb2bbbb000 	/System/Library/PrivateFrameworks/CoreSceneUnderstanding.framework/Versions/A/CoreSceneUnderstanding
0x00007ffd1c410000 	/System/Library/PrivateFrameworks/VisionCore.framework/Versions/A/VisionCore
0x00007ff922f47000 	/System/Library/Frameworks/Vision.framework/libfaceCore.dylib
0x00007ff923c68000 	/System/Library/PrivateFrameworks/Futhark.framework/Versions/A/Futhark
0x00007ff927ce7000 	/System/Library/PrivateFrameworks/InertiaCam.framework/Versions/A/InertiaCam
0x00007ff9239d0000 	/System/Library/PrivateFrameworks/TextRecognition.framework/Versions/A/TextRecognition
0x00007ff82124c000 	/System/Library/PrivateFrameworks/CVNLP.framework/Versions/A/CVNLP
0x00007ff81a0bd000 	/System/Library/PrivateFrameworks/ApplePushService.framework/Versions/A/ApplePushService
0x00007ff81a121000 	/System/Library/Frameworks/CloudKit.framework/Versions/A/CloudKit
0x00007ff82deb8000 	/System/Library/PrivateFrameworks/CoreDuetDaemonProtocol.framework/Versions/A/CoreDuetDaemonProtocol
0x00007ffa10ba9000 	/System/Library/PrivateFrameworks/DeviceIdentity.framework/Versions/A/DeviceIdentity
0x00007ffb1c3a1000 	/System/Library/Frameworks/SharedWithYouCore.framework/Versions/A/SharedWithYouCore
0x00007ffb2642a000 	/System/Library/PrivateFrameworks/CloudTelemetry.framework/Versions/A/CloudTelemetry
0x00007ff82c80b000 	/System/Library/PrivateFrameworks/AppleAccount.framework/Versions/A/AppleAccount
0x00007ff82ccf1000 	/System/Library/PrivateFrameworks/C2.framework/Versions/A/C2
0x00007ffb260f5000 	/System/Library/PrivateFrameworks/CloudCoreInternal.framework/Versions/A/CloudCoreInternal
0x00007ffb25f04000 	/System/Library/PrivateFrameworks/CloudAsset.framework/Versions/A/CloudAsset
0x00007ff82cce9000 	/System/Library/Frameworks/PushKit.framework/Versions/A/PushKit
0x00007ffb26446000 	/System/Library/PrivateFrameworks/CloudTelemetryTools.framework/Versions/A/CloudTelemetryTools
0x00007ff82ed2b000 	/System/Library/PrivateFrameworks/RTCReporting.framework/Versions/A/RTCReporting
0x00007ffb1eaa4000 	/System/Library/PrivateFrameworks/AAAFoundationSwift.framework/Versions/A/AAAFoundationSwift
0x00007ff82c9f3000 	/System/Library/PrivateFrameworks/AppleIDSSOAuthentication.framework/Versions/A/AppleIDSSOAuthentication
0x00007ff91f0a8000 	/System/Library/PrivateFrameworks/CaptiveNetwork.framework/Versions/A/CaptiveNetwork
0x00007ff82c2ae000 	/System/Library/PrivateFrameworks/EAP8021X.framework/Versions/A/EAP8021X
0x00007ffb2bf86000 	/System/Library/PrivateFrameworks/CryptoKitPrivate.framework/Versions/A/CryptoKitPrivate
0x00007ff919208000 	/System/Library/PrivateFrameworks/FindMyDevice.framework/Versions/A/FindMyDevice
0x00007ff90e089000 	/System/Library/PrivateFrameworks/FMCoreLite.framework/Versions/A/FMCoreLite
0x000000017a196000 	/Users/nenesaurio/.p2/pool/plugins/org.eclipse.justj.openjdk.hotspot.jre.full.macosx.x86_64_21.0.7.v20250502-0916/jre/lib/libosxui.dylib
0x00007ffa0e58a000 	/System/Library/PrivateFrameworks/UIKitServices.framework/Versions/A/UIKitServices
0x000000017b750000 	/System/Library/Extensions/AGXMetalG14G.bundle/Contents/MacOS/AGXMetalG14G
0x00007ff9126fe000 	/System/Library/PrivateFrameworks/IOGPU.framework/Versions/A/IOGPU
0x00007ffb1fdb5000 	/System/Library/PrivateFrameworks/AccessibilityBundles.framework/Versions/A/AccessibilityBundles
0x00007ffd15d56000 	/System/Library/PrivateFrameworks/TextInputUI.framework/Versions/A/TextInputUI
0x00007ffd15d86000 	/System/Library/PrivateFrameworks/TextInputUIMacHelper.framework/Versions/A/TextInputUIMacHelper
0x00007ff923d54000 	/System/Library/PrivateFrameworks/SafariPlatformSupport.framework/Versions/A/SafariPlatformSupport
0x00007ffd13cf4000 	/System/Library/PrivateFrameworks/SpotlightKnowledge.framework/Versions/A/SpotlightKnowledge
0x00007ffc0cf74000 	/System/Library/PrivateFrameworks/DocumentUnderstandingClient.framework/Versions/A/DocumentUnderstandingClient
0x00007ffd13cdc000 	/System/Library/PrivateFrameworks/SpotlightEmbedding.framework/Versions/A/SpotlightEmbedding
0x00007ff81504e000 	/System/Library/PrivateFrameworks/SpotlightLinguistics.framework/Versions/A/SpotlightLinguistics
0x00007ffd13e7d000 	/System/Library/PrivateFrameworks/SpotlightResources.framework/Versions/A/SpotlightResources
0x00007ff82e230000 	/System/Library/PrivateFrameworks/SpotlightIndex.framework/Versions/A/SpotlightIndex
0x00007ff91f06d000 	/System/Library/PrivateFrameworks/DataDeliveryServices.framework/Versions/A/DataDeliveryServices
0x00007ffb25d0a000 	/System/Library/PrivateFrameworks/CipherML.framework/Versions/A/CipherML
0x00007ffc2718d000 	/System/Library/PrivateFrameworks/PegasusKit.framework/Versions/A/PegasusKit
0x00007ffd14a50000 	/System/Library/PrivateFrameworks/SwiftSQLite.framework/Versions/A/SwiftSQLite


VM Arguments:
jvm_args: -Dfile.encoding=UTF-8 -Dstdout.encoding=UTF-8 -Dstderr.encoding=UTF-8 -XX:+ShowCodeDetailsInExceptionMessages 
java_command: control.Main
java_class_path (initial): /Users/nenesaurio/eclipse-workspace/BalletFullSystem/bin
Launcher Type: SUN_STANDARD

[Global flags]
     intx CICompilerCount                          = 4                                         {product} {ergonomic}
     uint ConcGCThreads                            = 2                                         {product} {ergonomic}
     uint G1ConcRefinementThreads                  = 8                                         {product} {ergonomic}
   size_t G1HeapRegionSize                         = 1048576                                   {product} {ergonomic}
    uintx GCDrainStackTargetSize                   = 64                                        {product} {ergonomic}
   size_t InitialHeapSize                          = 134217728                                 {product} {ergonomic}
   size_t MarkStackSize                            = 4194304                                   {product} {ergonomic}
   size_t MaxHeapSize                              = 2147483648                                {product} {ergonomic}
   size_t MaxNewSize                               = 1287651328                                {product} {ergonomic}
   size_t MinHeapDeltaBytes                        = 1048576                                   {product} {ergonomic}
   size_t MinHeapSize                              = 8388608                                   {product} {ergonomic}
    uintx NonNMethodCodeHeapSize                   = 5839372                                {pd product} {ergonomic}
    uintx NonProfiledCodeHeapSize                  = 122909434                              {pd product} {ergonomic}
    uintx ProfiledCodeHeapSize                     = 122909434                              {pd product} {ergonomic}
    uintx ReservedCodeCacheSize                    = 251658240                              {pd product} {ergonomic}
     bool SegmentedCodeCache                       = true                                      {product} {ergonomic}
     bool ShowCodeDetailsInExceptionMessages       = true                                   {manageable} {command line}
   size_t SoftMaxHeapSize                          = 2147483648                             {manageable} {ergonomic}
     bool UseCompressedOops                        = true                           {product lp64_product} {ergonomic}
     bool UseG1GC                                  = true                                      {product} {ergonomic}
     bool UseNUMA                                  = false                                     {product} {ergonomic}
     bool UseNUMAInterleaving                      = false                                     {product} {ergonomic}

Logging:
Log output configuration:
 #0: stdout all=warning uptime,level,tags foldmultilines=false
 #1: stderr all=off uptime,level,tags foldmultilines=false

Environment Variables:
PATH=/usr/bin:/bin:/usr/sbin:/sbin
SHELL=/bin/zsh
DISPLAY=/private/tmp/com.apple.launchd.BFcITyF0C9/org.xquartz:0
TMPDIR=/var/folders/bx/lsh7hgn913j62myzy34kmpwc0000gn/T/

Active Locale:
LC_ALL=C
LC_COLLATE=C
LC_CTYPE=C
LC_MESSAGES=C
LC_MONETARY=C
LC_NUMERIC=C
LC_TIME=C

Signal Handlers:
   SIGSEGV: crash_handler in libjvm.dylib, mask=11100110100111111111111111111111, flags=SA_ONSTACK|SA_RESTART|SA_SIGINFO, unblocked
    SIGBUS: crash_handler in libjvm.dylib, mask=11100110100111111111111111111111, flags=SA_RESTART|SA_SIGINFO, unblocked
    SIGFPE: crash_handler in libjvm.dylib, mask=11100110100111111111111111111111, flags=SA_RESTART|SA_SIGINFO, unblocked
   SIGPIPE: javaSignalHandler in libjvm.dylib, mask=11100110100111111111111111111111, flags=SA_RESTART|SA_SIGINFO, blocked
   SIGXFSZ: javaSignalHandler in libjvm.dylib, mask=11100110100111111111111111111111, flags=SA_RESTART|SA_SIGINFO, blocked
    SIGILL: crash_handler in libjvm.dylib, mask=11100110100111111111111111111111, flags=SA_RESTART|SA_SIGINFO, unblocked
   SIGUSR2: SR_handler in libjvm.dylib, mask=00000000000000000000000000000000, flags=SA_RESTART|SA_SIGINFO, blocked
    SIGHUP: UserHandler in libjvm.dylib, mask=11100110100111111111111111111111, flags=SA_RESTART|SA_SIGINFO, blocked
    SIGINT: UserHandler in libjvm.dylib, mask=11100110100111111111111111111111, flags=SA_RESTART|SA_SIGINFO, blocked
   SIGTERM: UserHandler in libjvm.dylib, mask=11100110100111111111111111111111, flags=SA_RESTART|SA_SIGINFO, blocked
   SIGQUIT: UserHandler in libjvm.dylib, mask=11100110100111111111111111111111, flags=SA_RESTART|SA_SIGINFO, blocked
   SIGTRAP: crash_handler in libjvm.dylib, mask=11100110100111111111111111111111, flags=SA_RESTART|SA_SIGINFO, unblocked


Periodic native trim disabled

---------------  S Y S T E M  ---------------

OS:
uname: Darwin 25.0.0 Darwin Kernel Version 25.0.0: Mon Aug 25 21:17:53 PDT 2025; root:xnu-12377.1.9~3/RELEASE_ARM64_T8112 x86_64
OS uptime: 13 days 12:11 hours
rlimit (soft/hard): STACK 8176k/65520k , CORE 0k/infinity , NPROC 1333/2000 , NOFILE 1048576/infinity , AS infinity/infinity , CPU infinity/infinity , DATA infinity/infinity , FSIZE infinity/infinity , MEMLOCK infinity/infinity , RSS infinity/infinity
load average: 3.92 3.60 3.71

CPU: (EMULATED) total 8 (initial active 8) (1 cores per cpu, 1 threads per core) family 6 model 44 stepping 0 microcode 0x0, cx8, cmov, fxsr, mmx, sse, sse2, sse3, ssse3, sse4.1, sse4.2, popcnt, tsc, tscinvbit, aes, clmul, clflush, rdtscp
machdep.cpu.brand_string:Apple M2
hw.cpufrequency:2400000000
hw.cpufrequency_min:2400000000
hw.cpufrequency_max:2400000000
hw.cachelinesize:64
hw.l1icachesize:131072
hw.l1dcachesize:65536
hw.l2cachesize:4194304

Memory: 4k page, physical 8388608k(44344k free), swap 4194304k(769088k free)

vm_info: OpenJDK 64-Bit Server VM (21.0.7+6-LTS) for bsd-amd64 JRE (21.0.7+6-LTS), built on 2025-04-15T00:00:00Z by "admin" with clang Apple LLVM 15.0.0 (clang-1500.1.0.2.5)

END.
